s,x,y,curvature,heading,velocity
0.0,0.21319269693106513,-16.67856938465997,0.015410020674844212,1.528626248861084,35.68073565745466
0.7492406720099584,0.24477887082131033,-15.92999480707073,0.014872126865178921,1.5425709585995855,36.320210787012925
1.4977752947989194,0.26590373096705555,-15.181758332553725,0.01415401355890488,1.5551866561920196,37.230113196101044
2.245801139036381,0.2775796938201758,-14.43382361913375,0.013255188208841978,1.566463579996572,38.47159310561261
2.9934774512731384,0.280819175832546,-13.68615432483563,0.012174006934026873,1.5763948195721114,40.0
3.74092938213231,0.27663459345604124,-12.93871410768416,0.010910059738898187,1.5849757257444386,40.0
4.48825198945949,0.26603836314254004,-12.191466625704168,0.009463372803267433,1.5922033795543278,40.0
5.235514292628998,0.2500429013439156,-11.444375536920447,0.007834121990693419,1.5980761267842507,40.0
5.982763359651662,0.22966062451204294,-10.697404499357818,0.006042573635543972,1.6025931824337118,40.0
6.73002841358286,0.2059039490988006,-9.950517171041085,0.004207455340962671,1.6057543077701917,40.0
7.47732494889335,0.1797852915560636,-9.20367720999506,0.0023937226042266614,1.607559561361857,40.0
8.224658851885255,0.15231706833570513,-8.456848274244555,0.0005799441877373957,1.608009124716013,40.0
8.972030521879448,0.12451169588960376,-7.709994021814376,-0.0012334912068329804,1.6071032027080547,40.0
9.719438991754679,0.0973815906696327,-6.9630781107293425,-0.0030462739455374655,1.6048419987881741,40.0
10.466886047478223,0.07193916912767051,-6.216064199014255,-0.004843350827977439,1.6012257648942774,40.0
11.214380346531483,0.04919684771558863,-5.468915944693927,-0.006728445084489202,1.596254925974813,40.0
11.961941534603492,0.030167042885267392,-4.7215970057931695,-0.008840896675404497,1.5899302789318208,40.0
12.709604358601455,0.015862171088580013,-3.974071040336791,-0.01145222537754759,1.5822532655281696,40.0
13.457422771914604,0.007294648777401491,-3.226301706349603,-0.014918911109945608,1.573226318263114,36.26322158097556
14.20547402497512,0.005476892403608602,-2.4782526618564154,-0.019624039525581345,1.5628532773078687,31.6187161251807
14.95386273050863,0.01142131841907812,-1.7298875648820369,-0.02585051404544294,1.5501238221485854,27.549042547504374
15.702562831047532,0.02689772235801513,-0.9813474380564402,-0.03365762935922594,1.5297230568886797,24.14355890884761
16.450843617715833,0.057623420262643776,-0.23369774255378917,-0.042846423387534464,1.4998467685069636,21.398687972059278
17.19811724863255,0.11059768418820859,0.511695849332403,-0.053008015961651236,1.4604005156621527,19.238651622198123
17.944432046348425,0.19282046248423867,1.253467506932619,-0.0636216387247496,1.4113659056583885,17.56077436833569
18.690679953821927,0.31129170350025426,1.990251399577339,-0.07406645441879282,1.3532833899933037,16.275554439550078
19.438280387712286,0.4726252467556318,2.7202362600872814,-0.08356373685525423,1.2886425740457021,15.322794479910224
20.186300103617857,0.6808925477390826,3.4386777863958056,-0.09122295506845074,1.2178146528787623,14.66543849332923
20.933324782426315,0.9391368742191233,4.139645502192867,-0.096210328628596,1.1401643408805102,14.280269232989212
21.678959777036834,1.250398603308792,4.817205596348314,-0.09789996453578885,1.0552524565122179,14.156504007940235
22.424017529509896,1.6177181121211328,5.465424257732011,-0.09611545044492685,0.9656776638991269,14.287315642880692
23.17054876380581,2.042389625749176,6.079397375459695,-0.09140840762194687,0.8880985413786173,14.650554227306598
23.919594465199175,2.5149539129909115,6.660562117335511,-0.0850551687469059,0.8281346716259843,15.187860281224598
24.669188167757877,3.0218674560365244,7.2127662270563695,-0.07873183010001356,0.0,15.785980797047591
0.0,0.18637387544643325,-11.68854452001063,0.005237319979410044,1.5667092061240968,40.0
0.748538638081479,0.18943323466947248,-10.940012133923014,0.0054097766813735754,1.5698506741292702,40.0
1.4970279524978092,0.19014104547934885,-10.191523154178299,0.005639732504591768,1.5734217150849774,40.0
2.2454616083451926,0.18817611878064966,-9.44309207768017,0.005927170543311615,1.577422535434773,40.0
2.9938367139514726,0.18321726547796402,-8.694733401332302,0.00626462994009464,1.5818533144360312,40.0
3.742154236297919,0.17494329647587747,-7.94646162203839,0.006586425867165406,1.5867141819774637,40.0
4.49041941664253,0.1630330226789809,-7.198291236702111,0.006711043475647097,1.5920051939840791,40.0
5.238642186114005,0.14716525499185984,-6.4502367422271485,0.006330956255168766,1.5977263054229587,40.0
5.986837580962577,0.1270188043191034,-5.702312635517182,0.005004796854457651,1.6038773409379197,40.0
6.735026157062547,0.10227248156529534,-4.954533413475899,0.002313522407358673,1.6104579631591749,40.0
7.483234403162546,0.07260509763503009,-4.206913573006981,-0.0021361377984707042,1.6164528626403043,40.0
8.231484069882459,0.03845447739545449,-3.4594436412480425,-0.008506834668517075,1.6158014038362472,40.0
8.979714352259323,0.004791682335367753,-2.7119709850963236,-0.016731300633674808,1.606261966161133,34.24298944626774
9.727865755415365,-0.02173642347769089,-1.9642900493715152,-0.026518923729805136,1.5878297685864082,27.19965316347795
10.476069149383997,-0.034480286169438656,-1.2161951939488396,-0.03757110094205408,1.5605258367927262,22.851607778910438
11.224823054673141,-0.0267903518655892,-0.4674807787035157,-0.049428163368749584,1.5244002848389662,19.923143895053908
11.974930792722816,0.007999193798163162,0.28181976593428776,-0.061565480038068186,1.4790553371117094,17.851607906353628
12.725246087876082,0.0767373453865332,1.0289797947481605,-0.07337134834233207,1.423805976646559,16.35246739603076
13.473914748592373,0.18638855937308385,1.7695750788338749,-0.08419026948695892,1.3581414044859355,15.265673603416484
14.220307739766746,0.34391909805097853,2.499154839146672,-0.09337672298304074,1.2817281222429076,14.49532181826266
14.965332335956035,0.5562952237133789,3.2132682966417967,-0.1004080852411766,1.1962497545122501,13.978578067920763
15.711246713516616,0.829188426526791,3.9074711189565914,-0.10503580352613608,1.1107057671259362,13.667174929412118
16.45887403931354,1.161156828298573,4.5773543912536,-0.10734885003783168,1.0275472576002684,13.519131128021948
17.207871317439256,1.5483285221904426,5.218521297829911,-0.10772028493311116,0.9460130328754363,13.495803272302242
17.95754621740901,1.9868295031102283,5.826575033429854,-0.10665370215906868,0.865291627740174,13.563116680159505
18.706995128784655,2.4727857659657495,6.397118792797734,-0.10462430494574423,0.7850836291947505,13.694025527430666
19.45552435264964,3.0022423097289277,6.926242376893424,-0.10200448866129734,0.7075088507507118,13.868763143978134
20.203686565735524,3.5708331245917337,7.412504839297442,-0.09903316502487476,0.6331516589031216,14.075277936178821
20.951954896194454,4.17406214650966,7.855246571556485,-0.0958257927820554,0.5616642804983908,14.308892634686293
21.70029332049898,4.807433260273972,8.253808272601042,-0.0924324882968873,0.492607631854908,14.569170642841028
22.448239200628972,5.466450350675929,8.607530641361587,-0.08892789934574089,0.42563661962252636,14.853474088039716
23.19523266505991,6.146794112707823,8.915964753234483,-0.0854696061916763,0.3614176616559812,15.150993415084999
23.94195458795073,6.845275169205994,9.180006120900542,-0.08231109716617718,0.30031477375108817,15.438946706710388
24.68927578015661,7.559148820533715,9.401079353699188,-0.0797859903373626,0.0,15.681350423382286
0.0,0.09856206425201997,-6.645898943179392,0.02917056780380413,1.5268958024496506,25.934006552224748
0.7485445467280486,0.13141300794615596,-5.898075599110284,0.02434575859379396,1.5706166372975798,28.387616316405506
1.4967531536864846,0.13154745317390493,-5.149867004231045,0.0179107277840917,1.6022524020245816,33.09640034859248
2.2455036033518763,0.10799858668972462,-4.401486962566761,0.009859376291569947,1.6217971875666328,40.0
2.9948155896944066,0.06979959524806745,-3.653149278142524,0.00019029403462467268,1.6293005494516017,40.0
3.7441791870106047,0.025983665603392936,-2.9050677549834196,-0.011017107535444355,1.62478215026964,40.0
4.492881514836272,-0.014416015489846501,-2.157456197114537,-0.02352625361988898,1.6081991535934184,28.877785384279278
5.240332073437373,-0.04236626127719667,-1.410528408560968,-0.03694385238997216,1.5794654953763603,23.044778261398122
5.986390323286327,-0.04883388500419805,-0.6644981933477977,-0.05059883853809764,1.5385245747178666,19.691324812139715
6.731697233348456,-0.024785699916401782,0.08042064449988434,-0.06274206366485989,1.4854771614472788,17.68343543400313
7.478005565950184,0.03881148074065166,0.8240143009569886,-0.07286088386253688,1.4220047615962328,16.409649451243236
8.227779934149844,0.1499604010724216,1.5655043688056962,-0.08092620516440081,1.3556252889455425,15.570488224495149
8.98045993209006,0.31066851340045787,2.3008274827707362,-0.08724364017289303,1.288310913400813,14.996162009108424
9.734243579987531,0.5207807397783188,3.0247353775779127,-0.09237201687724823,1.2193066775783206,14.57393867099679
10.487542431548112,0.7801390954218981,3.731978195229919,-0.09693910878673924,1.147883000966306,14.226489581086106
11.239083215518454,1.0885855955470856,4.417306077729441,-0.10139634881988933,1.0733501969788206,13.910290556462696
11.988013605587108,1.4459622553697722,5.075469167079159,-0.1058709537977991,0.9950815762156551,13.613162779685801
12.734014935257823,1.8521110901058444,5.701217605281769,-0.11014847934519302,0.9125516416091453,13.346219928539192
13.477420690146227,2.306874114971195,6.289301534339955,-0.11376724883069482,0.8253909258355444,13.132244648787317
14.219336753386425,2.81009334518171,6.8344710962564035,-0.11621029123558703,0.7334554881915116,12.993475688407724
14.961755639792502,3.3616107951584464,7.331476433515067,-0.11713110948130959,0.6386446669560202,12.942301689208536
15.707121072416344,3.960067995270977,7.775794571546814,-0.11646639326335215,0.5476593892955213,12.979182044920677
16.456011074404014,4.599429534114611,8.165734384498238,-0.11442860841673941,0.4612844426280598,13.094239968021544
17.207664397847335,5.272521204219624,8.50029427790842,-0.11140572663083949,0.3784338447671122,13.270698870202144
17.960585354133887,5.9721687981162725,8.77847265731646,-0.10780294164084751,0.2979340830559546,13.490628449574617
18.712751360162503,6.691198108334829,8.999267928261437,-0.10393209510294046,0.2191117863639987,13.739551971489893
19.462537788670954,7.423057817304128,9.162243554545958,-0.0999971259718946,0.14345615604845663,14.00727228663915
20.210859246895104,8.163692368089578,9.269227044027067,-0.0961146576381682,0.07144300090763482,14.287374566979665
20.958745908106785,8.909671195946553,9.322612869931426,-0.0923552093964212,0.0029183729488669236,14.575264732628257
21.70664163316532,9.657563736130548,9.324795505485792,-0.08879521165878264,-0.06238891646744622,14.864567677319165
22.454472268250136,10.403939423897034,9.278169423916927,-0.0855498054840368,-0.12494112788918837,15.143890128040207
23.20188892080508,11.14552996766238,9.185029110871195,-0.0827685742772202,-0.1856578206620889,15.396221156162605
23.94923436826212,11.8800323091166,9.047074305833341,-0.08061637128190831,-0.24487739692143767,15.600380283716902
24.69700923389378,12.605498848932676,8.865785725724889,-0.07925655319188572,0.0,15.733638630943888
0.0,0.1287468467197428,-1.6774411593592216,-0.09872581318981256,1.6972396497615194,14.097170169242785
0.7464245932189838,0.03461773081245667,-0.9369755066104677,-0.09889459275477429,1.6225160893107196,14.085135607288096
1.4943942354663338,-0.004049837207940499,-0.19000602603778965,-0.09920924258589989,1.5486667045188858,14.06278204282701
2.243370679247054,0.012523375803118242,0.5587870307869273,-0.09972365106978057,1.475111756368568,14.026465208258742
2.9927348600240857,0.0841166029902034,1.3047234122917917,-0.10058538940732961,1.4012684112849771,13.966252576841157
3.7418735736046433,0.21050907749788195,2.0431228669049153,-0.10184985001600064,1.3265625370480374,13.87928752013793
4.49026597384495,0.39148003247072083,2.7693051430544138,-0.10347291913267824,1.2504417023514929,13.770003550895344
5.237570848165852,0.6268087010532923,3.478589989168394,-0.1053196380822263,1.1723915905087134,13.64874628281644
5.98371526218772,0.9162743163901652,4.166297153674975,-0.10718100554709557,1.091957748707646,13.529712307291966
6.728984436998256,1.2596561116259037,4.827746385002262,-0.10872402634408185,1.008773947655542,13.433362697063712
7.474111600098141,1.6567333199050802,5.458257431578369,-0.1097091838612583,0.923142896649639,13.37291333405234
8.2202412274142,2.1068857657849387,6.0532970909517445,-0.11007269634038619,0.8385776436084187,13.35081340844725
8.9679309197511,2.6067322495673624,6.609348679095503,-0.10994368872087386,0.7561172726005475,13.35864394453354
9.717056250429556,3.151724998786835,7.123325005751029,-0.10960879510210031,0.6751008282828511,13.379035884173941
10.467189658773552,3.7373120980826124,7.592140405937648,-0.10941818844568586,0.594819637430293,13.390683858009641
11.217723735573289,4.358941632093951,8.01270921467467,-0.10964333707718749,0.5145461584230402,13.37692827542791
11.96799131162091,5.012061685460102,8.381945766981412,-0.11037108639394422,0.4335532205979897,13.332754285832973
12.717384764894737,5.692120342820318,8.696764397877189,-0.11147047635043988,0.3511332342304376,13.266844077588903
13.465476000130211,6.394565688813857,8.954079442381307,-0.1126272873456397,0.2666212810305709,13.19853600328099
14.212138231593233,7.11484580807997,9.150805235513097,-0.11344129497913132,0.1794256433357292,13.151097561353811
14.957669704636302,7.848408785257914,9.283856112291867,-0.11356071516210052,0.08995632952592926,13.14418097166681
15.7029150359301,8.590640834133524,9.35080526790355,-0.11277750356473687,0.002635414979798628,13.189743127202217
16.448872038617104,9.336595246332623,9.352771171887046,-0.11106353089657292,-0.08135390662587755,13.291127012220365
17.19596154306502,10.081213823742468,9.292059543409685,-0.10854858524592764,-0.16257113806396925,13.444214016296131
17.944050008977236,10.819438288069618,9.170976955479853,-0.10544566230035102,-0.2416788050112324,13.640587718177223
18.69257608363918,11.546210361020611,8.991829981105917,-0.10198219730040536,-0.3190250930786051,13.870278769692929
19.44093001808849,12.256803583278293,8.757115508422181,-0.09837626740779266,-0.3931716262663767,14.122192398316779
20.189478735520044,12.948236981402651,8.470331550839777,-0.09482070877368588,-0.46376123189167767,14.384527896102389
20.9384525905354,13.618101500218279,8.13530414609731,-0.09147317027534768,-0.5311615756524254,14.645367097657997
21.687550802125276,14.263988415884265,7.755859521970642,-0.08846013121367238,-0.5958235748521509,14.892693692104194
22.43602333075236,14.883489096141972,7.335823769599896,-0.085888910462006,-0.6584573128201746,15.113965499444342
23.18320151465715,15.474460070932633,6.87862737256878,-0.08384830983720101,-0.7200283184201655,15.296770656273514
23.929616002531862,16.03560482140777,6.38643720939659,-0.08240801890540658,-0.7807348765270055,15.429865116990118
24.675946719355412,16.565795567318624,5.861168409804564,-0.08162615006705891,0.0,15.503586783456194
0.0,0.618987752047035,3.1581960490582563,-0.13662431854309448,1.2913751873821786,11.983506278728148
0.7611180624695647,0.8289035696131073,3.8897943367496586,-0.13509771316814823,1.180949194323392,12.051022445853578
1.5142555165819833,1.1151312162951452,4.586421754428433,-0.13307715488826577,1.0750348691733171,12.142164606139811
2.2628360427351053,1.4712321496326304,5.244878229384718,-0.13057523924589245,0.9737110225473199,12.257938085196065
3.009029482185264,1.890767827165038,5.8619636889086655,-0.12762996012393155,0.8766391315091832,12.398566718589437
3.753915605962718,2.367299706431843,6.434478060290422,-0.1242962085063349,0.7832421957200703,12.563736342292467
4.497890847620456,2.894502611109746,6.959412587159128,-0.12065763671160036,0.6934375301191659,12.751764821299767
5.242117667566817,3.466852737780557,7.435110907554922,-0.11682389898851149,0.607171798728632,12.959307483564402
5.987697948248327,4.07917166891245,7.860499531660708,-0.11298360685868523,0.5240601689803865,13.177707459503813
6.735116171272734,4.726282341500185,8.234507255554231,-0.10966738081708695,0.4435822517902715,13.375461813480113
7.484352594130401,5.403007692538523,8.556062875313224,-0.10704619711209667,0.36512682314824146,13.53822885662999
8.235013851905938,6.104184222363599,8.824099809237667,-0.10521283618198228,0.288037984095,13.655671903775168
8.986563720468636,6.8247725462932305,9.037593772508044,-0.10423293852287516,0.21167020745669388,13.719709870627309
9.7383703105626,7.559799850378246,9.19554316680326,-0.10413786153437045,0.13537147415683626,13.725971371300727
10.489738483259064,8.304293955537652,9.296946610157608,-0.104915417821112,0.05848698498693502,13.675013839721055
11.240010081965549,9.053282682690456,9.340802720605367,-0.10646977775936181,-0.019626584638101206,13.574826520868736
11.988665439481382,9.801793852755663,9.326110116180828,-0.10857711696493606,-0.0995841177337107,13.44244749211075
12.73542662837329,10.544855286652279,9.251867414918278,-0.1108889465418796,-0.18194951467197765,13.301585625957676
13.48036295804388,11.277494805299309,9.117073234852008,-0.11297960449647422,-0.26720515928797917,13.177940868997009
14.223998056158425,11.994740229615763,8.9207261940163,-0.11442407848693119,-0.355712117406726,13.094499156836111
14.967416125350013,12.691619380520647,8.661824910445446,-0.11489978052579729,-0.4468294403556578,13.06736469973984
15.71220277453032,13.36328411161331,8.339996319727577,-0.11426741789946768,-0.5355851568926189,13.103472280562992
16.45917642624638,14.00565915119952,7.958782541284769,-0.11258804832686782,-0.6206101254716144,13.200835749542849
17.208149297341613,14.614966408025552,7.5232311339678235,-0.11007382393023209,-0.7027122190645578,13.3507450264156
17.958336580708497,15.187428410082827,7.038392793563557,-0.10698719067110357,-0.7827922107001088,13.541961663879626
18.708518507646055,15.719267685362759,6.509318215858802,-0.10355757622946672,-0.8614626660353898,13.7643740467862
19.457505117448573,16.207103860702702,5.940990134823589,-0.0999659640749698,-0.9371990686090628,14.009455303640854
20.20578044209287,16.650118488308035,5.337952821550824,-0.09635032670418052,-1.0093281033214392,14.269890875892578
20.954032734621755,17.048510145731576,4.704576487472847,-0.09281945043651652,-1.0781049221565961,14.53876998483384
21.70238508709653,17.402479981916976,4.045230903939135,-0.08947557410824748,-1.1438905445698864,14.807946197923371
22.450469789187785,17.712229145807882,3.3642858422991777,-0.08643704867429756,-1.2072320970301929,15.065967436877013
23.197805152701875,17.977987385397874,2.6657998341008993,-0.08383857356261142,-1.2689024658730357,15.297658836099933
23.944838866520875,18.20010213518068,1.9525506437675826,-0.08181915797362625,-1.3291178180387444,15.48529006017819
24.69212066121097,18.37895109737178,1.2269866359788701,-0.08051262461500677,0.0,15.610428063956018
0.0,3.3700771196445087,7.179842537555013,-0.13521976598870883,0.736912454624298,12.045582477642787
0.7601505011468306,3.9330042396532345,7.690667206059246,-0.13370768275230072,0.627685787202264,12.113501470405382
1.5125790710780942,4.542011459113245,8.132548365981677,-0.13171320816637333,0.5229326606216709,12.204870869872746
2.260620237654646,5.190083109416339,8.506137341952105,-0.12925276122277327,0.42272422525992615,12.320487903675822
3.0063869743970555,5.87020352195432,8.812085458600318,-0.1263745597193387,0.3267293378435776,12.459997508215753
3.750928894739111,6.575357028118981,9.051044040556105,-0.1231380830735768,0.2343740058843892,12.622679167391615
4.494621935861966,7.2987174339055,9.22375496306804,-0.11962606473054833,0.14547931900776662,12.806627517547588
5.238564539839035,8.034801425657417,9.331601868905649,-0.1159433673059583,0.059940889941411904,13.008423701090733
5.983807311615731,8.778705803023197,9.376245639147914,-0.11227003075418092,-0.022621802779647305,13.219518792920292
6.730822307997776,9.5255296666028,9.359348254507093,-0.1091184050243305,-0.10271482582651602,13.409065335067142
7.479611274189803,10.270372116996148,9.282571695695445,-0.10664675132549481,-0.180922963460157,13.56355866524385
8.229824570099655,11.00834045850365,9.147580154136014,-0.10494085926200218,-0.2578333080837108,13.673356097292634
8.980930874779585,11.7346187367279,8.956058501288203,-0.10406491407914877,-0.3340626999700938,13.730781300111426
9.732281139892786,12.44443289412271,8.709702898860385,-0.10405352367323678,-0.4102644099718053,13.731532804645406
10.48316973700761,13.133009297214612,8.410209622838892,-0.10490007039185209,-0.48709367852092966,13.67601415664291
11.232934729972113,13.79557431253015,8.05927494921005,-0.1065136202688907,-0.5651932651954762,13.572032464451325
11.9810592244402,14.427354306595854,7.658595153960191,-0.10867289603780445,-0.6451763755449423,13.436522476934126
12.727274527578208,15.02357564593827,7.209866513075651,-0.11102952203865273,-0.7276038331400999,13.29316240498362
13.471665582203633,15.579464697083932,6.714785302542746,-0.11315647208970663,-0.8129531159665057,13.167638137289684
14.21477794166975,16.090247826559374,6.175047798347815,-0.11462751099719919,-0.9015780639752606,13.0828745193412
14.957723772014047,16.551151400891147,5.592350276477185,-0.11512081936582266,-0.9928446117904456,13.054813721373344
15.702119200250243,16.957821676100465,4.968857020025982,-0.1145006087325806,-1.0817591737397039,13.090122394126924
16.448777152361487,17.308583750804427,4.309718139060574,-0.11283350259174965,-1.1669151271765807,13.186469729306948
17.197476680660163,17.60281534454682,3.621256990615384,-0.11033782028465033,-1.2491356974788832,13.334763983939304
17.947396011361736,17.839896682294047,2.9097997242585913,-0.1072806787639299,-1.3293372611958376,13.523425757075762
18.697277211705675,18.01920798901249,2.181672489558369,-0.10389125944470405,-1.4081683064444983,13.74225192493135
19.445881307650446,18.14041605538677,1.4429460874912063,-0.10034363571995993,-1.484150292717385,13.983066439639975
20.193670269403057,18.205127961120525,0.6979623960083954,-0.09676307019649273,-1.5565820670031014,14.23942451219615
20.94136194551672,18.215755486967133,-0.049653747626851874,-0.09324236865565164,-1.6257116515186563,14.505761210387462
21.689115229904118,18.17471300838696,-0.7962798182031059,-0.0898683064977451,-1.6918942319763337,14.775555119157021
22.436602849406857,18.084414900840397,-1.5382932905089535,-0.08675015331167905,-1.7556293221090413,15.038754609305695
23.18337291158173,17.947171724485344,-2.2723435859960155,-0.08402502354252749,-1.817528562512089,15.280677000752583
23.929900275557902,17.76484251891674,-2.9962628950090657,-0.08184686704561983,-1.877767029214931,15.48266861532822
24.67675526035926,17.539163600988424,-3.7082048830427414,-0.08037407934084354,0.0,15.623876385587947
0.0,7.842901632881473,9.168002352203665,-0.1353575476309137,0.18843533001677776,12.039450309701488
0.7604137746800055,8.589854969571185,9.310444696789816,-0.1338442455335489,0.07906619869743266,12.107320168931313
1.5130772401409907,9.340167036193783,9.369892950929575,-0.1318479703348672,-0.025824585070102126,12.198632006765715
2.2613368402518894,10.088177139567694,9.350571604996306,-0.12938507555383083,-0.126164728664851,12.314186630183588
3.0073134720714996,10.828224586511364,9.256705149363393,-0.12650358020404517,-0.2222859981183607,12.453641987268824
3.7520613252191675,11.554648683843222,9.092518074404198,-0.12326296420715971,-0.3147636316403845,12.616283405460628
4.4959590859652225,12.261998437520427,8.862213483881575,-0.1197460342386066,-0.40377405371157077,12.800210699708918
5.240109272224181,12.946307602152336,8.569843056324304,-0.11605769998447184,-0.4894210424405239,13.002014640856673
5.985565088431157,13.604250769334858,8.219393113144625,-0.11237807710894138,-0.5720868017393754,13.2131623414691
6.732799198083611,14.232505061619092,7.814849717629963,-0.10921998085189548,-0.6522795745257429,13.402828649956092
7.481812560617126,14.827747601556148,7.360198933067739,-0.10674184642237551,-0.7305858021713029,13.557515565555407
8.232254191651869,15.386664236738628,6.859424696004391,-0.10502966956047464,-0.8075879104091518,13.667574016450606
8.983592469229682,15.906021915627441,6.3164911745371475,-0.10414800677418298,-0.8839010658741739,13.725302825978531
9.7351773290453,16.382631638379618,5.735351799101139,-0.10413199230795334,-0.9601806612357013,13.726358182900302
10.486300892369409,16.813304843522673,5.119959893278097,-0.1049754553012303,-1.0370842578843618,13.671102816101731
11.23629821598348,17.19485296958415,4.4742687806497425,-0.1065871412896265,-1.1152570419182497,13.567350884516046
11.98464911645801,17.524087455091557,3.802231784797791,-0.10874427330886048,-1.195314693829023,13.432112079568792
12.731081813064339,17.79781973857243,3.1078022293039727,-0.11109577070751907,-1.2778204815152527,13.289198357987726
13.475678864688723,18.012861258554295,2.394933437750005,-0.11321099644378259,-1.3632541697028961,13.16446690344589
14.21898467218551,18.166023453564677,1.66757873371761,-0.11465992457064761,-1.4519715310838868,13.081025185360957
14.962112026188862,18.254117762131102,0.9296914407885151,-0.11511832177320877,-1.5433169551873172,13.054955337172395
15.706679843847612,18.274575442999527,0.18540472292597066,-0.11445084422734106,-1.632244061401849,13.092967925683562
16.453515041265188,18.2287129861406,-0.560020958918042,-0.11272787354712574,-1.7173538735378169,13.192646266076954
17.202411821214596,18.119349001535014,-1.3008893047729464,-0.11017413936200757,-1.7994662864599213,13.344665656984654
17.952552693625904,17.949305338232932,-2.031503074854519,-0.10706439100093958,-1.8794957900841447,13.537078515265332
18.702673217096788,17.72140384528451,-2.7461650293785524,-0.10363550003550755,-1.9580901901098269,13.759198389056916
19.451526944698116,17.438573702327595,-3.4395545415413604,-0.10006824335902045,-2.0338214668204553,14.00229404545556
20.199575512510847,17.104452755908486,-4.108837630354068,-0.09649275780489083,-2.106029356707695,14.259355340321354
20.947527587909587,16.722966162000816,-4.752188456701562,-0.09300470964685743,-2.174961198093651,14.524282790074475
21.695538465395394,16.298039895570415,-5.367784055235704,-0.0896921335844046,-2.2409695269853236,14.790058880645592
22.443282324981155,15.833599931583123,-5.953801460608353,-0.08666299503601911,-2.3045692421655994,15.046314972337479
23.190311826685086,15.33333193265938,-6.508585207368169,-0.08404844309517574,-2.366444746661363,15.278547947074058
23.937082154476155,14.799900794105563,-7.031191314192763,-0.08199132163242394,-2.4267941618171593,15.469023871465135
24.684144435801805,14.23570043004716,-7.52086467611462,-0.08063502833076885,0.0,15.598575421170345
0.0,12.767883658985676,8.497813749538889,-0.1355078792333963,-0.3690527212014254,12.032770259955166
0.7603706844544071,13.477058188251638,8.223523638856667,-0.13399942876509494,-0.4784878625095037,12.100307514690963
1.5129597054747541,14.145125578495701,7.877003514400886,-0.13200789901142915,-0.5834646038505461,12.191240450865601
2.261119746669558,14.769509235145875,7.4648281918150134,-0.12954881883809027,-0.6839091352918291,12.306401968945087
3.0069806737203866,15.347632563630164,6.993572486742524,-0.1266678325624186,-0.7801514084323505,12.445565005851401
3.75160807669898,15.876918969376582,6.4698112148268905,-0.12342355223436265,-0.8727617535300404,12.608073193345286
4.495391767338031,16.35495856726446,5.899993418235872,-0.11989889134255355,-0.9618919311259475,12.792048777632164
5.2394362930021465,16.780529049835646,5.289672174516741,-0.11619923311760862,-1.0476365259757394,12.994093931439757
5.984791887533511,17.152923454352926,4.644011760844489,-0.11250515975085285,-1.1303814388239366,13.205697692290046
6.731923945352346,17.471436907392054,3.9681748781178214,-0.10932991383596576,-1.2106395590541048,13.396088637160084
7.480822755430263,17.73536453552876,3.2673242272354432,-0.10683282941742224,-1.2890020959732575,13.551741336022621
8.23112624527354,17.94400859842289,2.546614173267808,-0.1051000543190324,-1.3660502805624948,13.662996754998991
8.98230952861904,18.09673806967611,1.8111211183798368,-0.10419567433945535,-1.4423939275484132,13.722162962754167
9.733737697953062,18.19295833992924,1.0658789072423485,-0.10415413350203,-1.5186848542619753,13.724899137610672
10.484715099691954,18.232075168249295,0.31592095397785,-0.10496899507577638,-1.5955776136042177,13.671523493684486
11.234585621486694,18.21349431370328,-0.4337193272911428,-0.10655016272989945,-1.6737148817948093,13.569704953495227
11.98283412971707,18.136621535358195,-1.1780085224421195,-0.10867785441011152,-1.7537104051170007,13.436215958976984
12.729189669548473,18.000862592281056,-1.9119132173525728,-0.11100549244993979,-1.8361263078238055,13.294601113357277
13.473730908915822,17.805623243538854,-2.6303999978999872,-0.11310763018846597,-1.9214423631634674,13.170480816345078
14.216993129502756,17.550309248198605,-3.328435449961856,-0.11455894659393027,-2.010015993955551,13.086788999638184
14.960074308819307,17.234326365327313,-4.000986159415666,-0.11503771659725441,-2.101216626539613,13.059528200714281
15.704575297351173,16.85768634227034,-4.643188631348444,-0.11440756357358499,-2.1900637119837643,13.095444220337448
16.45131179690389,16.424251545436878,-5.251259085044545,-0.11273421954015164,-2.27515704495652,13.192274946360934
17.200075751263103,15.939391833314797,-5.821836440806705,-0.11023530810709219,-2.3573137217387123,13.340962749418857
17.95005871995671,15.408480573976957,-6.35156060302586,-0.10717791481866616,-2.4374441737462016,13.52990738467765
18.70001558141547,14.836891135496234,-6.837071476092944,-0.10379210777692562,-2.516191774725585,13.748814219735827
19.448718881256603,14.229896031358448,-7.275379101791788,-0.1002534911868716,-2.592093431036789,13.98935151356309
20.196627782296687,13.592089667775806,-7.66598218271726,-0.09668898940386164,-2.664463380625742,14.244878364693175
20.944449509038847,12.927786983718853,-8.009405069174106,-0.0931927224564875,-2.7335516855229476,14.509624453566275
21.6923359603695,12.241302046797992,-8.306175309367964,-0.08985210020411603,-2.799714423199827,14.77688755058036
22.43995639079755,11.536948924623617,-8.556820451504477,-0.08677574875463172,-2.863455754154841,15.036536549863467
23.186858550724633,10.81875122421728,-8.761893364476402,-0.08409820058776958,-2.925404568614783,15.274027483674233
23.93351010896682,10.089480049315778,-8.922056103224433,-0.0819689060423621,-2.985742189204862,15.471138815913996
24.680474485613896,9.351568971516986,-9.038000146803979,-0.08054045401743036,0.0,15.607730903696632
0.0,16.542014275084597,5.3985236291304215,-0.13544859581261282,-0.9181323620900071,12.035403216301182
0.7604461576164931,17.00383702499929,4.794372897694201,-0.13393232950737505,-1.0275843491753702,12.1033382016369
1.51312229777217,17.392886497386257,4.1500423303647676,-0.13193164704047772,-1.1325499405315205,12.194762974870356
2.2613813983454363,17.710411912352924,3.472495806175499,-0.1294625843728717,-1.2329560965236308,12.310499875459577
3.0073474299778793,17.957662490006776,2.768697204159772,-0.1265723577702018,-1.3291352608771854,12.450257990873009
3.752074667314334,18.135887450455265,2.04561040335096,-0.12332000609850781,-1.4216634189182102,12.613365249307833
4.4959413018212295,18.24641169118205,1.310000478088676,-0.11978842512667805,-1.5107113356035926,12.797945640369685
5.2400572167024935,18.2910949920565,0.5672273650840765,-0.11608312077805275,-1.5963782645479554,13.000590933527102
5.985483015075463,18.272027635567753,-0.17795453002376205,-0.11238537552615714,-1.6790449608137676,13.212733300418789
6.732695215956071,18.191300807651416,-0.9207931749523957,-0.10921047579257354,-1.7592191794473666,13.403411884953577
7.481695225475747,18.05100569424311,-1.65653653741938,-0.10671850413333513,-1.8374890115119027,13.558998172445296
8.232129452119475,17.853234389956825,-2.3804412547125278,-0.10499640345549505,-1.9144507258496362,13.669738979249672
8.983463334238845,17.60008742039893,-3.0878444030121495,-0.10410889967125032,-1.9907267251055691,13.727880421556263
9.73504505285509,17.293669883968747,-3.7741266868620302,-0.10409053814083681,-2.0669721630389937,13.729091152915533
10.486165576657495,16.936086924348828,-4.434669242846622,-0.10493410842640392,-2.1438441912560973,13.67379591717714
11.236159278829419,16.529443685221715,-5.064853207550389,-0.10654741427036925,-2.2219875253401757,13.569879970386117
11.98450563935646,16.07584531026995,-5.660059717557788,-0.10870721357489907,-2.3020173413660903,13.434401456174346
12.730932769086271,15.577396943176083,-6.215669909453276,-0.11106257170286403,-2.384496392046686,13.291184406097099
13.47552322913151,15.036203727622663,-6.727064919821317,-0.11318353848004033,-2.4699039413223587,13.166063621247607
14.218821415538017,14.454370807292221,-7.189625885246366,-0.11464100413035377,-2.558595307672471,13.082104582685542
14.96193998909558,13.834003325867311,-7.598733942312885,-0.115111232730957,-2.649918118823823,13.055357317496199
15.706497109693172,13.177643804176807,-7.950241387637719,-0.11445842523367082,-2.7388395619980894,13.092534324361033
16.453316153501486,12.490581187133568,-8.242959074934644,-0.11275143969559888,-2.8239633964168838,13.191267510511542
17.202189121394504,11.779167963723005,-8.47684354983088,-0.110212671538854,-2.9061097181023583,13.342332716068857
17.952299867331362,11.049758939335776,-8.65185385327734,-0.10711428641880613,-2.986192709102244,13.533925291824218
18.70238867626272,10.308708919362543,-8.76794902622496,-0.10369107311244136,-3.0648560295271086,13.755510819476164
19.451216341148893,9.562084912201959,-8.825355155081986,-0.10012281663558993,-3.1406477385748017,13.998477494877184
20.199248366368444,8.81405322092796,-8.826061981669127,-0.09653995357315813,3.070286923883271,14.255869444050374
20.94719286291692,8.068009383395951,-8.772774437180098,-0.09303951709261882,3.001328740976751,14.52156569168934
21.69520160195547,7.327346737545776,-8.668199494099756,-0.08971137033996254,2.935308704385274,14.788473101562193
22.442942721452873,6.595458621317288,-8.515044124912958,-0.08666521889808743,2.8717097575598998,15.046121926279767
23.189963283571934,5.875478616077633,-8.31587456829402,-0.08403371418419629,2.809846556011392,15.279886837287627
23.936720916071973,5.169437875612903,-8.07265977741756,-0.08196091608880902,2.7495219532184194,15.47189288972057
24.683769857812877,4.47907514113193,-7.787210278913605,-0.08059116720757972,0.0,15.602819493513822
0.0,18.143218602478505,0.7867608129296352,-0.13530016617293475,-1.4665492022091828,12.042003014901173
0.7603313736786904,18.22233747644562,0.030557135616240932,-0.133794890163391,-1.5758111359552693,12.109553070741903
1.512905855336756,18.21856347485948,-0.7220078830731305,-0.13180845452620266,-1.6806253773830238,12.200460413867829
2.261067076463149,18.13655873317088,-1.4656613205948845,-0.12935693522817784,-1.7809176895823193,12.31552596192896
3.0069410547504902,17.980985386830646,-2.1951302544054254,-0.12648736660278814,-1.8770153893819372,12.45444013148008
3.751593677418884,17.756505571289573,-2.905141761961157,-0.12325912535456457,-1.9694869198291676,12.616479866704939
4.4954160638277,17.46774482095116,-3.5906262414257935,-0.11975506656272143,-2.0584978335536737,12.799727977475342
5.2395034480865466,17.119067994644894,-4.247962157233047,-0.1160798413296821,-2.1441513517401254,13.000774574794459
5.984896486168313,16.714726853913703,-4.874156235081892,-0.11241258746741538,-2.2268337803802813,13.211134001384456
6.732056896513966,16.258972702209054,-5.466217745392992,-0.10926341210086335,-2.3070568264224427,13.40016465610477
7.480976639827397,15.756056842982403,-6.021155958587015,-0.10678952332051611,-2.385408132554529,13.554488834206996
8.231299264446555,15.210227676494327,-6.535990458233566,-0.10507584474203696,-2.4624547647831005,13.664570633251495
8.982501338413366,14.625706435866437,-7.0078373350769665,-0.10418619193587315,-2.5387999989989045,13.722787397122318
9.733946253960285,14.006699518267341,-7.433865382352943,-0.1041556241785999,-2.6150960587132372,13.724800922739876
10.484937151009076,13.357413170561665,-7.8112439272295315,-0.10497877478946475,-2.6919978870053742,13.670886672450312
11.234817303686304,12.682053639614038,-8.137142296874769,-0.1065664026410362,-2.770148461043664,13.56867096376945
11.983071624500731,11.98482717228908,-8.408729818456704,-0.10869903336458349,-2.850161713607296,13.434906948944192
12.729429939401795,11.269940015451409,-8.623175819143375,-0.11102982717678304,-2.9325997931615686,13.293144138644386
13.47397251211205,10.541598415965659,-8.77764962610282,-0.11313267522601729,-3.0179422646945024,13.16902292397373
14.217237113313498,9.804008620696447,-8.86932056650308,-0.11458156234557784,-3.1065460237457057,13.085497432363793
14.960325165785807,9.061376876508401,-8.895357967512203,-0.11505467146438653,3.0854104987003845,13.058565924276413
15.704841177255348,8.31803556402435,-8.853551454993172,-0.11441658016527526,2.996549938643188,13.09492822183579
16.451602147615294,7.579115783250859,-8.745618584955436,-0.11273502242506317,2.9114557359708977,13.192227969817262
17.200399508920743,6.850060335778217,-8.574809794758709,-0.11023031590595221,2.829309933713697,13.341264841500653
17.950422160820377,6.136312735045831,-8.344379022483556,-0.10717231095979184,2.7492010708170924,13.53026110474005
18.70042039444217,5.443316494493105,-8.057580206210549,-0.10379307791534394,2.670481799958905,13.748749966146814
19.44916109157372,4.776140128888634,-7.717744468360844,-0.10026877006748126,2.594590948010265,13.98828564009781
20.197098301358768,4.137336039526902,-7.328720812016183,-0.09672520332932642,2.522202063064761,14.242211500705324
20.944936926015597,3.5284216059638,-6.894571274267789,-0.0932540570015651,2.453064848505997,14.504852124739793
21.692831048562155,2.9509110129696614,-6.419358549775648,-0.08993974766556022,2.3868237934383467,14.769685740485418
22.44045625144119,2.4063184453148247,-5.9071453331997485,-0.08688810187883617,2.322979218369323,15.026811807051175
23.18736830043295,1.8960024903002228,-5.361750765032256,-0.08423133075292462,2.260917836666462,15.261952322716228
23.934034657089853,1.4206516219886405,-4.785945068500242,-0.08211716440084063,2.2004610164407383,15.457166500010368
24.681015892886318,0.9807739544624337,-4.182216152310434,-0.08069703608343219,0.0,15.592581356577703
0.0,17.10762096817524,-3.984695965274957,-0.1354923320452571,-2.0141914314296647,12.033460590519955
0.7604650966939672,16.781374802159053,-4.671624347604224,-0.1339763298250732,-2.1236800455478746,12.101350572615928
1.513161258914696,16.386101310222465,-5.312179090927595,-0.13197580440668233,-2.228680681857744,12.192722716103384
2.2614408573027034,15.928570136192246,-5.904283458547229,-0.12950665653225252,-2.329121513664181,12.308405032215719
3.0074265378324507,15.415550923895182,-6.445860713765292,-0.12661577730637497,-2.425336442970096,12.448123081143546
3.7521708769945787,14.853813317158052,-6.934834119883943,-0.12336194917782564,-2.5179023302445613,12.611220811457452
4.496050599383285,14.249984788204218,-7.369285669544601,-0.1198279629986721,-2.6069856861526053,12.795834108774866
5.240177126503944,13.609687019011329,-7.7484202830148865,-0.116119344524668,-2.692683170141373,12.998563007903261
5.985613397903018,12.938107899541393,-8.071927193311002,-0.11241751266317612,-2.77537551643925,13.21084460005578
6.732837126526601,12.240433612680913,-8.339497539335838,-0.109238071811781,-2.855570799702432,13.401718790310335
7.48184990343724,11.521850341316393,-8.550822459992277,-0.1067414683524901,-2.933857715337532,13.557539575136113
8.232297621636835,10.787536813820596,-8.705597849145915,-0.10501495021784928,-3.010833580716985,13.668531826456936
8.983645975864711,10.042602565490824,-8.803563736404156,-0.10412343569272216,-3.087121223495332,13.726922165561401
9.7352437216867,9.292119590614453,-8.84448409741683,-0.10410153794741869,3.1198093860798215,13.728365803948739
10.486382005530368,8.541159511316689,-8.828123145222447,-0.104942033874713,3.042930303125016,13.673279575096636
11.236395017520412,7.794793949722749,-8.75424509285952,-0.10655267744417575,2.964781889053199,13.569544827008148
11.984761733950627,7.058094527957845,-8.622614153366563,-0.10871011843205734,2.8847486838006082,13.4342219654355
12.731209479002139,6.336132868147187,-8.432994539782088,-0.11106321936512313,2.802267587876361,13.291145652792402
13.47581978221276,5.633980592415988,-8.185150465144607,-0.11318171527680106,2.716858916245871,13.166169663557673
14.219135805584617,4.956709322889462,-7.878846142492643,-0.11463608665215162,2.6281668466253585,13.082385164982819
14.962268824841061,4.309390681692819,-7.513845784864696,-0.11510219085453213,2.5368440455765744,13.055870086119386
15.70683608072782,3.6968761113647517,-7.090518134368581,-0.11444397516406972,2.447927232828091,13.093360844094754
16.453663339984903,3.122634909038852,-6.613026776624012,-0.11273029941027932,2.3628146833973296,13.192504319134024
17.202545411271817,2.5896012933406105,-6.0870044185149315,-0.11018383293965663,2.2806872526325472,13.344078641537529
17.952667676813018,2.1007083195524485,-5.518086961021114,-0.10707723082661072,2.2006314560646887,13.53626687064936
18.702770610634865,1.658889042956786,-4.911910305122334,-0.10364595613286681,2.1220039430783735,13.75850434481337
19.451614440495245,1.2667072706492473,-4.273975716790833,-0.10007061977694191,2.046253383442726,14.002127787029163
20.19966489398233,0.9242910231286992,-3.608896327246864,-0.09648255420258671,1.974047292249968,14.260109318269537
20.94762988942444,0.6307816180182826,-2.9209254968198435,-0.09297966550050017,1.905137548874594,14.526238700862821
21.695660766449677,0.3853175732620464,-2.2143155650222113,-0.08965257295758164,1.8391703720227517,14.793321658966116
22.443424938280085,0.18703740680404657,-1.4933188713664056,-0.08661137507099613,1.7756259983910159,15.050798018564132
23.19046811787344,0.035088528949472675,-0.761892148655454,-0.08398845432898247,1.7138057486483627,15.284003260769863
23.937244988179298,-0.07134394462390503,-0.02273869869200823,-0.08192685896295786,1.6535087491109945,15.475108361605189
24.684308026849713,-0.1330649062337219,0.7217703386241492,-0.08056933328871517,0.0,15.604933470236643
0.0,13.737197154859846,-7.516080993785037,-0.13544746917447298,-2.5623948970025845,12.035453270451585
0.7602662244078848,13.100928808852235,-7.9322147749710386,-0.13393324865557948,-2.6718200153006233,12.103296670882914
1.512792525215197,12.429922753480275,-8.272871063715133,-0.13193535978590296,-2.776761368424939,12.194591390748108
2.2609222757452945,11.731031932672675,-8.539797540893971,-0.12946988636076895,-2.8771491805378946,12.310152722554792
3.006772065679992,11.011109290358156,-8.73474188738423,-0.12658421101175887,-2.973318161010402,12.449675065865062
3.751391162828546,10.277007770465431,-8.859451784062557,-0.12333734860870058,-3.065845225999317,12.612478440347417
4.495153772384368,9.535377874125043,-8.915736028993361,-0.11981203307224528,3.1282874950826227,12.796684725422281
5.239164059584654,8.791433440998167,-8.905837146259215,-0.1161134297864263,3.042611212619708,12.998894069765218
5.984478596830807,8.049766968471538,-8.832185242275996,-0.11242222626716657,2.9599292339856973,13.210567649533118
6.7315708434109816,7.314968475573733,-8.69721117167232,-0.10925244849456378,2.879732796135915,13.400836993894252
7.480440162569419,6.591627981333353,-8.503345789076805,-0.1067633634721004,2.801433764716027,13.556149321114855
8.230732396488346,5.884326242251165,-8.25302062819527,-0.10504139755017552,2.7244430683841907,13.666811002441623
8.981917065903405,5.197557524326196,-7.948673563737753,-0.10415107227237339,2.6481434817774483,13.725100836715816
9.733348107279763,4.535768942102136,-7.592745927297667,-0.10412706701016404,2.5718809836799856,13.726682810083545
10.484321210256045,3.9034071351428388,-7.187679085291316,-0.10496267016360711,2.4949993213743475,13.671935397548816
11.234174317641369,3.304918743012162,-6.735914404135006,-0.1065666260111287,2.4168545190538127,13.568656743518
11.982389227751243,2.7447504052739546,-6.239893250245031,-0.10871691779121588,2.336831972422503,13.433801862060392
12.728694998720496,2.2273487614920713,-5.702056990037694,-0.11106388902675073,2.254369279494516,13.291105583497215
13.473173629261282,1.7571604512303676,-5.124846989929303,-0.11317871446418813,2.168987206081187,13.16634420431481
14.216367294508322,1.3386321140526984,-4.510704616336156,-0.11463307977415473,2.0803300005514345,13.082556740827563
14.95938463543627,0.9762103895229153,-3.862071235674554,-0.11510348767836849,1.9890380077546514,13.055796538981639
15.703839856587479,0.673846684003081,-3.1817847034812363,-0.1144536541412063,1.9001301151321224,13.09280720553551
16.450555347790548,0.4323494167696893,-2.475199185145736,-0.11275124982383834,1.8150169013885251,13.191278617376973
17.199320470336854,0.25129793413128,-1.7486528553248375,-0.11021701405428531,1.7328780609631815,13.342069874023888
17.949317001443326,0.1302687404028422,-1.0084861640064664,-0.10712128842391487,1.6527990322908752,13.533482964816262
18.69928374616273,0.0688383398993615,-0.2610395611785449,-0.10369687591389457,1.574131537459738,13.755125943632931
19.447975987500623,0.06634129818073475,0.4876485160754028,-0.10012154876672177,1.4983325837557717,13.998566127147582
20.195857090672476,0.12048814575594413,1.2335669187034746,-0.09652397724666602,1.4260891817816144,14.257049174974277
20.94364467970273,0.22832109158411917,1.973538765533945,-0.0929998549745004,1.357155682106942,14.524661871073468
21.69149773052633,0.38688027735054575,2.704389755979504,-0.08963824834041,1.2911797646440621,14.79450362003871
22.439089012964367,0.5932058447405115,3.422945589452839,-0.08654936541258809,1.227651675615111,15.056188681750738
23.185965084728185,0.8444923535539957,4.126279761139159,-0.08386871682111556,1.1659057483475335,15.294909555774796
23.932588634243228,1.138600949596368,4.812535441206308,-0.08174576301878195,1.1057510423831007,15.49224010401419
24.67952082265796,1.4735726066363624,5.480144370947291,-0.08033213344670803,0.0,15.627954851785198
0.0,8.92179802208392,-8.772235712508003,-0.13550913581484375,-3.121249600529491,12.032714470065976
0.7604395118933729,8.161515854834873,-8.787704306876066,-0.1339956511338592,3.052460625145858,12.100478079317318
1.513096569948563,7.41184656691966,-8.720707248754145,-0.1319979584481332,2.947460832292509,12.19169949053254
2.2613269035416605,6.677671348232929,-8.576362590470135,-0.1295317885820535,2.8470101565576207,12.307210931256968
3.0072590512794495,5.963871388669334,-8.359788384351951,-0.12664343790555543,2.7507772726263235,12.446763600412122
3.7519534471365015,5.275327878123534,-8.076102682727486,-0.12339168994039526,2.658188754755184,12.609700908102754
4.495794223834945,4.616717911696542,-7.730368661835152,-0.11985951334275603,2.569084389585316,12.794149902992253
5.239890362411769,3.991271780215933,-7.327260487692181,-0.11615250532647926,2.483367918898,12.996707387878516
5.985298606838263,3.4015946502431333,-6.871284245716757,-0.11245186491019928,2.400656055527818,13.208826612958292
6.732490288964341,2.850289206601266,-6.3669453540484255,-0.10927247101989256,2.320438287977069,13.39960919867563
7.481460777743344,2.3399581341134503,-5.8187492308267315,-0.1067743347173116,2.242124384217919,13.555452851001295
8.231851139223807,1.8731955195039562,-5.231196376858948,-0.10504413237812268,2.165123028163248,13.666633095007425
8.9831311713952,1.452515486981813,-4.608741561650149,-0.10414625352094654,2.0888168448314257,13.725418353894595
9.734657498064308,1.0803887092256392,-3.9558147043731875,-0.104115046809276,2.0125524083594404,13.727475160196683
10.485727755010096,0.7592854259115054,-3.2768454765627553,-0.10494346131105585,1.9356739379966046,13.673186583992974
11.235681024882695,0.49167587671547786,-2.5762635497535484,-0.10654007956227222,1.8575378023626017,13.57034706437434
11.983999392404245,0.28003030131362827,-1.858498595480259,-0.108683104002186,1.777529592081049,13.43589146118033
12.730411291402591,0.1268189393820247,-1.1279802852775784,-0.1110234971857498,1.6950868999601707,13.293523083318728
13.474997121505561,0.034512030596735244,-0.3891382906802001,-0.11313329298138548,1.6097302080882967,13.168986970040152
14.218296421851162,0.005579814633827951,0.35359771677718516,-0.1145850312026388,1.5211031040636604,13.08529936256755
14.961414115339341,0.042492531169376235,1.0957980655598825,-0.11505581042224627,1.429849040147307,13.058501290148936
15.70595925688543,0.14708702952982478,1.8329598244110936,-0.11440951965972537,1.3409783822896115,13.095332272911165
16.452752370651947,0.31720669384769984,2.560118166576995,-0.11271361375441447,1.2558881091200866,13.193480756145108
17.201587016623726,0.5491426523878591,3.2721287269928787,-0.11018841959001875,1.173760374227008,13.343800914055674
17.951651657884756,0.839182573695858,3.9638467404331,-0.10710397689187352,1.0936835215914822,13.534576638819892
18.701693701562714,1.1836141263172557,4.630127441672014,-0.1036932296434104,1.0150150421464954,13.755367781915576
19.45047974155732,1.578678997442732,5.266212562778784,-0.10013447703514018,0.9392102869372988,13.997662436130714
20.198472985479004,2.0203133424977375,5.869911989828636,-0.09655703219736612,0.8669438718607706,14.254608640581607
20.946380497442185,2.504328733752839,6.440082795358987,-0.09305707255743138,0.7979668211559054,14.520195875761702
21.69435347590143,3.0265363768849864,6.975585133317991,-0.08972374921974773,0.7319244225664728,14.787452920135708
22.442059906583555,3.5827474775711305,7.475279157653795,-0.0866664595630194,0.6683041076346049,15.04601423151903
23.18904670808251,4.169037745135841,7.9381538747993075,-0.08401847654394735,0.6064392398051554,15.281272342606217
23.93577459802559,4.782611104806062,8.363747899571552,-0.0819256051379552,0.546137996287033,15.475226778592644
24.682800525733654,5.4209722351499625,8.751746358246525,-0.0805348526694844,0.0,15.608273660794753
0.0,4.2546617493566625,-7.337031902983924,-0.13548487005037738,2.6134153566784404,12.033791962289381
0.7602289120377486,3.5980314556236648,-6.9539070459853,-0.1339637548321077,2.503920266910113,12.101918523595304
1.5127341448599938,2.9934058241492414,-6.505920471198715,-0.13195741859002008,2.398935196752764,12.193572094865566
2.2608581084344546,2.4422823048299396,-6.0000031545080645,-0.12948218421974803,2.298527486389753,12.30956812109529
3.0067103846862673,1.9461583475623128,-5.443086071797254,-0.1265862969283512,2.2023581869716686,12.449572492023137
3.7513283205517878,1.5065314022429117,-4.842100198950178,-0.12332885223773825,2.109844503966888,12.612912878758296
4.4950739167490505,1.1247523797422936,-4.203819469301151,-0.11979255477591207,2.0208105816471837,12.797725046356922
5.23905584416917,0.801136333786868,-3.5339077115838142,-0.1160828180653119,1.935158275794676,13.00060788439077
5.984340173934541,0.5355518755365658,-2.8375503121618566,-0.11238118829372261,1.8525091005358354,13.212979443828786
6.731408624688263,0.3278658653858457,-2.119930781143336,-0.10920399439313787,1.7723573004394546,13.403809630394413
7.480267220003463,0.1779451637291718,-1.3862326286363087,-0.10671147289829074,1.694115652637322,13.559444863118655
8.230565607535812,0.08565321214265431,-0.6416321545523911,-0.10499081797863045,1.617180804967153,13.670102583751646
8.981767224449955,0.050821610422691066,0.10876149465850482,-0.10410696713955248,1.5409255708036274,13.728007834672058
9.733216656440094,0.07326463518805681,0.8598757066646971,-0.10409440956761189,1.4646942123365225,13.728835850277765
10.484202390771568,0.1527963897485236,1.6066382346385621,-0.10494558119461976,1.3878292236318055,13.673048486545913
11.234057445769073,0.28923097741385817,2.3439768317524683,-0.10656773765147279,1.3096857077726416,13.56858597461373
11.982261077527507,0.4823825014938379,3.066819251178785,-0.10873682032691276,1.2296484987047116,13.432572395828641
12.728542321152291,0.7320650652982312,3.7700932460898864,-0.11110084519632621,1.1471550981405843,13.288894867716065
13.472985834933002,1.038092772136812,4.448726569658138,-0.11322876045718029,1.0617268249341116,13.163434211429943
14.216139306025793,1.4002797253193515,5.0976469750559135,-0.11469048623234174,0.9730093749784742,13.079282229039366
14.959119879371341,1.8184400281556217,5.711782215455582,-0.11516153613109827,0.8816495978323855,13.052505693104145
15.703551954919662,2.2918086541734617,6.2863266080025495,-0.11450564932707077,0.7926885873936518,13.089834276688537
16.450260818578666,2.8159481926284933,6.818164808299468,-0.112791453825659,0.7075415734386423,13.188927442989492
17.199032451855356,3.3849862316006334,7.3048419795357855,-0.1102411745445482,0.6253853664174008,13.340607781072533
17.949041872700555,3.993047056274346,7.743904805169746,-0.10712661791529257,0.5453021527238143,13.533146322037986
18.699018407364576,4.634254951834094,8.132899968659592,-0.10368180761061502,0.46664197230056353,13.756125428909918
19.44770886957879,5.302898471918543,8.469728190843554,-0.10008562517474083,0.3908663932902194,14.001078119439994
20.1955810149715,5.994365591605795,8.754659705853232,-0.09646789225019699,0.3186646054836654,14.261192947900078
20.943358043435946,6.704495517899597,8.988937259368457,-0.0929256065657919,0.24979275448855223,14.530463318794826
21.691201677848323,7.429128833673718,9.17380656239444,-0.08954929630625924,0.18389979983646287,14.80184962895994
22.438784685455108,8.164106121801924,9.310513325936398,-0.08645051639826978,0.12047155585738899,15.064793876237646
23.185651778715304,8.905559977997205,9.40027208109755,-0.08376558203310831,0.05882076663348443,15.304322330973312
23.932263835793123,9.650880812401446,9.444163054850007,-0.08164395746173343,-0.001248778524474675,15.501895965353885
24.679181233409512,10.397797627628563,9.443230320686732,-0.08023650458714293,0.0,15.637264952360399
0.0,1.0220809424256867,-3.6792783496418417,-0.13561318886471993,2.0659632706032798,12.028097398262211
0.7601773836680074,0.6608609555280065,-3.0104063322080306,-0.13408823594630967,1.95634683702096,12.096299839580931
1.5126466496210074,0.3778803715589838,-2.3131746739333954,-0.13207688001306989,1.8512597102334958,12.18805644378659
2.260748053731807,0.17080518767746433,-1.5943036291326018,-0.12959536092215201,1.7507651082275981,12.304191964649515
3.006584017550708,0.03730140104229207,-0.8605134521203037,-0.12669190197642294,1.6545183720700851,12.444382730913425
3.75118113089879,-0.024964991187692576,-0.11852439721116437,-0.12342523995823029,1.5619312883760517,12.60798699198809
4.4948909359005995,-0.01837206154985971,0.625156184311992,-0.11987792469821607,1.472831696465316,12.793167383807301
5.238826603354881,0.05439080561751908,1.3655249049318123,-0.11615556990561961,1.3871261976274105,12.996535939543323
5.984062748895368,0.190500133836089,2.0982261833474647,-0.1124404530809873,1.3044377532433977,13.209496886442142
6.731086750096047,0.38713192230088467,2.818906971307716,-0.10925079406212973,1.2242611368446574,13.400938459941662
7.479907540640185,0.6414621702069425,3.5232142205613295,-0.10674790261737992,1.1460080823446068,13.557130980231317
8.230175050236902,0.9506683096078614,4.2068024733226235,-0.105019807526884,1.0690660906669605,13.668215731711575
8.981350585864488,1.3119411094788083,4.865396923192039,-0.10413190117205441,0.9928023937366609,13.726364189473173
9.732776160177453,1.72247859099686,5.494761181789859,-0.10411859950571993,0.9165602886542079,13.727240958526465
10.483738033894356,2.179478847773149,6.0906592444505865,-0.10497181797960693,0.839681427296364,13.671339666784117
11.233567469934043,2.680139973418809,6.648855106508713,-0.1065980333622502,0.7615201511494024,13.566657724636661
11.981742565776248,3.221660061544971,7.165112763298738,-0.10877221642557396,0.6814606364676165,13.430386658567874
12.72799192966748,3.801237205762768,7.635196210155158,-0.1111413149422735,0.5989398806568001,13.286475234991505
13.472400669219159,4.41606949968333,8.05486944241247,-0.1132732589988501,0.5134789319444041,13.16084840257555
14.21551794591731,5.06335503691779,8.419896455405171,-0.1147371130449728,0.4247235592765431,13.076624405954856
14.958463545182155,5.740291911077282,8.726041244467757,-0.11520765069413703,0.33332098195743315,13.049893168624807
15.702865582092462,6.443722795008306,8.969596954908374,-0.11454787685394843,0.2443219173859775,13.08742132295579
16.4495502584213,7.168232112593648,9.150218810164942,-0.11282559438974618,0.15914749405447104,13.186931851910439
17.19830056258731,7.907520267737237,9.268878161473975,-0.11026202124164994,0.07697243655183401,13.339346611404473
17.948286547342267,8.655285607238184,9.326549422686941,-0.10712776757832537,-0.0031234561360205092,13.533073705689745
18.698231076217965,9.405226477895607,9.324207007655312,-0.10365593638348236,-0.08179028093632677,13.757841983800246
19.44687503785977,10.151367752119622,9.26304345476555,-0.10002551613456619,-0.15754429791000446,14.00528432896855
20.194694758902894,10.889926132965801,9.145715481703336,-0.09636787001460684,-0.22968060655259495,14.268591947516548
20.942424952421742,11.618020303411079,8.975482343732676,-0.09278290524995345,-0.29843971165047123,14.5416329261589
21.690232138141283,12.332771736459254,8.755605159901878,-0.0893648840887304,-0.3641706901309178,14.817114039953234
22.43778738228074,13.031301905114109,8.489345049259262,-0.0862291990001401,-0.4273939718558532,15.08411404740578
23.184628239726397,13.71096370966129,8.179779066325352,-0.0835156344099087,-0.48882945993658444,15.327206521831513
23.93121321653016,14.370110998610262,7.829188166471557,-0.08137640787280695,-0.5486809022177468,15.527358329995138
24.678104065284018,15.007368171342822,7.439638123790052,-0.0799643076287352,0.0,15.663856483685207
0.0,0.1684434699127273,1.122835213287297,-0.13562698083573413,1.518558798530148,12.027485815802525
0.7603326817155828,0.20814330889696464,1.8821307484180096,-0.13412006987859057,1.4090266298922554,12.094864212641507
1.5129142069455686,0.3293578893524476,2.6248864132247434,-0.13213021305695868,1.303962348408564,12.185596420370908
2.2610854410663235,0.5266347716979851,3.3465802730141965,-0.12967253548882127,1.2034321853699246,12.300530030066469
3.006962513537217,0.7945215163523951,4.042690393093062,-0.12679185156239367,1.1070983355623083,12.439476870275419
3.751596879576056,1.1275656837344865,4.708694838768039,-0.1235456700237301,1.01438497989271,12.601840525641068
4.495366199319676,1.5203817075741197,5.34027094060115,-0.12001613322098158,0.9251534952378508,12.785799127114476
5.239379061436149,1.9680631754656641,5.934523784348,-0.1163082674350072,0.8393197673728163,12.988001835792955
5.984697099352222,2.465912670432812,6.489181208353143,-0.11260274702824771,0.7564997096511282,13.199974137561613
6.731793985221454,3.0092336439426157,7.001973638698857,-0.10941338218692524,0.6761810955454575,13.3909779618722
7.48066528046721,3.593329547462128,7.470631501467401,-0.10690063889010312,0.5977723631987667,13.547442607706499
8.230951459248137,4.2135096386880395,7.892894458067557,-0.1051519722728263,0.520689905865517,13.659623372396242
8.98212846455084,4.8651377922347,8.266589042990736,-0.10423259881242104,0.44432238588110745,13.719732227742126
9.733560994768181,5.543607833704122,8.58958943044765,-0.10417772824434367,0.3680171140100185,13.723344819364526
10.484551460660237,6.24431389635341,8.85977028400189,-0.10498132751591756,0.2911184632373533,13.670720462350891
11.234440418605606,6.962650113439663,9.075006267217065,-0.10655304803127294,0.21298246822689668,13.56952123005105
11.982708151966646,7.69401061821997,9.233172043656731,-0.10867146938051514,0.13299383533146514,13.436610674294187
12.729078010697268,8.433789543951441,9.332142276884506,-0.11098656838507308,0.050588571359577755,13.295734470786849
13.473622007291093,9.177381023891169,9.36979163046396,-0.11306776910581547,-0.03471535031558824,13.172802161871887
14.216867993230782,9.920179191296247,9.343994767958693,-0.11448363079589866,-0.12327802259802319,13.09109298305501
14.959905983481583,10.657578179423782,9.252626352932285,-0.114907006524507,-0.21446446896228438,13.066953822169864
15.704334943743346,11.384952650581203,9.094193857575837,-0.11419883485815731,-0.3032305720031024,13.107406354096144
16.451000812050417,12.097553237315235,8.87123573890539,-0.11242596714647966,-0.38813561181390266,13.210347864406884
17.199722166507954,12.790581905274877,8.587872135020186,-0.10981071002611632,-0.4699874612768713,13.366729956326232
17.94969763116173,13.459240505254655,8.24822691680605,-0.10662709003697364,-0.5496908903438522,13.564809108481192
18.699669304260087,14.09873088804909,7.85642395514882,-0.1031133561482438,-0.6278927362084429,13.793990874451884
19.448383245230573,14.704640520235507,7.41659889557709,-0.09945408987943312,-0.7031702427062849,14.045460878300549
20.19630015101264,15.27514855984369,6.9329665200096064,-0.09578538190429388,-0.7748448532587985,14.311910672977909
20.944139485280495,15.80950188835125,6.409774212926368,-0.09221011356095994,-0.8431545150858158,14.586727444999765
21.69205852419885,16.306950709868346,5.851269460262786,-0.08882356436654137,-0.9084437054659412,14.862195110769877
22.439723853768136,16.76674522850513,5.261699747954293,-0.08573972735202776,-0.9712406821906552,15.127108427674177
23.186666789698084,17.18822695810885,4.6450337920706355,-0.0830938015060824,-1.0323238963766768,15.366061751550458
23.933328462082883,17.57113386659818,4.004029929024861,-0.08103038335031026,-1.0919143391787218,15.560475888218054
24.680262440204054,17.915311494792345,3.3411180737058013,-0.07969263366275113,0.0,15.69053265147247
0.0,1.9417842958416838,5.676020341872824,-0.13560132553630447,0.968655057002488,12.028623532855772
0.7601150236348867,2.372319863497384,6.302449886306073,-0.13407036105842593,0.8591221477944938,12.097106174339531
1.51236972349745,2.8636192814316495,6.872109447274523,-0.13204905740162784,0.7540791333412823,12.189340372416227
2.260159729746358,3.408685132263174,7.384059749260026,-0.12955334289936535,0.6536161367582068,12.30618709616896
3.005646819794884,4.00051999861065,7.83736151674443,-0.1266296458846516,0.5574142762755095,12.447441403753293
3.749916533190816,4.632126463092769,8.231075474209568,-0.12333855394900858,0.4649082414978433,12.612416812243119
4.493371070196787,5.296672749149204,8.564396464072734,-0.11976564509862703,0.37593062550297873,12.79916268915192
5.237119865699886,5.988482856387882,8.837455150685557,-0.11601943011197724,0.2903752098111577,13.004158851217092
5.982201938014511,6.702373197276733,9.050780900819609,-0.11228440605633504,0.20785441343882824,13.21867255356327
6.729066308375232,7.433162008097062,9.204904557972315,-0.10908181744567114,0.1278532416313572,13.411313920648631
7.477682100991409,8.175667525130155,9.300356965641088,-0.10657242257989283,0.049773366261567205,13.5682877363141
8.22766356596941,8.924720184346272,9.337670656584375,-0.10484059652582535,-0.02700980441348098,13.679892627322536
8.978479987463501,9.675262751112514,9.317393717536895,-0.10394650254281992,-0.10312337277788416,13.738599766656625
9.729505605115182,10.422298541755247,9.240082619576262,-0.10391922606867611,-0.1792111682354078,13.740402668693557
10.48005892677778,11.160831459921145,9.106293915104919,-0.1047468710183218,-0.2559189304173083,13.686011454300404
11.229501399679934,11.885865409256871,8.916584156525303,-0.10633662903954758,-0.33388004237102614,13.583322597682495
11.977337336148324,12.592404293409107,8.67150989623984,-0.10847151438160184,-0.4136985414108341,13.448989296077963
12.723315573765223,13.275452016024527,8.37162768665097,-0.11081436372980867,-0.49592654942025577,13.30606110101328
13.467533292733851,13.930012480749795,8.017494080161118,-0.11295496766725965,-0.5810338298771764,13.179377911165641
14.210541248680487,14.551089591231584,7.609665629172726,-0.11448612652038864,-0.6693683427312087,13.090950294787746
14.953447953141685,15.13368725111657,7.148698886088221,-0.11510063979099706,-0.7603366060496801,13.055958053657575
15.69784658648531,15.673081533931152,6.6356851114283195,-0.1146662082934242,-0.849158712493772,13.080666762655584
16.444468018041288,16.16631081739473,6.075177809073835,-0.11323918181185405,-0.9345056211828661,13.162828490162378
17.193024896355215,16.611115389108544,5.473109463241252,-0.11101585613122113,-1.017215396286013,13.293980557933546
17.942681435400733,17.00523734577001,4.835416112318536,-0.10823516271633939,-1.098210387216864,13.463665341165054
18.692217246235188,17.346418784076548,4.168033794693664,-0.10509720563980611,-1.1781205266189265,13.663181921011342
19.44046247735562,17.632743743047044,3.476738674093922,-0.1017495879031087,-1.255295321087037,13.886123962497534
20.187895009191333,17.864666666248624,2.7661986348702507,-0.09829621362962897,-1.3289555998863591,14.127941822593275
20.93522987259567,18.0436460351753,2.040612124826004,-0.09481437196989112,-1.3993673757381018,14.385008569257618
21.68262135284832,18.171143942605006,1.304175903313719,-0.09138023729561291,-1.4669062488761027,14.65281223509798
22.429738775964374,18.248622481315707,0.5610867296859318,-0.08810054052416459,-1.5320156044796995,14.923055367011216
23.17614812427951,18.27756151992894,-0.18476140988161327,-0.08512431886911109,-1.5949768590705762,15.181690226405415
23.922400616448186,18.259518495863304,-0.9307957464577028,-0.08263371812472342,-1.6558671359841666,15.408779005869995
24.66910902583795,18.196071999410606,-1.6748038047079294,-0.08082804763173253,0.0,15.579939634777151
0.0,5.82523547345826,8.623057660707746,-0.13767481851112728,0.4252594348949799,11.937700200317861
0.76602857754363,6.523035212282771,8.939088206873716,-0.13594020019246525,0.31463221812401787,12.013621682358831
1.5201283294426182,7.240116403042727,9.17245701728419,-0.13362585496677298,0.20771515810193633,12.117209816683886
2.267385922785939,7.971311439839665,9.32655999899699,-0.13075814938618738,0.10530914367689578,12.249361684174557
3.0116503391810854,8.71145271677511,9.404793059069934,-0.12738571756192393,0.007741331238553397,12.410447107710597
3.7555925418072764,9.455372627950595,9.410552104560853,-0.123646999414515,-0.08506884280544254,12.596675870537112
4.500818346350344,10.197903567467655,9.347233042527572,-0.1197126853508846,-0.17351690666688602,12.801993466080297
5.248012823838748,10.933877929427814,9.218231780027908,-0.11574983853315184,-0.25822148588598753,13.019293829138723
5.997098433171601,11.658128107932612,9.026944224119687,-0.11196231030544225,-0.3399487269091904,13.237672619422487
6.747394970212227,12.365486497083568,8.776766281860741,-0.1088835561125459,-0.41955792970362393,13.423518294685907
7.4977751007699895,13.050785490982225,8.471093860308889,-0.10658797354606256,-0.4979351789982859,13.567297916855509
8.246973539592181,13.709009226628686,8.113267345688705,-0.10503758491820152,-0.5755430346696324,13.66705903533271
8.99501319171517,14.336537340121925,7.706116528516617,-0.1042033845916158,-0.6525414598007567,13.721655290767908
9.742566828502499,14.930500978177466,7.252196230951299,-0.10410667549926002,-0.7291901619170832,13.72802706302096
10.49022265165834,15.488038552950723,6.754058616817618,-0.10482452057921807,-0.8057656394756315,13.68094155506134
11.238534091159137,16.006288476597128,6.214255849940448,-0.10640386056805136,-0.8826178194195202,13.579030632841782
11.987974923000499,16.482281812474234,5.635384616735984,-0.10873778741303868,-0.9611872456751949,13.432512663310044
12.737762089647152,16.91157020571455,5.020655187883611,-0.11150470235414608,-1.043089109455693,13.264807832383841
13.486555607574358,17.288628015918167,4.373724635000031,-0.1141831445601644,-1.1292442341779596,13.108306882132975
14.233676896811994,17.607905225798287,3.6982601399425388,-0.11614275591486926,-1.2204111617741578,12.997252865291033
14.97931254868789,17.863851818068085,2.9979288845684344,-0.116829129198702,-1.315844189907533,12.959017401454885
15.724687853192052,18.05183479378489,2.276647562610542,-0.11594855578523039,-1.4082151479978287,13.008132649127033
16.471359573338408,18.172695471218788,1.5398223768869976,-0.11355089374693773,-1.4951084652094153,13.144749397532399
17.219915121509352,18.229297961132072,0.7934099126066112,-0.10999262156482496,-1.5771803470739552,13.355672185141298
17.96997268298033,18.224509610974774,0.04336763564979612,-0.10578567220305858,-1.65526863797216,13.618648907197983
18.72036294678294,18.161197768196914,-0.7043469881030247,-0.10141353274250084,-1.730242789791841,13.909112009974258
19.469659809162312,18.042230620011175,-1.4441392600443608,-0.09723031372375883,-1.8023316826143203,14.205169646146397
20.21811289752494,17.87048145924025,-2.172620043081248,-0.09342156403068472,-1.8715642956851453,14.491842661825002
20.966309107790654,17.648825497671652,-2.887229169637213,-0.09001940950227041,-1.9381663406671812,14.76314921885932
21.71440443892644,17.38013795054242,-3.5854079622719057,-0.08697870941751534,-2.002441226002842,15.018982985773887
22.462181194163595,17.067294033089567,-4.264597743544977,-0.08427745519821787,-2.064759116309098,15.257775422314388
23.20935888109819,16.713043132087982,-4.92245851528357,-0.08196108722698815,-2.125416893544605,15.471876736929392
23.9564171593029,16.31962671757514,-5.5575329958179776,-0.0801463150079075,-2.184515629431415,15.646060766745642
24.703872657822306,15.889158119177925,-6.168586600717601,-0.07900569561817854,0.0,15.758597112947129
0.0,10.759486254942422,9.10646017837618,-0.13657140121823177,-0.13368603519644132,11.985827661651605
0.7683734935907007,11.521003799794746,9.004045069457298,-0.13502622052191102,-0.24275691102182584,12.054212341451068
1.5241193689016863,12.254590419565826,8.822379169128125,-0.13294914107951658,-0.3485866303480896,12.14800886753734
2.2722523441410596,12.957727996207872,8.566839549979806,-0.13035539034379753,-0.4503714191022023,12.268270370903391
3.0166500114156665,13.627898411673108,8.242803284603491,-0.12726335640343592,-0.5477376090616394,12.416411825134885
3.7600979691415395,14.262583547913746,7.855647445590344,-0.12378738008554309,-0.640692550866959,12.589531292698798
4.504385299817877,14.859265286882016,7.410749105531505,-0.12008003004047367,-0.7295467657465088,12.782396921919698
5.250431846518839,15.415425510530127,6.913485337018141,-0.11629857896225612,-0.8148320071742322,12.988542814885157
5.99843125497989,15.928546100810312,6.369233212641398,-0.1126432811586749,-0.897230372240163,13.197598972085887
6.747998423890763,16.396108939674782,5.783369804992431,-0.10963067006865496,-0.9775204765027942,13.377701048342336
7.498314866619506,16.815595909075753,5.161272186662395,-0.10736946430455882,-1.0565063327850528,13.517833283430807
8.248372882470013,17.184562056970353,4.508240021413684,-0.1058477773943262,-1.134609202455855,13.614653051431334
8.997948321957553,17.501247689568086,3.8288479773116704,-0.10502952292932624,-1.2121133102969233,13.667583556969488
9.747204469249331,17.764267592087318,3.127274527747555,-0.10488574616140403,-1.289443589630574,13.676947981447414
10.49623626293043,17.972240352369,2.407694122979649,-0.10540434589271881,-1.367035152412602,13.643260850460189
11.245142226634556,18.123784558254076,1.6742812132662566,-0.10654619740062549,-1.4453187289095157,13.569957460595234
11.994053778198486,18.21750978345817,0.9312575970693443,-0.10818395060150078,-1.5248328637369057,13.466851649392902
12.742620101331694,18.251904370449335,0.18348186029067864,-0.110079104345836,-1.606292703784435,13.350424812657533
13.490304416845554,18.22536985915135,-0.5637314662604516,-0.11189967356069701,-1.690364584162683,13.241377015004273
14.236961856473137,18.136305902898087,-1.3050579421452237,-0.1132745655587311,-1.77761740289145,13.160772501448847
14.982975601275218,17.983112155023427,-2.0351731269248168,-0.11388708056911108,-1.867662296748409,13.125334031529045
15.729311541674175,17.764790452748553,-2.7488628145671408,-0.11356187134086511,-1.955836922166671,13.144114061322707
16.476766236620968,17.484048890956444,-3.4415912581007726,-0.11229925016011372,-2.0407755723232235,13.217798887513858
17.22542715026573,17.145004484083486,-4.109080624149081,-0.11024917908330645,-2.1231658503574287,13.340123485485686
17.974851839199616,16.751776975683114,-4.747053578921371,-0.10762998100860206,-2.203788487438681,13.501463670748686
18.72421110527388,16.308486109308774,-5.351232788626941,-0.1046452493607842,-2.283178893821385,13.692655064043485
19.47266341708217,15.81926866290691,-5.917666503360814,-0.10145342409733421,-2.359924802072708,13.906377245671795
20.22067251843224,15.288376994392411,-6.444612090688798,-0.09815967112403377,-2.4334250535538726,14.13776446430031
20.968828334017964,14.720111487179512,-6.931244845142098,-0.0948225099933929,-2.5039772276367556,14.384391274824779
21.7172112646968,14.118772681093075,-7.376743050779315,-0.0914784909937658,-2.57197493101616,14.64494118247901
22.46546702482564,13.488661115957989,-7.780284991659064,-0.08818559230379415,-2.6378250288039355,14.91585734200782
23.21301613399209,12.83398000123504,-8.141148274136896,-0.0850615781167745,-2.701374570355037,15.187288076325679
23.96024611217362,12.15799186212791,-8.459570440575806,-0.0822948003799057,-2.7624118340658725,15.440475294795409
24.70791405786325,11.463432135297065,-8.736326909111618,-0.08013354265799297,0.0,15.647307601094997
0.0,15.161162161635183,6.961041951576236,-0.1389089812995797,-0.6803891659015001,11.884550902314384
0.7670316855613578,15.757397333247503,6.478505707561837,-0.13714177645533143,-0.791857471052355,11.960877232476582
1.5212182091155888,16.287231950382672,5.941781764742024,-0.13477208797441698,-0.8996961033934903,12.065571897723382
2.267924431583353,16.751569713909504,5.357007770762317,-0.1318205010789562,-1.0029954845728017,12.199902929516833
3.0112491215120505,17.151314324696823,4.730321373268253,-0.12831763472903238,-1.1013394541981172,12.365299401644785
3.7540733601778227,17.487369483613442,4.067860219905348,-0.12439874323524089,-1.1947444621235725,12.558557533940531
4.498167556494893,17.760638891528206,3.3757619583191323,-0.1202402481997144,-1.2835653094793582,12.77387798682994
5.244334236933144,17.972026249309923,2.6601642361551345,-0.11602090441131406,-1.368398325433863,13.004076228527122
5.992567188581047,18.122435257827412,1.9272047010588784,-0.11196249268248301,-1.4500001387106558,13.237661838012922
6.742213556233413,18.2127696179495,1.1830210006758888,-0.10863520666652268,-1.5292285973703557,13.43885305430201
7.492131563686639,18.24393303054501,0.43375078265169686,-0.10613926972150581,-1.6069899045034965,13.595945282116693
8.241006697150109,18.216834477517097,-0.3146339004783918,-0.10444815667192024,-1.683910017642015,13.705567807364192
8.988791010148047,18.13243009118346,-1.057639471341383,-0.10352961474058014,-1.7602494085132598,13.766232658414674
9.736072019709015,17.991700793315243,-1.7915496647383529,-0.10338788579859161,-1.8362840119743502,13.775665033004364
10.483358943182576,17.79562772633743,-2.512655134417023,-0.1040741550455636,-1.9123038422673035,13.730171699743794
11.231133693493643,17.545192032675015,-3.2172465341251115,-0.10561340286027956,-1.9886621915801135,13.629751179862978
11.979818146963733,17.241367742734163,-3.901511988250734,-0.10789351860394102,-2.0666944401310694,13.484964599677431
12.728710206378128,16.885028596573726,-4.560193800332702,-0.11061071493993938,-2.1479039473398323,13.318304456717607
13.476607461449104,16.476974148673825,-5.186964788566688,-0.11328315477927896,-2.233154789151431,13.160273566180324
14.222929613039174,16.018002211678315,-5.7754726602257005,-0.1153319653769471,-2.3231567765281103,13.042858186395975
14.967908325145215,15.508910598231044,-6.319365122582764,-0.11624358489063517,-2.417302209456513,12.991614822038795
15.712723684264924,14.951066413633175,-6.812882888109964,-0.11573339475789851,-2.508931216981302,13.0202186999959
16.45875339476868,14.349425772349527,-7.254005170147633,-0.11382067400249993,-2.59577468695708,13.129162306255893
17.206482241775714,13.71033971648259,-7.642164212091665,-0.11079801745522087,-2.678491172458813,13.30704259214862
17.955558830926993,13.040162395601918,-7.976795494239223,-0.10709960968562404,-2.7578981664072044,13.534852583491483
18.70496406564288,12.345247959277058,-8.257334496887474,-0.10314278721406837,-2.8347507823210782,13.792022744191557
19.4534789998127,11.631694485835812,-8.483423079560687,-0.09924521974719874,-2.908733856452519,14.060232903732821
20.201378322804928,10.903980460251276,-8.65600840425484,-0.09559239632358461,-2.979697429229672,14.326349953903343
20.949184409376837,10.16595301000797,-8.776546472106284,-0.09224696817800972,-3.0479140978119243,14.58381333225976
21.696958299417798,9.421457830298591,-8.84649443859919,-0.08920650884067839,-3.1137394102641434,14.830261046989907
22.44436541506007,8.674340616315838,-8.867309459217736,-0.08648186115738428,3.1055890937560204,15.062063594637756
23.191022061502125,7.928167846800026,-8.840432969320492,-0.08413070591385718,3.043376410252903,15.271076543812152
23.93742216779718,7.185364895825917,-8.767242159095261,-0.08225965805530665,2.982704022420944,15.443773081780323
24.68412708603584,6.448065670654503,-8.649097808898407,-0.08101371234997636,0.0,15.562076803332497
0.0,17.787972279157465,2.844743186972577,-0.1319679990983283,-1.2493457881348504,12.193083280152475
0.7679896315566728,18.030613328595862,2.116091421513941,-0.13069728987024598,-1.353811171079122,12.252213303195175
1.5237973256663184,18.19332848917045,1.3780067061902015,-0.12897718532347285,-1.4555922631213878,12.333642910823249
2.271943885043025,18.279327488623583,0.6348193500004826,-0.12681277689118634,-1.5540059115444793,12.43845051931928
3.016008453249546,18.29182005469762,-0.10914033805609652,-0.12419835311178443,-1.648709606939985,12.568684787182331
3.7586631590787354,18.234015915134925,-0.8495420489804135,-0.12121496260710239,-1.7396691873171175,12.72241606050225
4.501747076763372,18.109124797677858,-1.582055473773347,-0.11798126719013338,-1.8271032458427527,12.895587505261203
5.246366535445606,17.92035643006878,-2.3023503034357757,-0.11462825176910434,-1.911421346302278,13.082832246355071
5.99301008556404,17.67092054005004,-3.006096228968577,-0.11133578390650195,-1.9931674869189895,13.274866599285033
6.7416693409063395,17.364026855364013,-3.6889629413726297,-0.10857039123119624,-2.0729742185187097,13.442863849133934
7.491960180966781,17.002885103753044,-4.346620131648813,-0.1064811921938195,-2.151484205334501,13.574098919768996
8.243267042564325,16.59071876668952,-4.974776888259126,-0.10512549998228428,-2.2289672504386178,13.661343104136018
8.995040163150147,16.13088104717401,-5.569513886054052,-0.10453551814278857,-2.3058291150125485,13.699839719020417
9.746719229458126,15.626796437095344,-6.127116006393882,-0.10472856399817422,-2.382705261653386,13.68720757853511
10.497690457664682,15.081890165780152,-6.643870243024253,-0.10569892038332586,-2.4602363865253394,13.624236424467533
11.247385725636537,14.499587462555086,-7.11606358969082,-0.10736372026388277,-2.539050668827247,13.51819488240641
11.995383872324549,13.883313556746781,-7.539983040139224,-0.10950875124204766,-2.6197454566639946,13.385145773109821
12.741513737828779,13.236493677681883,-7.911915588115104,-0.11178930138438721,-2.7028632669830857,13.247912103573631
13.485959199531026,12.562553054687038,-8.228148227364109,-0.1137797895680244,-2.788859905248819,13.131520921304514
14.229365246894012,11.864916917088877,-8.484967951631887,-0.11505832386340373,-2.8780637981671684,13.058358659579143
14.972942358791633,11.147010494214046,-8.678661754664072,-0.11531835200974828,-2.969724504827024,13.043628013727218
15.718370115218892,10.41256513277729,-8.806147248412227,-0.11445157472536087,-3.058666327554086,13.092926142427801
16.466366960470822,9.667138717204779,-8.868104810287742,-0.11255848207934761,3.1395927755719466,13.202569382033039
17.21654343619872,8.91696374164632,-8.86660454984448,-0.10988858992936658,3.057794960580066,13.361992546059877
17.967869785147634,8.168273776274283,-8.803718793300364,-0.10672798864316031,2.9781466409212736,13.558395696444261
18.718849925383296,7.4273023912610325,-8.681519866873323,-0.10330501336980322,2.899918790766562,13.781189367554731
19.46803488491333,6.699889696102074,-8.502218794630016,-0.09977085813610277,2.824401066702243,14.023146503825737
20.215956675192633,5.989277904767029,-8.268942378354827,-0.09621032877109509,2.752261881189351,14.280269222413924
20.9635240865512,5.297655982490352,-7.985188697935236,-0.09266796958144292,2.683318496629707,14.550647995567653
21.71110785297563,4.627209892100507,-7.6544568916294145,-0.08918595895492426,2.617279619463953,14.831969495291053
22.45860487906019,3.980125596425945,-7.280246097695542,-0.08584421951219529,2.5537757623832205,15.117899146475827
23.205612406311552,3.3585008214872154,-6.865996311995453,-0.08278288217559163,2.492491477599113,15.394890600739533
23.952446762195144,2.7635520857017557,-6.414556884258638,-0.08019922530528303,2.433335309633387,15.640898846647122
24.699734893794677,2.1959892561856815,-5.928437571557292,-0.07832990636092714,0.0,15.826428703467567
0.0,17.837207350048686,-2.0490665746631427,-0.13696200621063642,-1.7732393751317104,11.968724259154294
0.7515199617664284,17.686104427676696,-2.7852392173116307,-0.13580749316467214,-1.8822556567346471,12.01948988216266
1.500423830926115,17.45660427486196,-3.4981113552861496,-0.1341857861572602,-1.9871297401891195,12.091902196678213
2.2482859397792008,17.154161509031233,-4.182089503515203,-0.13205465866853136,-2.088540659257286,12.18908185841727
2.9957395524496104,16.784230747611275,-4.831580176927298,-0.1293158971306327,-2.187419821923967,12.317479943490135
3.742715600808687,16.35226660802886,-5.440989890450938,-0.12594676608076139,-2.284405066018039,12.481140356882404
4.48894994435763,15.863806791465702,-6.005146520381855,-0.1220416135500044,-2.3771832276219267,12.679255452022378
5.2354767889947755,15.324970265048492,-6.521825847975409,-0.11778390783698085,-2.464804698264352,12.906386849699713
5.983109804949056,14.742124226864696,-6.990062564090609,-0.11346762609062525,-2.5478380000666943,13.149571575186055
6.731725963227259,14.121636805320616,-7.408896077721973,-0.10971553890488178,-2.6270445402011484,13.37252603292557
7.4804327910916575,13.469876128822548,-7.777365797864011,-0.10681110487859409,-2.703462036780108,13.553119411863875
8.22791697785724,12.792994569781456,-8.094484016348385,-0.10487763331864777,-2.779228573766326,13.67747695850945
8.974167462435014,12.095204543381836,-8.359019202646508,-0.10391889753443749,-2.8553521049560584,13.740424388254818
9.720026784058156,11.37969265274321,-8.569610897655762,-0.1038542576939366,-2.9320112400268044,13.744699764881156
10.466415667629756,10.649636185393723,-8.724897471449017,-0.10458786917833734,-3.009354779736113,13.696410622925494
11.21436958076202,9.90821242886152,-8.82351729409914,-0.10603508632196007,-3.087487209422607,13.602622839204805
11.964928663211506,9.158751671423433,-8.864106816241481,-0.10806739526638089,3.1165580171869047,13.474111914551097
12.717205328882704,8.40671073175362,-8.845275810588033,-0.11045662171366742,3.0354381209160564,13.32759102844007
13.469044273061902,7.659103966676989,-8.765614510095592,-0.11284779662664118,2.9511592699662432,13.185634568307714
14.218719176690922,6.922981465141356,-8.6237126994514,-0.11477285955269059,2.8626136969739133,13.074587879261125
14.965167163327086,6.20539331609452,-8.418160163342693,-0.11575369639731442,2.769797847472925,13.019076874288753
15.70843556058773,5.512907383268223,-8.14813952856805,-0.11546512887247339,2.678514227354433,13.035335055359909
16.450510998810625,4.848986148537435,-7.816651142516218,-0.11385059365700556,2.5912819391737814,13.127437052358564
17.193299491779147,4.215861407791564,-7.428208343713199,-0.11114701586816109,2.507969782600056,13.286134490348774
17.937943499178218,3.615761875882894,-6.987328258476473,-0.10780132649283278,2.428243113663167,13.490729510845057
18.684921571802597,3.050916267663692,-6.498528013123515,-0.10430431877332855,2.35162632297286,13.715014597453328
19.43415586902,2.5235532979862407,-5.966324733971805,-0.1010376383576789,2.277548730660943,13.934961048734138
20.185119888100118,2.035901681702816,-5.395235547338818,-0.09817390741857233,2.2053782760155136,14.1367393720372
20.936943095258734,1.590190133665688,-4.789777579542031,-0.09564836866055251,2.1344439833176336,14.322157575824221
21.688511394681637,1.1886473687271355,-4.154467956898917,-0.09322226554692821,2.064049568821098,14.507325171774259
22.438563962933674,0.8335021017394375,-3.4938238057269624,-0.09063544942083519,1.99375939023355,14.71289241935017
23.186004468036288,0.5267045331081377,-2.8122502142858243,-0.0877581396162262,1.9257845713765698,14.952138910107681
23.931672024494215,0.2675258938983571,-2.113074601344908,-0.08467404983604317,1.8616984558879888,15.222001873588857
24.67704005401939,0.05374199354439746,-1.3990228221386034,-0.08168915349316144,0.0,15.497607069561527
0.0,15.393234170975045,-6.282612066408861,-0.13554738612367082,-2.337196027183998,12.03101659843497
0.7548006396854191,14.869745177083232,-6.826379736414769,-0.13385855577569036,-2.447605289082906,12.106672985720913
1.5046875527052528,14.29330576856145,-7.306012919817954,-0.13162188943022837,-2.5527910173229897,12.20910394871367
2.2523977285950108,13.671504897999474,-7.721264872850644,-0.12885106270306057,-2.652991961630097,12.339677625621656
2.999374447239397,13.011931517987081,-8.071888851745074,-0.1255935633179624,-2.748840877870659,12.49867805172313
3.745978272651441,12.322174581114037,-8.357638112733468,-0.1219181828731397,-2.8410401950837305,12.685672051704513
4.492025734230461,11.609570128894624,-8.5785039308348,-0.11795201737193077,-2.9291542780639337,12.897186320694107
5.238403452959159,10.879971202073193,-8.735873257565492,-0.1138745455081907,-3.0131128697697624,13.126056409338744
5.9858432082361634,10.138691979961246,-8.831640175828822,-0.10996261609348236,-3.0933995431046877,13.357494223737104
6.734358384474253,9.3910458771501,-8.867699488218866,-0.10685636157548098,3.112545792211872,13.55024906972726
7.4833739109257404,8.642346308231074,-8.845945997329707,-0.10475502999527388,3.037466695352141,13.685478472922815
8.231968733903528,7.897806032986177,-8.768138622824472,-0.10371935024147355,2.962539627851111,13.753635619151982
8.97991294468952,7.1618193648435655,-8.634931390420906,-0.10373867522643555,2.886710645716738,13.752354522117024
9.727502194935802,6.43838244168656,-8.446440793050844,-0.10475870086119074,2.809653794756282,13.685238695622154
10.475211636655292,5.731488744591264,-8.202779736984398,-0.106715786253913,2.7310946771163533,13.559170832664826
11.223756040630972,5.045131754633786,-7.904061128491694,-0.10948748230589095,2.6508188143814,13.386445791068665
11.97397568789438,4.38346172841258,-7.550476208648579,-0.11278166431003926,2.5683271827349476,13.18949982887154
12.724881997091027,3.7525995542997697,-7.143200868780098,-0.11608165355437657,2.4824281914205515,13.000673093582737
13.474514915455037,3.1600115553840515,-6.684083263110257,-0.11866751744352605,2.3919043271290246,12.858246382109554
14.221639582493447,2.613190053692403,-6.174984536550324,-0.11970380422912731,2.295688735506691,12.802468359108559
14.966016371463233,2.1196273712517915,-5.617765834011548,-0.1183992784673577,2.194979944006688,12.872803491273476
15.70890466878031,1.6854574330861487,-5.014956173269529,-0.11418983048349977,2.100500872674578,13.107923127949764
16.453130371904734,1.309416261138372,-4.372721843611587,-0.10685075799114492,2.015948054861992,13.55060437023611
17.200195906867275,0.9877337065648515,-3.698461324515356,-0.09648413892305961,1.9408255264889833,14.259992210183116
17.949820125460466,0.7166376135376336,-2.9995740822174097,-0.08338074335464399,1.8743120837601372,15.33959932796189
18.700234874897923,0.4923558262287582,-2.2834595829543254,-0.06794923577823152,1.8165649305714004,16.992372405262948
19.449215640918798,0.31012737958560876,-1.5569852330263743,-0.05078223328216133,1.7734872406445465,19.655736769372925
20.197576865397615,0.15947786244658602,-0.8239441391651814,-0.032672214105037706,1.7475055419538403,24.504935976982278
20.946150470298907,0.02788536587044277,-0.08702768745591544,-0.01456926971352654,1.7386369351741118,36.69574472382736
21.694772084528744,-0.09717463928728343,0.6510741458991001,0.0024975470590892315,1.7468694214788938,40.0
22.442936591939706,-0.22822668217105146,1.3876713846975337,0.0176070937437982,1.7712405854731188,33.38053789816223
23.1904210181217,-0.37705435525826125,2.1201898425592276,0.0302133655083934,1.803035755574381,25.482542793196043
23.93735097555865,-0.5489658171746665,2.847067281044236,0.04030977973644786,1.837746911080606,22.061696314070204
24.683994226514866,-0.7459237833316585,3.5672642706004023,0.04842571874193945,0.0,20.128294581032083
0.0,10.977000963773394,-8.683242314399287,-0.11011215866766788,-2.971351466078976,13.348420863421278
0.749654037334277,10.23818397499943,-8.810248742545873,-0.10879236633003439,-3.061885813825251,13.429142862420493
1.4955838356793243,9.494622435676582,-8.869641513982476,-0.10741941552704959,3.1354119397658766,13.514689975849205
2.240556903224615,8.749663597527274,-8.865037077961432,-0.10622138881526845,3.0543524502135715,13.590688845189804
2.986402248476613,8.006654712273917,-8.80005188373508,-0.10581508956850326,2.97803030420031,13.616755751718705
3.73409300323996,7.268943032098711,-8.678302379868912,-0.1065053100664202,2.9048818059757444,13.572561936074557
4.483493996977358,6.5404394152678105,-8.502562999879977,-0.10828177584593915,2.829338942272761,13.46076713724028
5.232927011002186,5.82724625550324,-8.272334071690304,-0.1108665446095419,2.749276839702953,13.302929419451077
5.981009435352634,5.135998544349172,-7.986320233832226,-0.11379453109520579,2.663848314145088,13.130670338946945
6.72722755338535,4.473331273349772,-7.643226124838066,-0.11649612327775806,2.572391896229761,12.977525798482992
7.472126045839428,3.8458794340492073,-7.241756383240152,-0.11817982608959128,2.475715226377692,12.884749833203466
8.21734780953706,3.2598556265415333,-6.781396117662401,-0.11829728050086734,2.3814213064809806,12.878351825852501
8.964121110263461,2.718655606889447,-6.266835235544079,-0.11666105722284216,2.29207354541604,12.96834890053944
9.71241680097885,2.22452277228009,-5.704892905314238,-0.113401583862247,2.2067686419228245,13.153399973886868
10.46133203380767,1.779697067686767,-5.102394674199741,-0.10877209207336665,2.12444772482949,13.430394335548076
11.209299207274887,1.3864184380827762,-4.466166089427456,-0.10285568441118538,2.0444965781805693,13.811258096139717
11.95483666629243,1.0463175166993928,-3.8027224474558814,-0.0954187742826386,1.9697046956132782,14.33937785972891
12.699438041243983,0.7571049222841406,-3.116583042661679,-0.08591372242284892,1.9016203898599253,15.111782903791516
13.444970770839127,0.5149391046746743,-2.4114768324499662,-0.07356859028163794,1.8402841254377942,16.33053199370062
14.1922894801438,0.31597464777453155,-1.6911308057605465,-0.05758414853584653,1.7855207287141674,18.458408617537863
14.941350400760797,0.1563661195514623,-0.9592719528974776,-0.037602280712714035,1.740755590622191,22.842131801864255
15.691565167403645,0.029473143467495078,-0.2198665372359898,-0.014138225500573476,1.7198077378444736,37.25089323127212
16.44196023140386,-0.08193093654508132,0.5222128945180788,0.01132866856849023,1.7258919987512735,40.0
17.19061285626566,-0.19757876896319182,1.261879259556704,0.03658115578947919,1.7592339761883151,23.158736111388663
17.935973368814146,-0.33720300226376665,1.9940454750718504,0.05913234342176613,1.8202673579112456,18.21517231823154
18.678539867903957,-0.5205362849237396,2.7136244582555005,0.07688475359688461,1.9045674472253638,15.974473888502663
19.42172540836445,-0.7640100775811884,3.415796274721063,0.088703449927227,1.9895870275398506,14.872254134423999
20.167474872206657,-1.0672735397790074,4.097099096758909,0.09466807072404934,2.068734325357,14.39611954878734
20.91573972380115,-1.4246560150899708,4.754501602437381,0.09590915232739412,2.1427237839195357,14.302673052908538
21.665533470083986,-1.8304847095157282,5.384972642807624,0.09405307281073096,2.212398530753154,14.443109314660914
22.415102834112876,-2.279086829057931,5.985481068920796,0.09065087990700586,2.278737770923229,14.711640174250418
23.162654509593647,-2.76519819951832,6.5533976499634985,0.08693449667006357,2.3426366593550503,15.022801599126314
23.908786400213106,-3.285591806374118,7.088096903883853,0.08371118127337265,2.4041877871455735,15.309294316719265
24.654626087860482,-3.8376742298145246,7.589576551923634,0.08139280363366624,0.0,15.525794355438652
0.0,6.15765953888953,-8.373802832405392,-0.10626271939918225,2.763588282569621,13.588045583039584
0.7429510074770899,5.467158639598059,-8.099604532649735,-0.10780433814527095,2.6911199041993576,13.490541070862015
1.4896758238639665,4.794926066351743,-7.774487140197946,-0.10965582175104625,2.6153370510971565,13.376166757184572
2.238214277029354,4.14766940549903,-7.398496939728536,-0.11172704457258091,2.535333781038511,13.251602573192855
2.9872822536733645,3.5320962433883736,-6.971680215920014,-0.11374938278521725,2.4503286997336415,13.133275907155337
3.736440453650533,2.954914166368221,-6.49408325345089,-0.11550768068571858,2.3605175283440527,13.032933814895362
4.486061260964512,2.422565692341938,-5.9663177212683225,-0.11664285192388608,2.2704532317975508,12.969360884683608
5.2358204702451125,1.9397543239380424,-5.392704563782348,-0.11653453204496413,2.1812164630607205,12.975387000829466
5.984709001736906,1.5104826007315788,-4.779059861812806,-0.11429959885484724,2.091718642427574,13.101627531077892
6.731637201800232,1.1387511279466302,-4.131203822101072,-0.1087513578055689,2.000856738704996,13.43167456581947
7.475632131123025,0.8285605108072804,-3.454956651388515,-0.09915136719244458,1.9096845851320918,14.066885678143123
8.216751872294038,0.5821835633068311,-2.7559882182717184,-0.08521660729860532,1.8322753373270373,15.17346731370506
8.959010549702228,0.3903025909286715,-2.038959880877046,-0.06719712734086318,1.7751567825429322,17.08720053418916
9.705383508482976,0.23883294205711358,-1.3081182160344784,-0.045804463179444706,1.7382517536083628,20.696211886230433
10.456296925354476,0.1136752656788218,-0.5677085215536342,-0.021995329034174827,1.7211091496525468,29.86581686966926
11.210533915348636,0.000730210780453433,0.17802390475586716,0.003159219042778609,1.7233603821573464,40.0
11.966025699197862,-0.11408406823638373,0.924740394996662,0.028459653540667172,1.7449093645058211,26.255909529133415
12.719712958871424,-0.2446488198279173,1.6670323396088094,0.052611997338169084,1.7861442025037595,19.310920658392597
13.468790860012614,-0.40471724033444545,2.3988081268104873,0.07430428445300169,1.847793240863039,16.24948685896797
14.212289213941329,-0.6080404524081136,3.1139650842168694,0.09227347564832501,1.930409757579097,14.581718453024514
14.952044655726553,-0.868369578701067,3.806400539443131,0.10549987975395662,2.030848942831048,13.637082283087096
15.692916057841382,-1.1973129643839435,4.470242902875202,0.11354457698753023,2.130922658110828,13.145115026325877
16.437543022499778,-1.592928228491477,5.101081930917619,0.11671696845702559,2.224525684499322,12.965242424065396
17.185816012334605,-2.0479912491143075,5.6950769768380205,0.11596524850254308,2.3128145779497444,13.007196390092544
17.936470027062608,-2.5552659314467796,6.248388685092742,0.11253050841580271,2.397132609653972,13.204210261506446
18.687367223496686,-3.1075161806832305,6.757177700138111,0.10758984376373912,2.478500512088116,13.503981826584253
19.436403021681354,-3.69782576067915,7.218251692819528,0.10208843386116555,2.555580151578047,13.863060029200298
20.184384421674057,-4.321008375663855,7.631917745470542,0.09666983434189506,2.6276870044220106,14.246289586672829
20.93246455407035,-4.972459900275947,7.999660584376531,0.09170540714158805,2.6949769264883505,14.626811413881118
21.68100239529261,-5.647576647628238,8.322965822790858,0.08742677923662388,2.757760141210534,14.980447193711301
22.429655475376336,-6.341754930833552,8.603319073966892,0.08403420674184868,2.816750065662674,15.279842057031173
23.17760764113051,-7.050589929615377,8.842035195664465,0.08166713088820227,2.8747197176724,15.49969646887272
23.924732135681193,-7.771266418165858,9.039064150917644,0.08036076393514063,2.932975644811829,15.625170717777891
24.67138584418049,-8.501731388169869,9.193701429776254,0.08004252825783051,0.0,15.656201047858147
0.0,2.1399266578294434,-5.541752086238334,-0.1583094186273725,2.320514929935569,11.132552524693203
0.7725709569258846,1.6134714380264281,-4.976322351410445,-0.1484327592218562,2.1609395998974588,11.496963650546974
1.5227454964736058,1.1960142587584892,-4.353031614062864,-0.1352186149420744,2.0218787910437923,12.04563374608365
2.265983440922012,0.8720071234616089,-3.6841354948151883,-0.11863527657238347,1.9078758096822606,12.859993456929363
3.0101050647202023,0.6259020355717748,-2.981889614287013,-0.09857369909894248,1.819565581379374,14.108042896296537
3.7564194956872026,0.4421509985249674,-2.258549593097932,-0.07521810359102385,1.7558639917947174,16.150479645758587
4.502263922776651,0.3049058955275932,-1.5254413533927518,-0.04906679870552238,1.7169072482449115,19.996372301112544
5.247835461716794,0.19635693953170907,-0.7878140465298773,-0.020923151164367264,1.7031780018217286,30.62143768453415
5.993699914788043,0.09790629930961714,-0.0484756572958715,0.00779198926791486,1.7146684580015885,40.0
6.739655036193449,-0.009045989851145464,0.6897724385325066,0.033306561944163156,1.7513543624833339,24.27046401074148
7.486146704074192,-0.14309989266304868,1.4241288651784982,0.0543842824389443,1.8112427621829603,18.993666464690666
8.235187690980524,-0.3214736986666882,2.1516212606008756,0.07072499865245958,1.8790360545941713,16.655587536486102
8.98679659507369,-0.5494981596684614,2.8678061458763047,0.08268259962614424,1.9476870927600185,15.404223594576784
9.739295533403666,-0.8264412811556525,3.567489759839553,0.09119181759815503,2.017896343165939,14.667942011118278
10.491185355756382,-1.1515226706169965,4.245472351934278,0.09747384065159032,2.0903967862968,14.187413758213703
11.241264379567829,-1.5239619355412373,4.896554171604143,0.10259748741156362,2.165881487393782,13.828625723896716
11.988735369406802,-1.9429786834171079,5.51553546829281,0.1072045453186958,2.244980412932299,13.52822682526071
12.733318955704826,-2.407792521733354,6.09721649144394,0.11142505420999016,2.3282226266061796,13.269547875454684
13.475372407575112,-2.9176230579787106,6.636397490501195,0.11495170923484022,2.4159822981701846,13.064412842251228
14.216009875554752,-3.4716898996419214,7.12787871490824,0.11728384654900219,2.508410433271822,12.933871728898966
14.957216560024252,-4.06921265421172,7.56646041410873,0.11805829717759543,2.604122923686038,12.891379835673087
15.701579530347635,-4.708625535124426,7.947547542350505,0.11721423878355425,2.6961863936033086,12.937711520973538
16.44990934222695,-5.383945082542951,8.269946388846222,0.11499456599185268,2.7830489064384505,13.061978180803328
17.201396694100712,-6.087644475588505,8.533651535276014,0.11184293586818987,2.865856112493674,13.244735220861706
17.954391945080385,-6.812195279091121,8.73865880622428,0.10823076146539937,2.9458519978194833,13.463939088753225
18.706630558048147,-7.550069057880858,8.884964026275432,0.10450806461631944,3.024102047248826,13.701639008952464
19.455919640953688,-8.294192477940523,8.97279605619694,0.10085981963439906,3.0999440766356363,13.947239383440545
20.20281698286256,-9.04044212793724,9.003894275282864,0.09732293574656649,-3.110353676376342,14.198408592338675
20.94860938892772,-9.785870663998395,8.980600272402674,0.09384298815253363,-3.040353304983659,14.459266872884124
21.69408961815172,-10.527533790489105,8.905257197286943,0.09035836175493525,-2.9730611127606195,14.735433749701414
22.439605401529285,-11.262487211774513,8.78020819966627,0.08688347389032501,-2.9082511012314827,15.027212010811592
23.18518806370339,-11.987863958730156,8.607807268373321,0.08355011870375467,-2.8460626589539264,15.324043174348745
23.931251264542322,-12.701583766051868,8.390518667009395,0.08060194769282922,-2.786604671033019,15.601776035458656
24.67826880766804,-13.402025262802024,8.13087098385396,0.07835899767994911,0.0,15.823490632767163
0.0,0.01591961753293525,-1.0163250539546669,0.10008909245231931,1.5416856523506277,14.000835607701418
0.7441275205268869,0.03757861214031166,-0.2725128096630781,0.10017524834007639,1.6179509838157662,13.994813651846655
1.4909167537229657,0.0023770708334431845,0.4734463114067081,0.10039806819779844,1.6929742605328568,13.979275387791008
2.2396345237031543,-0.08887230322890716,1.2165828068214708,0.10082335858572322,1.767427646318125,13.94976102114082
2.98942719396013,-0.23535680688796923,1.951927174147993,0.10163155537692373,1.8419866324064311,13.89418505417565
3.7394201313200046,-0.4362637369849711,2.674509910953054,0.102899194622804,1.917318759113527,13.808337818377588
4.48881622838501,-0.6907803903611391,3.3793615148034384,0.10459055935883939,1.9940716570207169,13.69623448034783
5.236995109196456,-0.9980940638577103,4.061512483265926,0.10656115738295056,2.0728573872894906,13.56900490175948
5.983614291661203,-1.3573920543159108,4.715993313907303,0.10857201868910922,2.1542302898646017,13.442763097688532
6.728712783193834,-1.7678616585769706,5.337834504294343,0.11024147679440262,2.238656111360905,13.340589493205458
7.47281627445619,-2.2286901734821196,5.922066551993836,0.1112505752252306,2.325879254394903,13.27994930202851
8.21700016620724,-2.7387159042443816,6.463992209904734,0.11147280149562633,2.4120360597036052,13.266705715484584
8.962357365755969,-3.294357353050321,6.960801967546387,0.11101900549680979,2.4957399216010563,13.2937919977653
9.709490294785148,-3.8910078594730777,7.410486064246714,0.1102170920997728,2.5774513640335766,13.342065150259796
10.458618356905294,-4.52405707215785,7.8110376187001656,0.10951747483386352,2.6577066361807895,13.384612671851686
11.20968282051839,-5.188894639749837,8.160449749601195,0.10932384213924991,2.7371247949434734,13.396460628815856
11.962359788669396,-5.88083956406037,8.456650424998601,0.10983930264747013,2.8168592974701454,13.364990090746636
12.71536294179739,-6.594487635740393,8.696900666222382,0.11098617862046914,2.8981767635050977,13.29575781673633
13.467045405011623,-7.3240107581103935,8.878070584893619,0.11240872267328852,2.982114292723922,13.211361107514728
14.216115618550848,-8.06357546215256,8.997025338252719,0.11356834410704238,3.069645656496291,13.14373948845767
14.961817617726114,-8.807348278849073,9.050630083540078,0.11392935558317574,-3.1225848555734537,13.122898661427834
15.70438717533519,-9.549783696648362,9.036516321287001,0.11313457653240898,-3.0336176822463927,13.168912267125451
16.44587149738279,-10.28694988392855,8.95661005011147,0.11110884053449423,-2.948725077675877,13.288416732209356
17.188161460205514,-11.015476774747714,8.814332299705011,0.10807184753515868,-2.867805527084607,13.47383436571704
17.932399569635695,-11.731994873768244,8.613105618312568,0.10444470132468275,-2.7905647347163702,13.705794514177342
18.67907163403282,-12.433134685652533,8.356352554179093,0.10068982464586976,-2.716571048994619,13.959007888345287
19.428105321949456,-13.115526715062988,8.04749565554952,0.09718340234192024,-2.645299462844029,14.20859768461752
20.178969025458237,-13.775801466661992,7.68995747066881,0.0941329558775644,-2.5761641267358923,14.436979726601981
20.930767627925512,-14.410589445111945,7.287160547781895,0.09155185415316604,-2.5085399632041394,14.639072362303736
21.682333887148367,-15.016521155075232,6.84252743513372,0.08931354746188723,-2.441775393661717,14.821371752741175
22.432315826999844,-15.590227263960685,6.359480635402165,0.08727339460253065,-2.3756359076305933,14.993605472986083
23.1798694432891,-16.129003691699026,5.8412563884388895,0.085362895942679,-2.311207421112036,15.160460305698763
23.92598491760662,-16.63232680009807,5.290480436197342,0.08363664299864579,-2.2488153179462804,15.316114656300739
24.671765918884297,-17.10011898676925,4.709653635889252,0.08227722116779232,0.0,15.442124679588966
0.0,-0.9372755435581315,3.764420625578003,0.13566460257615695,1.9666093490574608,12.025818015285436
0.7604727708977883,-1.2304822678945015,4.466096228745803,0.13412006783482464,2.0763783377068816,12.094864304793589
1.5131586841005427,-1.5950206401512386,5.124615673474866,0.13208287322679874,2.181573024847064,12.187779928364836
2.2614309100214465,-2.0241576846638143,5.73760239528182,0.12956921978336056,2.282120436583534,12.305433103889781
3.007409580435311,-2.511160425767695,6.302679829683286,0.1266273212655013,2.378361321248852,12.447555657135052
3.7521243908968653,-3.049295887798351,6.8174714121959,0.12331617857327015,2.4708858681889816,12.613560994944304
4.495926523404392,-3.631977511189186,7.279774059912053,0.11971943030444156,2.559881819846446,12.801632833950148
5.239953839264878,-4.253630077441677,7.6885829805806845,0.11594499942869549,2.645444511932838,13.008332143732485
5.985301071123475,-4.909105372144275,8.043399319090929,0.112179294736776,2.7279431760529746,13.224863956434456
6.732468488717518,-5.593256691861752,8.343726010616981,0.1089496466589255,2.8078769911133876,13.419446257173293
7.481470221501767,-6.300937333158894,8.589065990333037,0.10642172113036956,2.885836022217275,13.577891123830804
8.231952201547742,-7.027007756881808,8.778921046016455,0.10468551110351115,2.9624884320617944,13.690021758350795
8.983357579305583,-7.766393405409399,8.912782558314943,0.10380602810402008,3.038498375184292,13.74789234377416
9.735009403068087,-8.514054326317058,8.990136365674427,0.10381493516002573,3.1145224502139284,13.747302569798189
10.48618117696788,-9.264950889221478,9.010468254964238,0.10469960724168322,-3.091967683364837,13.68910016420227
11.236197070675436,-10.014043463739345,8.973264013053713,0.10636123936741353,-3.0139578885064093,13.581751037305178
11.984533190683711,-10.756292419487345,8.878009426812186,0.1085701497837762,-2.934020462009204,13.442878796672927
12.730920753776346,-11.486658126082183,8.724190283108998,0.11097031618402453,-2.8515959327008082,13.296708042364111
13.475451605650456,-12.200100953140531,8.511292368813486,0.11312883926398429,-2.766209714889587,13.169246187102475
14.218685296015051,-12.891581270279094,8.238801470794986,0.11461578336281461,-2.6775129113749454,13.083543824655731
14.961755104447047,-13.556059447114553,7.906203375922832,0.11510762357753125,-2.5861762105771704,13.055561986863202
15.706298338736207,-14.18868363092226,7.5136078209462145,0.114468628953561,-2.4972508334719548,13.09195078298271
16.45312823819375,-14.785770618377875,7.065007745004469,0.1127667562017231,-2.412116113034645,13.19037163833378
17.202018824138797,-15.344086058846411,6.565887540392852,0.11022202072848845,-2.3299455965989293,13.341766851319603
17.952138036598274,-15.860396530327531,6.021734685084926,0.10710292421115292,-2.249819824369127,13.53464315156901
18.70221289482724,-16.331468610820863,5.438036657054258,0.10364131583811123,-2.171107080291653,13.758812340637526
19.45100419291918,-16.754460007958,4.820163946824891,0.1000170949376788,-2.09533398595095,14.005873916154792
20.199005490762698,-17.1290686895696,4.172727249350298,0.0963649104305368,-2.0231927401247094,14.268811053904956
20.9469394810851,-17.45600718592041,3.5000338024642277,0.09278977023159113,-1.954438096531766,14.541094996097295
21.69495847526149,-17.735990684251576,2.8063900492948504,0.08939149875750864,-1.8887168531328857,14.814908139319808
22.44271820229597,-17.96973437180425,2.096102432970337,0.08628904266011586,-1.8254910592741584,15.078882591225277
23.1897505742703,-18.157949178454043,1.373169136368659,0.08362149878038783,-1.7639976388728555,15.317501484521985
23.936510427294895,-18.3013282828798,0.6403030432088084,0.08153557736199538,-1.7040234527371028,15.512195263846886
24.68355136035078,-18.400560237945726,-0.10011790108896307,0.08017473663207224,0.0,15.643287322472839
0.0,-4.216521674937262,7.494277966808775,0.135349367400504,2.5235089597251528,12.039814121013652
0.7602804628121028,-4.836142955603787,7.93484107316127,0.1338485156754995,2.63279886919332,12.107127040148407
1.5128391407171289,-5.493377072446984,8.301430597489917,0.13186737685090844,2.737640098187885,12.197734362979677
2.2610026891702057,-6.181324382717163,8.595500646161872,0.12942148856399735,2.8379663297650417,12.312454210449351
3.0068811043312644,-6.893085243664647,8.81850532554432,0.12655667641769033,2.9341119311416937,12.451029302588433
3.7515262943435865,-7.621760012539749,8.971898742004427,0.12333095321864672,3.0266491664441912,12.612805446737138
4.4953186605197075,-8.360644291774712,9.057204696552178,0.11982622475613408,3.115728001819116,12.795926918161632
5.239357237164482,-9.104434008751387,9.076446849636982,0.11614666914982943,-3.081745352202715,12.99703391241371
5.984694024458254,-9.848436408204876,9.031867077308565,0.11247136282148613,-2.999016512552036,13.207681639714115
6.731799611872197,-10.587961285624935,8.925708166133017,0.10931040792587306,-2.9187606065647094,13.397283806308469
7.480672264639555,-11.318318436501311,8.760212902676436,0.1068222655742616,-2.8403904388806454,13.552411391043721
8.230959242587241,-12.034827884917352,8.537626381053014,0.10509334895575394,-2.7633362866080664,13.66343261999236
8.982138325846659,-12.732906098302227,8.260215452782623,0.10418871452839455,-2.686993405113758,13.722621271269334
9.733572627673642,-13.40802253166093,7.930258923265128,0.10414423199735742,-2.610709273039085,13.725551562692536
10.484563558557191,-14.055647187672555,7.550035721454449,0.1049549844497742,-2.5338284658491186,13.67243597243245
11.234451230855363,-14.671250069016185,7.121824776304524,0.10653170155929605,-2.4557072991846316,13.570880657211337
11.982715973926227,-15.250301178370929,6.647905016769276,0.10865378759090824,-2.375730831343665,13.437703924133087
12.729081612186379,-15.78827051841586,6.13055537180264,0.1109717514962315,-2.2933354948480624,13.296622052835966
13.473621001279907,-16.28062809183009,5.572054770358543,0.11305530286885336,-2.208039770812961,13.173528396245636
14.216863142158887,-16.722843901292695,4.974682141390909,0.11447319027638277,-2.1194841631873667,13.091689950350393
14.95989943533666,-17.110387949482767,4.340716413853676,0.11489864492075053,-2.028305024839496,13.067429274911703
15.70432996751124,-17.439213631052507,3.67284630045293,0.11419335240997867,-1.9395456849961599,13.107720992307634
16.45100021911974,-17.70835028254064,2.976368068587168,0.11242528166112195,-1.8546443940272717,13.210388137402195
17.199728588518916,-17.91803300957443,2.257600146983248,0.10981811704785824,-1.7727933732232593,13.366279172657702
17.949714175897412,-18.068499746865673,1.52286336265542,0.10664729416292722,-1.6930881103078055,13.563524146094776
18.69970013528866,-18.15998842912615,0.778478542617927,0.10315195556351595,-1.6148794835210127,13.791409805409058
19.44843266831096,-18.19298423337493,0.030473407001886055,0.09951648006546637,-1.5395726390937083,14.04105744935794
20.196365810987395,-18.169634796905143,-0.7170951783000834,0.09587545709224296,-1.4678371097328535,14.305186128645811
20.944213585765343,-18.092772940635875,-1.4609826357095828,0.09232917839137224,-1.399433263810567,14.577319218269768
21.69213245538095,-17.965233622455507,-2.197946921034979,0.08896982602993732,-1.334015741143607,14.849973894046293
22.439792585607737,-17.789851800252347,-2.924745990084629,0.08590847136186772,-1.271062148477802,15.11224473692683
23.186731336286055,-17.569305998548295,-3.6383824848181883,0.08327799106511782,-1.2098203502624547,15.349059655505974
23.93339146494236,-17.305594990269174,-4.336922284570113,0.08122148447547355,-1.1500752149356668,15.54215968166509
24.68032583822771,-17.000532960125277,-5.018719993395584,0.07988140723151323,0.0,15.67198219774663
0.0,-8.89878164225496,8.937993260911659,0.13551323205205038,3.0738408803578223,12.032532610107667
0.7599159360613935,-9.65695412326955,8.989439533004445,0.13397590415984073,-3.0998498977163065,12.101369796526741
1.5120263573838835,-10.40840937944808,8.958053487959678,0.13194783233359628,-2.9948716889439924,12.194015026355627
2.2597153318426377,-11.148065014821576,8.848745008931678,0.1294457459784968,-2.894495666051207,12.311300522512163
3.005129754611265,-11.870838633421062,8.666423979074752,0.1265184659358249,-2.7983982657418465,12.452909344959394
3.7493377707590154,-12.571647839277556,8.416000281543228,0.12322737725845972,-2.706007210020083,12.618104993272976
4.492724658180724,-13.245619619324561,8.102334688768362,0.11965799420914627,-2.6171347761940136,12.804918760827663
5.23639494327781,-13.889337296390448,7.729946389852726,0.11591848206269248,-2.531668319223768,13.009819930657681
5.981389497344264,-14.500002897005341,7.303209457054163,0.11219308974942246,-2.449223336758881,13.224050888766428
6.728162467219029,-15.074820706778677,6.826497432763857,0.10900314268385805,-2.3692885834409267,13.416152918429676
7.4766905921405895,-15.610995011319897,6.304183859372999,0.10650849177180471,-2.2912691537474217,13.572359211344663
8.226595964891196,-16.105737636128236,5.74063456846937,0.1047931307522698,-2.2145367439591515,13.682990382753571
8.977343512952146,-16.556329880203368,5.140144343320897,0.10391728760264282,-2.1384594488201527,13.740530823132302
9.728298135758443,-16.960090513626298,4.506969646722824,0.10391021444846098,-2.062391657726808,13.740998468707092
10.478771579076678,-17.31433867063854,3.8453665690551366,0.1047599109035484,-1.9856863217039518,13.68515965962403
11.228121275156873,-17.616393485481595,3.1595912006978226,0.10637277191889341,-1.9077091627688776,13.58101478209036
11.975850398919402,-17.863574092396988,2.4538996320308755,0.10853009393703363,-1.8278557240456252,13.445359266551417
12.72170969333531,-18.05319962562622,1.7325479534342807,0.11089229084259519,-1.7455740920345277,13.301385050984278
13.465801475406273,-18.182589219410815,0.9997922552880296,0.11304655784658206,-1.6603955787800593,13.174037918846395
14.20868505264907,-18.249062007992276,0.25988862797210716,0.11458355862398602,-1.5719744670163638,13.085383444885574
14.951481034260365,-18.24993712561211,-0.4829068381334941,0.11519498076706587,-1.48090955871926,13.050610800644536
15.695796776957476,-18.183123046140928,-1.2242177065356574,0.11474868085321716,-1.3920102415832858,13.07596526819093
16.44236483234745,-18.05035701193682,-1.9588856869802138,0.11330217013701288,-1.3066183323215623,13.15916919368177
17.19088742420621,-17.854905885358384,-2.681440133124015,0.11105325543323057,-1.2238897802430542,13.29174188883568
17.94051283977461,-17.600040541172813,-3.3864095792699205,0.10824192817075814,-1.1428955851017903,13.463244578168972
18.690000475638406,-17.289031854147296,-4.068322559720777,0.10506854889414664,-1.0629987954651454,13.665045047100609
19.438159941820917,-16.925236416872178,-4.722077457718723,0.10168058105623835,-0.9858607795526623,13.890835116162684
20.185477124953938,-16.512608487919533,-5.345151421589887,0.09818197341993902,-0.9122781497378467,14.13615867409576
20.932686897632728,-16.055356792128173,-5.93611955193417,0.09465071141965266,-0.8419912942330031,14.397439626154899
21.679956740375967,-15.557690993752274,-6.493561002671721,0.09116455256081911,-0.7746292710996637,14.67013523036872
22.426962316898607,-15.023820757046053,-7.016054927722688,0.0878329695363392,-0.7097471357536291,14.945768335194218
23.173268262617146,-14.457727787866261,-7.502379217533563,0.08480914108138318,-0.6470437632399395,15.209873732468203
23.919426678110668,-13.862390826841903,-7.952186158175971,0.08228047074205605,-0.5864390516114335,15.441819745647333
24.666053631676085,-13.240512858518677,-8.36536844277268,0.08045205843890685,0.0,15.616302831682818
0.0,-13.610250065499248,7.730473219884296,0.13760566172191355,-2.6678003763053098,11.940699580236702
0.7660990530072485,-14.29195902606082,7.38092972887257,0.13587961873664345,-2.5572381978716185,12.016299479952691
1.5202944563867609,-14.921009565341947,6.964869486228662,0.13357696562655133,-2.4503754924527645,12.119427054369012
2.267656098501382,-15.496829794640657,6.488444793717197,0.13072409672691737,-2.34800698482212,12.250957002095559
3.01202044537978,-16.018847825255,5.957807953102803,0.12736982766645114,-2.250455927316894,12.411221203949754
3.7560504939180457,-16.486491768483003,5.379111266150113,0.12365198230464805,-2.1576398985480667,12.596422061518146
4.50134857138079,-16.899189735622688,4.758507034623745,0.11973995390982468,-2.069163054552502,12.800535686687013
5.248600460012858,-17.2563698379721,4.1021475602883335,0.11579898907490245,-1.984407458538266,13.016530559187922
5.9977331808899095,-17.557460186829264,3.416185144908508,0.11203055603260655,-1.902608238727121,13.233640040343962
6.748074619677886,-17.801888893492215,2.706772090248892,0.10896384627032403,-1.8229077132597844,13.418571859893753
7.498508814892198,-17.989084069258986,1.980060698074116,0.10667166983347483,-1.7444245961059905,13.561974363539697
8.24778320720121,-18.118526611258996,1.242052064458889,0.10511591469306748,-1.66672445758115,13.661965957936838
8.995921804385496,-18.19018412914229,0.49735309123032373,0.10426834158622632,-1.5896597823785101,13.717380513852811
9.743589622431484,-18.20428689142036,-0.2501817094564253,0.10415141651061856,-1.5129669595702404,13.725078155011976
10.491363081201971,-18.161067724054742,-0.9967051512945238,0.1048431307586301,-1.436364605715675,13.679727295024453
11.239780456876682,-18.060759453006938,-1.7383700479771302,0.10639107994731928,-1.3594978140034721,13.579846216242533
11.989299105269254,-17.903563124692237,-2.4712189537227864,0.1086895511226417,-1.280934702651456,13.435492971641178
12.739141532119675,-17.689243443777812,-3.189780530400573,0.11141930738407452,-1.1990759205929895,13.269890078775294
13.487988220219004,-17.41724819010668,-3.88748386582166,0.11406256073729287,-1.1130078305476898,13.115233863082915
14.235173803006793,-17.087018015508555,-4.557733317079042,0.11599363019551025,-1.0219773384263322,13.005604985221263
14.980888467826807,-16.69799357181317,-5.193933241265711,0.11666268147946417,-0.9267281408624873,12.96825862394424
15.726349721320657,-16.25037870442386,-5.790048507764289,0.11577885743790467,-0.8345313562251281,13.017662157913358
16.473101075179226,-15.748916491862278,-6.343377735134803,0.11339218541227204,-0.7477723310219417,13.153945064007397
17.221724720086247,-15.200021504786452,-6.852447135980015,0.10985670766196126,-0.6657978822826027,13.363931325433613
17.971842258206472,-14.610110924352924,-7.315784840131239,0.10568042992931358,-0.5877751017095895,13.62542824832451
18.722294856375402,-13.985601931718222,-7.73191897741979,0.10134302255904197,-0.5128406414025927,13.913949806459488
19.471669887317503,-13.332630812299229,-8.099603154675465,0.09719585503326682,-0.44076952020538496,14.207687465100147
20.220213620290806,-12.655630174843292,-8.418958532049736,0.09342316670859015,-0.3715303352936573,14.49171835857205
20.968503759806378,-11.958393730506867,-8.690619117312545,0.09005705470240292,-0.304895169640373,14.760063321659748
21.716691003648112,-11.244714059123865,-8.915219826354488,0.08705290883425519,-0.24055925395356068,15.012580990991184
22.464556184773887,-10.518383740528169,-9.093395575066147,0.08438856164792345,-0.17815206754664573,15.247727997163857
23.211819940373484,-9.782947042482402,-9.22581907600292,0.08210777780119877,-0.11737747916019983,15.458049999259842
23.958958651440405,-9.040949266488177,-9.31331509873747,0.08032402129945956,-0.05813300491094201,15.628743977441363
24.706486141972594,-8.294684534768148,-9.356746645937475,0.07920547104408941,0.0,15.738711313153173
0.0,-17.01478285854575,4.252523290964699,0.1366030452960204,-2.119401373476855,11.984439333694274
0.7683614421760853,-17.415481421176274,3.5969167262257953,0.13505557557804754,-2.0103018955934115,12.05290225599869
1.5240871352478331,-17.737036714882407,2.9130135779231017,0.1329754074133947,-1.9044468780275554,12.146809032839277
2.2721967592975747,-17.982038455463435,2.2061598754442135,0.13037778619870607,-1.8026417238812065,12.267216632747795
3.016571454867948,-18.15307635871866,1.4817016481767318,0.12728110548079538,-1.7052610239213655,12.415546080745568
3.7599989219740904,-18.25274014044738,0.7449849255082528,0.12379983139909108,-1.6122977174235065,12.588898178440084
4.504268971164513,-18.283619516448884,0.0013557368263722447,0.12008661351776168,-1.5234410949984025,12.782046537018426
5.2503009352085686,-18.24830420252247,-0.7438398884813116,0.11629866412878463,-1.4381588992099203,12.98853805911345
5.998286868702628,-18.149383914467435,-1.4852559210272018,0.11263608254923164,-1.355768339975062,13.19802069307049
6.747839151172594,-17.98944836808307,-2.2175463314236996,0.10961560115124366,-1.2754899956204053,13.378620528341658
7.498135982914864,-17.771087279168675,-2.9353650902832094,0.10734558448041359,-1.1965193451382348,13.519336757122355
8.24816650237372,-17.496876376767478,-3.633472647271417,0.10581393138102275,-1.1184384678925499,13.616830271981
8.997709611443874,-17.169260490359726,-4.307625970579856,0.10498476392429199,-1.0409667609375768,13.670496724574665
9.746933611938042,-16.790612958304962,-4.954126279462476,0.10482978808681312,-0.9636811637009284,13.680597832715284
10.49593653538178,-16.36330639444711,-5.569280308800871,0.10533790944951198,-0.8861479878373866,13.647562522359094
11.244817786153215,-15.889713412630076,-6.1493947934766435,0.10647117887154327,-0.8079365352366729,13.57473720214917
11.99370743218781,-15.372237028999248,-6.69073931808383,0.10810336049742321,-0.7284968784974117,13.471870377494131
12.742254016992042,-14.813689572777154,-7.189083304472658,0.10999684685764449,-0.6471067839521476,13.355415670267025
13.489921900338269,-14.217176659239723,-7.639837791716557,0.11182027235079943,-0.5631016940936615,13.246077349567594
14.236567815406769,-13.585810289275845,-8.038406015948135,0.11320291421911471,-0.4759147147381281,13.164936835430426
14.982576601796081,-12.922702463774439,-8.3801912133,0.11382799798348531,-0.3859320657966952,13.128739921434878
15.72891413196784,-12.231259563323412,-8.661129684070302,0.11351926177113011,-0.29780131918746183,13.14658063641266
16.476369174263933,-11.516704551449791,-8.880447205623284,0.1122750987297464,-0.2128851437064628,13.219220434876897
17.22502160877788,-10.7849526400435,-9.038623081966344,0.11024271752370622,-0.13049479908664757,13.34051442268328
17.97442555570071,-10.04192040314513,-9.136139083695898,0.10763730690740311,-0.04984923171218344,13.50100420588722
18.723752369570125,-9.29352441479531,-9.173476981408356,0.10465961730599796,0.02958357008979378,13.691715159066147
19.47216455967294,-8.545439701349263,-9.151339506330148,0.10146624333098872,0.1063648748350739,13.905498761521285
20.22013255956033,-7.801698776931186,-9.071931910967438,0.09816191213967985,0.1798796968444466,14.137603083940338
20.968251751212232,-7.065650321238547,-8.938084999197399,0.09480605235780161,0.25042471250068943,14.38563971990948
21.71660448183218,-6.340640763691317,-8.752631633384032,0.09143692925746848,0.3183934144423881,14.648269123295343
22.46483510393579,-5.630016533709485,-8.518404675891341,0.0881146259110733,0.384192844544378,14.921862585326567
23.212360464676074,-4.936984825892036,-8.238223989709157,0.08495959294987508,0.44766780665505346,15.196400616168365
23.959569816322826,-4.263406173927237,-7.914783709586777,0.08216349610936097,0.5086036217100917,15.452807817406633
24.707223949084643,-3.6103861113120033,-7.5507074812254364,0.0799783714310772,0.0,15.662479234385389
0.0,-18.126284900525548,-0.5194640892767602,0.13877024523504292,-1.5716474347956584,11.890490187231068
0.7669415427808555,-18.126937650529918,-1.2864053542772234,0.1370032430508381,-1.4602982001171845,11.96692289336148
1.5210517308010245,-18.04377935367452,-2.0359164438148794,0.13463355411634886,-1.352575692410208,12.071777810023507
2.2676884468709306,-17.88213788031111,-2.7648460836790845,0.13168154020304262,-1.2493889402290284,12.206338339167013
3.010946287718027,-17.647341100791387,-3.4700429996591913,0.12817727824760564,-1.1511549342321323,12.372067611861034
3.753704546016649,-17.344716885467086,-4.148355917544554,0.1242557577039535,-1.057859101312571,12.565781188266557
4.497733632173705,-16.97959310468995,-4.7966335631245265,0.12009380584882715,-0.9691491864609829,12.78166378071929
5.243837196764385,-16.557297628811703,-5.411724662188465,0.11587140722037144,-0.8844317685658323,13.012462376113485
5.992010594838515,-16.083158328184066,-5.990477940525724,0.11181230736575967,-0.8029532869407707,13.246549131198854
6.741602319768458,-15.562503073158773,-6.529742123925655,0.10848926172974696,-0.723859008807149,13.447889226571773
7.491471075312295,-15.000659734087552,-7.026365938177613,0.106004785111884,-0.6462421922052122,13.60456682028761
8.240300946093612,-14.402829649545907,-7.4773042547923065,0.10433328047967892,-0.5694460298046443,13.713110919235897
8.988036275774421,-13.773087114877246,-7.880457405942039,0.10344156882484375,-0.49319204806267025,13.772090028211846
9.735257652130914,-13.114915019927277,-8.234221845524736,0.10333127304093939,-0.41720426799488414,13.779438160092948
10.482473846812562,-12.431791025814803,-8.536998413743518,0.10405001112864946,-0.34119424825684813,13.731764576608283
11.230172631893094,-11.727192793658624,-8.787187950801508,0.10561921461605643,-0.2648128823023862,13.629376185951319
11.97878688006684,-11.004674121359884,-8.983121768067464,0.10792389042849802,-0.18674425239320808,13.483067021668163
12.727617171395984,-10.268863063595294,-9.122150155396985,0.11065834742413853,-0.10549550665647041,13.315437766182614
13.475455215057185,-9.525182619545017,-9.200897451758168,0.11333982610902467,-0.02020006585040266,13.156983033194473
14.22171561232981,-8.77907447013423,-9.215970935771734,0.11538914674886927,0.06985447438966766,13.039626103914035
14.966626498558862,-8.035980296288102,-9.163977886058404,0.11629270359249147,0.16405854527406755,12.988870913163684
15.711367867396776,-7.3012389017354025,-9.042344051993512,0.11576625050432136,0.2557279390593801,13.018370943575256
16.457325120816282,-6.579540610823061,-8.853654357459398,0.1138300232316464,0.3425826716848227,13.128623129571398
17.20498853869087,-5.875323738729676,-8.602498661750703,0.11077807264175986,0.4252808842022574,13.308240447171817
17.954006608231452,-5.193026039686998,-8.2934712869449,0.10704627685247567,0.5046407911992269,13.538223814261176
18.703355001677718,-4.537085267926777,-7.931166555119463,0.10305381161693948,0.581419283971114,13.797975346884122
19.451807223751665,-3.9116157165977423,-7.520108689256654,0.09912032572699941,0.6553036641571921,14.069088143461748
20.199641381093507,-3.3186857491299655,-7.064378527246452,0.09543332127835556,0.7261418240722063,14.338284946743736
20.94738565724559,-2.759566135388031,-6.567884055930536,0.09205740333021777,0.7942034596387949,14.598820960714734
21.69510333376442,-2.2355258352752205,-6.034532869903553,0.08899199412195889,0.8598417922387801,14.848124219843283
22.44245836955948,-1.747833808694807,-5.46823256376014,0.08624948929621985,0.9234854804441148,15.082339685632057
23.18906164470938,-1.2975996099575031,-4.872660891539291,0.08388852306179326,0.9854894563346367,15.293103892019005
23.935403194500832,-0.8852793413384337,-4.250553420895345,0.08201588909358204,1.0459642335176023,15.466706890715102
24.682044120449746,-0.5111616869338746,-3.6044043258989324,0.08077606052926196,0.0,15.584952355192609
0.0,-16.584910949871947,-5.148159672412301,0.13198758811679667,-1.004672472467101,12.192178431483939
0.7679227030723309,-16.173024340935118,-5.796275942284023,0.13071421361123797,-0.9001647140175636,12.251420128511251
1.5237243490653904,-15.703308027371893,-6.388393086824182,0.12899165713334215,-0.7983573449754305,12.332951029805779
2.271914767211163,-15.18115780276538,-6.92425505109158,0.12682567685193036,-0.6999280554072141,12.43781792526367
3.0160602437066544,-14.61196946069867,-7.403605780145008,0.12421245283872412,-0.6052133223892159,12.5679714181843
3.758819198744184,-14.001138794754848,-7.826189219043256,0.12123391758403591,-0.51424141330451,12.721421452123206
4.502017072847329,-13.354061598517024,-8.191749312845126,0.11800870455937056,-0.4267884031489022,12.894088299896888
5.246747405531542,-12.676133665568287,-8.500030006609412,0.1146668894504323,-0.3424401203888985,13.080627911321045
5.993487417270113,-11.97275078949173,-8.750775245394903,0.11138664540328126,-0.26064866292451716,13.271835488094165
6.742219349217811,-11.249308763870442,-8.943728974260397,0.1086318563523301,-0.1807781707902417,13.439060284575111
7.492552093677237,-10.511203382287526,-9.078635138264692,0.10654823221011904,-0.10218553403107998,13.569827884766639
8.243867454904763,-9.76380718267928,-9.155275159321558,0.10519042390810451,-0.02462219803675978,13.65712657729759
8.995628754096922,-9.012273750609385,-9.173783304672375,0.10458921735127145,0.05230221808651265,13.696322348945056
9.747293852522478,-8.261636516052747,-9.134487474254078,0.10476188632801584,0.1292192298587618,13.685030634319267
10.498263677900729,-7.516927671839401,-9.037717561682744,0.10570394259360526,0.2067663223582707,13.623912766030704
11.247980998695201,-6.783179410799368,-8.883803460574462,0.10733536054547589,0.2855690231499921,13.519980609435912
11.99603139351714,-6.065423925762689,-8.673075064545316,0.10944699864034138,0.3662226475037458,13.38892131504592
12.742245901060324,-5.368693409559402,-8.405862267211395,0.11170131163135287,0.44926850579032335,13.253128875863837
13.486805611525078,-4.69802005501953,-8.082494962188774,0.11368106986074561,0.535162386444533,13.137221286344214
14.230347274528905,-4.058436054973113,-7.7033030430935465,0.11497250936214805,0.6242343862420082,13.06323103200952
14.974067253049832,-3.454973602250183,-7.268616403541797,0.1152747720800341,0.7157508574569797,13.04609334823474
15.719622853460697,-2.8923767846457675,-6.779394598911841,0.11448065782382169,0.8046316089139367,13.091262963128518
16.4677042398397,-2.3736745550194644,-6.240345660848298,0.11268661971176495,0.8896211341842009,13.195060894483527
17.217912289316427,-1.9012637544484434,-5.657559119305411,0.11013424493321212,0.9716060976773642,13.347082365695533
17.96922982705036,-1.4775402307864844,-5.037126674955445,0.10710035870717034,1.0515616488062565,13.534805254895195
18.720194176461284,-1.1048998318873604,-4.385140028470659,0.10380472333492625,1.1302055665430024,13.74797874444694
19.46939959987589,-0.7853832865262262,-3.707483814956503,0.10039088354401834,1.2062109095580613,13.97977559982668
20.2173719709845,-0.5186847677717275,-3.0086744217483146,0.09693673703266256,1.2789065666238917,14.226663618201622
20.964996448313276,-0.3035464308613314,-2.292673126293793,0.0934803256712244,1.3484885887849942,14.487287215553119
21.712628253045573,-0.1387077065817408,-1.5634396174469036,0.09005725303517617,1.4152601806285547,14.76004706881337
22.460158003245695,-0.02290802571964612,-0.8249335840616012,0.08674164653512649,1.4795888032030606,15.03949201007582
23.20718933881861,0.045132424850525155,-0.0810073018171461,0.08367099412888983,1.5416687730427387,15.31297035535776
23.95406380255082,0.06688397491319442,0.6655503547942847,0.08104454837666926,1.6015202579540033,15.559116009808273
24.701423913591917,0.04392574664964144,1.412557754577152,0.07910547061020351,0.0,15.748656017218885
0.0,-12.820005213054689,-8.275511614623195,0.13760294727944195,-0.4849258708677145,11.94081735368317
0.7477504007548516,-12.158463325168025,-8.624070063667814,0.13607657727662506,-0.3714409216902309,12.007600141444229
1.4962714778231556,-11.460987404627073,-8.895752126161907,0.134094549190037,-0.26466391353149515,12.096015088191304
2.2462356663776433,-10.737136616233585,-9.09193143255358,0.13166416084343965,-0.16331659076302596,12.207143910443984
2.996890779040155,-9.996470124789326,-9.213981613290931,0.12885018135241852,-0.06581358094194709,12.339719827656928
3.746436524386753,-9.248547095096047,-9.263276298822062,0.12562744756697317,0.029332888325861433,12.496992379057366
4.492909129191641,-8.502395606624457,-9.241383241113573,0.1220008119099827,0.12135498647203262,12.68137546631636
5.237498846613269,-7.763281962299391,-9.151245191087304,0.11803591095977732,0.20945691671826458,12.892602231078365
5.9822089445855005,-7.034848261949609,-8.996398575959512,0.11392518021950725,0.29374325475126173,13.12313913456651
6.728283821762779,-6.32073017967417,-8.780382171669606,0.11023137638126786,0.3745243923002914,13.341200667450632
7.4763019423670105,-5.624563389572144,-8.506734754156984,0.10718727590460592,0.45233970961902387,13.529316567304564
8.22626503355828,-4.950026377144788,-8.178947541144119,0.10498083736104706,0.5285026073107993,13.670752376263644
8.977620767670768,-4.3011833015562,-7.800083314217824,0.10375685215529037,0.6040679846890342,13.751149858982815
9.729573120723936,-3.6823025763761557,-7.372977953372496,0.10357714639721155,0.6797210790634037,13.763073657450283
10.481292240714494,-3.0976544800867902,-6.9004652669136055,0.10441088608820188,0.7561395850824449,13.708013740269443
11.232017466538,-2.551509291170248,-6.385379063146633,0.10611766820626635,0.8339839860544069,13.597329006958205
11.98116042148506,-2.0481372881086735,-5.830553150377059,0.108419201352547,0.913880636371695,13.45223349094401
12.728410228660008,-1.5918087493842084,-5.238821336910355,0.11091393425062421,0.9963981759705215,13.300087203442096
13.473841321041933,-1.1867939534789915,-4.613017431052007,0.11313365573007798,1.0820148602120079,13.168965857868097
14.218022955864589,-0.8373631788751688,-3.9559752411074856,0.1146254051904625,1.171075734516064,13.08299469182119
14.962127562975146,-0.5477867040548805,-3.270528575382273,0.11505690468272022,1.2628361648366266,13.05843919343413
15.70785081403466,-0.3217465048463275,-2.5598887260123337,0.11430327124366853,1.3519504744652349,13.101417063628055
16.456004182478125,-0.1593200532087149,-1.8295798115646755,0.11246288396164927,1.4369818292713215,13.208179506081603
17.206289914410135,-0.059220306597842054,-1.0860014900213473,0.10979881329067873,1.5187907037715866,13.367454074783195
17.957752302653,-0.020157650520706838,-0.3355550696528671,0.10662307634254449,1.598335581935154,13.565064418952593
18.70895035384574,-0.04084247048431067,0.4153581412702366,0.10319557229202883,1.676332189497223,13.788494981116939
19.458479556559013,-0.11979792558831903,1.1607171566643724,0.09969758702268637,1.751619444740731,14.028298546975558
20.206832872282707,-0.25438128605201626,1.8968693177295595,0.09623712927950386,1.8236476577422367,14.278280690805273
20.954819310647377,-0.4415017919500368,2.621072071279925,0.09287229197560691,1.892625187258939,14.534633379605475
21.702730869675488,-0.6780677533128081,3.330584753374029,0.0896515185149618,1.9588616402475947,14.793408654084821
22.450407934239664,-0.9609874802024976,4.022666700120198,0.08665782054431274,2.0227819438310433,15.046764181485202
23.197577977764002,-1.287315953235792,4.6948071628420305,0.08402104519883682,2.084831420573876,15.28103875739159
23.94472497880588,-1.6546843000508424,5.345398539148423,0.0819063234956706,2.145157501979189,15.477048167789787
24.692344816432065,-2.060865098368712,5.973054958449671,0.08049598679733996,0.0,15.612041230156844
0.0,-7.929625832298484,-9.038340871167962,0.13462100822170367,0.09150569965305419,12.072340302465054
0.7598155673101329,-7.172989125143818,-8.968910404419109,0.1331124363252509,0.2002462374063828,12.140555371876271
1.5120126369514977,-6.435822736933003,-8.819290393493837,0.1311254035147506,0.3045202093061448,12.232195869935934
2.259889622379348,-5.722354883074932,-8.595050328287359,0.1286778000325847,0.4042597877315518,12.34798235915021
3.005534309085126,-5.036813778978463,-8.30175969869488,0.12582186047889524,0.4997939735837706,12.487333896094585
3.74998007297602,-4.383427640052469,-7.944987994611612,0.12261869952329499,0.5916968013864283,12.649384029011665
4.493591255951989,-3.766233742205774,-7.530223864161879,0.11915064596729888,0.680187485266006,12.832151503035698
5.237445947156199,-3.187920330379173,-7.062384789983603,0.11552093011280881,0.765389560455677,13.032186407638209
5.982580476187107,-2.65059449414151,-6.546142199658464,0.11190687029476552,0.8476791401978053,13.240951235293858
6.7294669585677855,-2.15636104902414,-5.9861665579646495,0.10881499698533895,0.9275542784319447,13.427746348514406
7.4781193093965665,-1.7073248105584113,-5.387128329680335,0.10639951462870303,1.0055886832847207,13.579307948422223
8.22820687122899,-1.3055845298566116,-4.753696330743316,0.1047441242151889,1.0823539952387953,13.686190901949969
8.97919636559839,-0.9531820069010468,-4.09052389278486,0.10391264954000308,1.1584628459781703,13.740837465868058
9.730426343037255,-0.6521278520162728,-3.4022558673547882,0.10394064452320947,1.2345692014505314,13.738986906254535
10.481182937478366,-0.4044323565478223,-2.693537019276473,0.10482287418542584,1.3113283548653045,13.6810489930328
11.230800065799743,-0.21210581184123,-1.969012113373293,0.10646921107304089,1.3893825269183415,13.574862646739929
11.978760598005554,-0.07715850924203593,-1.2333259144686228,0.10865819274771008,1.4693437732048138,13.437431532118586
12.72479938021964,-0.0016007400957782636,-0.49112318738584104,0.11104046127224827,1.5517710325848,13.292507601864516
13.46900855424802,0.0125572042520119,0.25295130305167535,0.11318774250503219,1.6371389589350493,13.16581911382909
14.211944402066738,-0.03669496754420898,0.9942527920205511,0.11467295514940053,1.7257973885004703,13.080281955692465
14.954733146495524,-0.151367546829972,1.728136514697408,0.11517446782176578,1.8171085450161872,13.051772916813313
15.69900566925655,-0.3328428815381699,2.4499455552542635,0.11455790292143757,1.9060638327179324,13.0868486121617
16.44557234514225,-0.5784795881749769,3.154945136740414,0.11289216612096294,1.991248349810902,13.18304319164207
17.19419896038464,-0.8840488708475238,3.83836976501793,0.1103980605849015,2.0734910597871874,13.3311253669413
17.94404891381061,-1.245318064410288,4.495453871076996,0.10734455204790194,2.1537140157698347,13.519401770385489
18.693848782698108,-1.6580545037177465,5.121431885907793,0.10396103282132027,2.232575555858523,13.737639643758548
19.442342441187463,-2.118019917970418,5.711918612676608,0.10041975468596152,2.3086064475936245,13.977765850443179
20.189987460284684,-2.6209376493832597,6.265133607060748,0.09684247993397777,2.3810969903976043,14.23358529175379
20.937511901489685,-3.1625149573133164,6.78038772857176,0.09331765344691911,2.450292375215934,14.499908770875921
21.685085715401716,-3.7384590464246124,7.256995547920898,0.08992795270681837,2.5165454744509157,14.7706542946432
22.432393071328253,-4.34447712138118,7.694271635819431,0.08678045410587439,2.5803436676213125,15.036128898564272
23.178990479981916,-4.976539772824667,8.091643621820703,0.08401339590414995,2.6422567727948643,15.281734391198306
23.92536148413386,-5.631779447629777,8.449037864079967,0.08178540890889369,2.702447855471125,15.48848472394151
24.672083137003792,-6.307648861926346,8.76651819683023,0.0802622664005823,0.0,15.634755232469008
0.0,-3.428762281631238,-7.082979682151457,0.13539147689647682,0.6374055181916499,12.037941676019704
0.7604853569221008,-2.817603951552041,-6.630405407951363,0.1338772174262909,0.7468091697578872,12.105829165197475
1.5132059717804962,-2.2652123003064446,-6.11908184339858,0.131879571123937,0.8517343994760941,12.197170421148085
2.261514535600117,-1.7723170638721122,-5.556036558731239,0.12941489219267385,0.9521071885446326,12.312767991406252
3.007537161244165,-1.339647978226699,-4.9482971241874525,0.12653114477334645,1.0482581572215606,12.452285422991029
3.7523321836249353,-0.9679347793478605,-4.302891110005346,0.12328796488427071,1.140761801766439,12.61500416842687
4.49628143354842,-0.6577807120842589,-3.626677430003558,0.11976835979089064,1.2297942555947425,12.799017635421642
5.240487961623321,-0.40889450846906783,-2.9253223030676265,0.11607739232130536,1.3154602278191734,13.000911718483604
5.986003297331038,-0.2205992341646592,-2.203977721435507,0.1123952791867616,1.3981430495853444,13.21215117568184
6.733297829930998,-0.09221643968698778,-1.4677936571310037,0.10923508236488422,1.4783521458419504,13.40190217043383
7.48236988347103,-0.02306767555201894,-0.7219200821779241,0.10675513883856014,1.5566749314472286,13.55667150285663
8.232866039007835,-0.012469974862279187,0.028501244954784705,0.10504120274340166,1.6336927275277986,13.66682367537715
8.984255235560948,-0.05969849749497058,0.7784046996385637,0.10415758889661013,1.7100196020488743,13.724671478346442
9.735889201370915,-0.16400570990037266,1.5227659184022986,0.10413927166311569,1.7863107138745737,13.725878441581996
10.487061455233158,-0.32464385438905907,2.2565609453053934,0.10498000747331976,1.8632234734462756,13.670806410643157
11.237108058521928,-0.540865173271591,2.974765824407255,0.106588467245004,1.9414029762004614,13.5672664964509
11.985509450673536,-0.8119219088585385,3.672356599767288,0.1087417819094966,2.021464868515005,13.432265949845183
12.731994098504677,-1.1370663034604718,4.344309315444904,0.11108876283173232,2.1039724487706284,13.289617512644085
13.476644435401294,-1.515550599387952,4.985600015499508,0.1131986449906239,2.189405595873902,13.165185085296887
14.220004364316946,-1.9466270389515508,5.591204743990506,0.11464128859247795,2.2781203079621344,13.082088352350242
14.963185809115888,-2.4295478644618314,6.156099544977303,0.11509251372901072,2.3694565486302626,13.056418946927783
15.707806215697262,-2.9630103164905393,6.675596765540542,0.11441733051380604,2.4583631536821238,13.094885283889496
16.454692662703945,-3.5422491231588964,7.147106860418352,0.11268679537351713,2.54344713838139,13.19505061001389
17.203641136388633,-4.161166148442106,7.568847932699922,0.11012654464135133,2.625527483672599,13.347548982078976
17.953834997925398,-4.813660459460953,7.939039780226959,0.10701231732089532,2.7055178017042842,13.540371749126356
18.704009575826074,-5.493631123336215,8.255902200841168,0.1035819630944907,2.7840646887071627,13.762753656322001
19.45291903536234,-6.195183141510942,8.517990247836577,0.10001706431318756,2.859749455053626,14.005876060381103
20.201025489555413,-6.913772627440256,8.726058547962229,0.09644824281558903,2.931920966964406,14.262645577797057
20.949035115967447,-7.64540032106175,8.881748365006139,0.09297130448882963,3.000826646859857,14.526891859464744
21.697102533868183,-8.386068465549158,8.986703409983763,0.08967416920101688,3.0668185891940256,14.791540232648073
22.44490293464164,-9.131779304076243,9.042567393910547,0.08666431794271766,3.1304135777094073,15.04620013431866
23.19199163415123,-9.878821321585558,9.050918981217144,0.08407174307750469,-3.0908812126264915,15.276430646315267
23.938820994557645,-10.624690595815249,9.013062418706372,0.0820374082976038,-3.0304943117980567,15.464678249150495
24.68593803791474,-11.367201606083306,8.930229598487829,0.08070230628889821,0.0,15.592072223477006
0.0,-0.6184059362702552,-3.108657010701589,0.13550147378480126,1.183220250308858,12.033054662071056
0.7603673179940466,-0.331028612495869,-2.4046877414477876,0.13399480542656522,1.2926434883532512,12.100516265014223
1.5129586804761095,-0.12438211121933129,-1.6810227758782406,0.13200544336786435,1.3976117776962382,12.191353843822682
2.2611231706921124,0.004541690229103779,-0.9440500777134742,0.1295487847025262,1.4980525177379849,12.306403590275243
3.0069882003832697,0.05875091451918735,-0.20015761067401144,0.1266701353947694,1.5942963788091316,12.445451877553117
3.7516180749489045,0.04125368432066878,0.5442666615196166,0.12342784326988387,1.6869135293768454,12.607854029984775
4.495402141395665,-0.0449184895760073,1.2830420630768151,0.1199046571398823,1.7760517398617446,12.791741213964544
5.239445040873999,-0.19656724359206734,2.0114667274515896,0.11620585979427968,1.861803460310338,12.993723433145279
5.984797713486712,-0.41042171520020787,2.725481343229248,0.11251193601984213,1.9445544947538531,13.205300019318788
6.731926018919921,-0.6832107461054342,3.421029220371639,0.10933584015642298,2.024817734566003,13.395725582082635
7.480820476278764,-1.0116631780127552,4.094053668840609,0.10683703077947576,2.1031843882655274,13.551474875048246
8.231119134889088,-1.3925090253950323,4.740509017371449,0.10510182814415035,2.1802349726650005,13.662881459009737
8.98229804770358,-1.8224892864436537,5.3564527925374295,0.10419445682083779,2.2565785842003963,13.722243133908387
9.733723511134542,-2.2983509616337905,5.937998915538583,0.10414946809295694,2.33286673185572,13.725206536862313
10.484700664718883,-2.8168411123875625,6.481261880203918,0.10496054129488165,2.409753730570844,13.672074046466046
11.234573736117296,-3.3747068001271128,6.9823561803624505,0.10653775496936062,2.4878820869895346,13.570495110784918
11.982827438759806,-3.968695086274561,7.437396309843185,0.10866153274945664,2.567865464457363,13.437225014800529
12.729190126169705,-4.595553032252045,7.842496762475141,0.11098546171448792,2.6502660254184205,13.29580075797783
13.473739186846966,-5.2520276994816975,8.193772032087322,0.11308414633994891,2.7355637523943517,13.171848270562927
14.217007988523212,-5.9348661493856465,8.487336612508757,0.11453215287645739,2.824116508980551,13.088319662216689
14.960091925482441,-6.640815443386023,8.719304997568438,0.11500748324425432,2.9152953044724277,13.061244627929039
15.70458947256496,-7.366331161861048,8.886348524403678,0.1143734042161191,3.004120085064922,13.097399634085905
16.45131828939867,-8.106014979706107,8.988680217969403,0.11269531716058778,3.0891875416100563,13.194551713775297
17.200073375783603,-8.853742149910055,9.027900854452033,0.11019064436238836,-3.111872103444894,13.343666207519632
17.950048657657288,-9.603386225418724,9.005614457788079,0.107126475872245,-3.031779166031407,13.533155294006633
18.700000484482675,-10.348820759177933,8.923425051914045,0.10373317299040076,-2.953076187650121,13.752719241355926
19.448701626945457,-11.084257412805602,8.783117072005526,0.10018696489538068,-2.8772247047496093,13.993995311028453
20.19661110793819,-11.80618290904356,8.587688901977778,0.0966156750982689,-2.8049108145923203,14.250281962579088
20.94443630663933,-12.51202223776599,8.340639575241052,0.093114463380387,-2.7358851894638794,14.515720494320018
21.692328750034022,-13.19920332519515,8.045469692010123,0.08977173736717013,-2.6697924604200094,14.783500064573241
22.439956709810083,-13.865154097553319,7.705679852499768,0.0866968042134208,-2.606125998828968,15.043380912238307
23.186865677489767,-14.507518677022837,7.324575204085085,0.08402432601655792,-2.544243050958324,15.280740425956777
23.93352045059657,-15.124874676550977,6.904616968007038,0.08190327482968063,-2.4839585073350605,15.477336210821747
24.68048358577038,-15.716051601576169,6.4480386410723876,0.080485283024717,0.0,15.61307930880661
0.0,-0.28063404906483314,1.765513172958811,0.13537387558239958,1.7329141582645518,12.038724231514559
0.7604396828357093,-0.4033755755352093,2.515981712546578,0.13385942593610062,1.8422905759246742,12.106633635910917
1.5130992801041785,-0.6052172422148967,3.241072335125784,0.13186103428245477,1.947192020758247,12.198027715176561
2.26133351656005,-0.8802463558071416,3.936926816523558,0.12939475645505194,2.0475426605678657,12.313725971126868
3.0072711204677374,-1.2225502230151921,4.599686932567029,0.12650773055214465,2.1436712257396384,12.453437703449614
3.751973236276984,-1.626216150542298,5.22549445908333,0.12325921619746213,2.236150058438129,12.616475217525203
4.495824781637698,-2.0854235678382214,5.810681326191547,0.11973228099577647,2.3251512056613612,12.800945830950173
5.239933045209638,-2.595002823584087,6.352923052757787,0.11603242998498807,2.410776567857539,13.003430366551349
5.985352818813387,-3.150064698518534,6.850474008815275,0.11234065502447403,2.4934078851317314,13.215362873881984
6.732556205244083,-3.7457210710736764,7.301590830190792,0.10917138081817188,2.5735533941481332,13.405811572204845
7.481541530843277,-4.377083819681623,7.70453015271113,0.10668411982362644,2.651800954071732,13.561183009628957
8.231953617539858,-5.039270611004433,8.057555581339038,0.10496523276283624,2.7287431199055407,13.671768506235166
8.983259608463738,-5.72745281186201,8.358995377021254,0.10407897028516414,2.804999273168725,13.729854084207316
9.734810812358763,-6.436830912823233,8.607212866237282,0.10405964847459533,2.881223217301742,13.731128693439208
10.485901138874052,-7.162605692792866,8.80057172262838,0.10490012495003943,2.9580708285734656,13.676010600252836
11.235867500492429,-7.8999779306756714,8.937435619835822,0.10650862919564541,3.0361856156565734,13.572350455486879
11.984191307113564,-8.644148405376427,9.016168231500862,0.10866276889636768,3.116181647364261,13.437148584396892
12.730601770367436,-9.390317895799893,9.035133231264776,0.11101282951658699,-3.084564575207303,13.294161776264815
13.475181489039532,-10.133687180850838,8.992694292768821,0.11313027656039365,-2.999203850923158,13.169162531322423
14.218473589824418,-10.869457039434028,8.887215089654255,0.11458735762632394,-2.9105664299742533,13.08516653011621
14.96158791696116,-11.59282825045424,8.717059295562354,0.11506126689762682,-2.8193010517640182,13.058191656776149
15.706138251732702,-12.299043225972856,8.481229676214708,0.114416369034325,-2.7304245812644763,13.094940303669985
16.452943920585195,-12.983606072211753,8.18274614806027,0.11272084502834755,-2.645329445134089,13.193057558655717
17.201795710328383,-13.642122330856164,7.8261857182555294,0.11019578868251607,-2.56319658245541,13.3433547424914
17.951879321695547,-14.270197765805335,7.416128805065405,0.10711184388671877,-2.4831133106651717,13.534079600388639
18.701939544298504,-14.863438140958525,6.957155826754805,0.10370234429036132,-2.404437547805821,13.754763278382692
19.45074206369553,-15.417839429830604,6.453822513777896,0.10014578325944949,-2.328625437845794,13.996872270070549
20.19875114893331,-15.931980695341935,5.910521169497697,0.0965715107025101,-2.256348854340089,14.253540048913433
20.946673124381046,-16.405490698411956,5.331577684906783,0.09307565782173462,-2.187358461474276,14.518746129084947
21.694658777987286,-16.838001231332935,4.721317759208588,0.08974731966567648,-2.1212993110219003,14.785510991036942
22.442376068430015,-17.22914408639715,4.084067091606561,0.08669577340068262,-2.0576580849003765,15.043470343839783
23.189372940092667,-17.5786300099479,3.4238671858858254,0.08405397207776526,-1.995766962082209,15.278045441316815
23.936110311025022,-17.886505369345162,2.7435514766574016,0.08196715829450588,-1.9354337892645264,15.47130375499599
24.683144509166187,-18.152905694996054,2.0456324557921493,0.08058158676822545,0.0,15.603746973191559
0.0,-2.5368906268173923,6.094401217071028,0.13526838012396428,2.2808881521768614,12.043417766760825
0.7604480516140658,-3.0326293010984067,6.671050509124466,0.13376460699562057,2.390125626624226,12.110923732762892
1.5131211719776587,-3.5825985929105784,7.184909054038809,0.13177984102430917,2.4949241675167175,12.201784881622922
2.261367423188196,-4.17977060670767,7.635750532152955,0.1293300445609983,2.5952070745108307,12.316806224909282
3.007318678573869,-4.817117446943454,8.023348623805795,0.12646183722046733,2.6912988765219703,12.45569717317611
3.7520475604015626,-5.487611218071692,8.347477009336224,0.12323460632464668,2.7837650509165677,12.617734895471612
4.495951797410188,-6.1843964820669814,8.608022225600887,0.11973134535698571,2.8727690336513647,12.800995846833699
5.240127345237523,-6.901844226105954,8.80567338435667,0.11605682351656631,2.958414719778958,13.002063736327703
5.985612076934469,-7.634856835403273,8.94146734521062,0.11239017056772217,3.0410893283423626,13.21245144428718
6.732864869485517,-8.378338833862724,9.016442367331857,0.10924124810711683,3.1213053623584783,13.401523956685752
7.481874912323582,-9.127194745388113,9.031636709889517,0.1067672188885641,-3.083534337831982,13.555904561608468
8.232283493924216,-9.876338955579538,8.988093723352732,0.10505281964152452,-3.0064934150577423,13.666068012764448
8.983568054308183,-10.62077778834572,8.886904223200519,0.10416161375366796,-2.9301553250435837,13.72440631423187
9.735094167478955,-11.355567624801623,8.729184867956223,0.10412846604919436,-2.853868637042387,13.726590596850144
10.486166823674473,-12.075765348165937,8.516052575364393,0.10494792922546099,-2.7769791280601788,13.672895531583201
11.236130710771022,-12.776427841657348,8.248624263169585,0.1065308400212593,-2.698844467726226,13.570935531914701
11.984471618633092,-13.452611988494525,7.928016849116341,0.10865812710892729,-2.6188512753709317,13.437435590758387
12.730919606130508,-14.099374671896168,7.555347250949215,0.11098372079851226,-2.5364378152649314,13.295905037111984
13.475554409400248,-14.711772775080949,7.13173238641275,0.11308252993443875,-2.4511247240234417,13.171942408816543
14.218912391634635,-15.284863181267554,6.6582891732514975,0.1145296147286048,-2.3625549991129695,13.088464688533342
14.962092576240913,-15.813702773674667,6.136134529210005,0.11500413761769498,-2.271368525291157,13.061434609568247
15.706695242987685,-16.293714772077003,5.566905565860282,0.11437144838754973,-2.182549014140788,13.097511619792419
16.453534048984128,-16.722626662982876,4.955511427859483,0.1126998319416783,-2.097479744593572,13.19428742509101
17.20240257974969,-17.099059655118033,4.308130335454749,0.11021002238548855,-2.0153446306788863,13.342493070598069
17.952494823877185,-17.421636922719554,3.6309432998973943,0.10717230488465242,-1.935234669333726,13.530261488222772
18.702568561321804,-17.688981640024526,2.9301313324387444,0.10381921703224446,-1.8565062080841734,13.747019075881553
19.451400617334063,-17.90003143798096,2.2116555632620143,0.10032706184225544,-1.780586001887673,13.984221371063937
20.199441574718943,-18.055814102377642,1.4800156003029366,0.09682117020711457,-1.7081309060761125,14.235151550425996
20.94738456655726,-18.158209951099312,0.7391149259850995,0.09339201424371182,-1.6388868210386085,14.494135108422823
21.695377522619697,-18.209101814764992,-0.007144734275090103,0.09012222719340102,-1.5724957774426591,14.754725496467154
22.443095523159897,-18.21037252399369,-0.7548616550612174,0.08711525683965145,-1.5084594320210458,15.007207872091202
23.190099989209934,-18.1638367376795,-1.5004152030313294,0.08450013241822564,-1.4461794149494551,15.237658530495663
23.93685740041577,-18.071018805233326,-2.2413817762363974,0.0824207306397376,-1.3854792816855412,15.428675212897037
24.683923330412846,-17.933365812014923,-2.9756563551375104,0.08102431001391278,0.0,15.561059053118706
0.0,-6.719400667286347,8.61668449202938,0.13559119150597168,2.8282154845841276,12.029073028349693
0.7601579128249892,-7.442537298340579,8.85102071470522,0.13405675703355288,2.9378817955969208,12.097719958883095
1.5126336458424312,-8.17945378804059,9.00325019932745,0.13203425187154988,3.042980185564512,12.19002376788858
2.260763145317873,-8.923948672022156,9.07690558413161,0.12954041566499783,-3.1397343246423874,12.306801112139379
3.006636247110438,-9.66982048592105,9.075519507353235,0.12662517933776543,-3.0435406886852197,12.447660934148454
3.751260136632847,-10.410867765373037,9.002624607227851,0.12334741813574265,-2.951026830190832,12.611963621079004
4.4949668795192865,-11.141111346584285,8.861755762146592,0.1197893912001342,-2.8620005024223962,12.797894034475506
5.2388770421743125,-11.856134041657345,8.656463590761794,0.11605678045685999,-2.7763664502732004,13.002066148337445
5.984082814565425,-12.552188272561267,8.390305459483066,0.1123328601402507,-2.693755107685229,13.215821375158853
6.731089150763797,-13.225529019112972,8.066838760495818,0.1091387655927459,-2.613668275639933,13.407814512669916
7.479921548491266,-13.872411261129368,7.6896208859854625,0.10663725865286922,-2.5355215709008796,13.564162348942606
8.230242052142058,-14.489094006710452,7.262206275213493,0.10491790333249768,-2.45868119405774,13.674851859358977
8.981499720932572,-15.071873669321839,6.788121947521557,0.10404730861310998,-2.3824972152698027,13.731942907552236
9.73301480254788,-15.617066963283094,6.270880040755545,0.10406022470939223,-2.3063084171636272,13.731090675603413
10.48405602676046,-16.120990804378778,5.713992545077915,0.10494768307122924,-2.229452839222593,13.67291156627284
11.233941802291696,-16.579962108393442,5.120971450651112,0.10661368931867957,-2.151281885609363,13.565661582352456
11.98214242000454,-16.990297791111644,4.495328747637588,0.10882900165997081,-2.0711775326224737,13.42688235298944
12.728384176003303,-17.348314768317938,3.8405764261997906,0.11123505356329398,-1.9885755577969226,13.280875798820086
13.472755875844328,-17.650329955796884,3.1602264765001715,0.1133938505232292,-1.9029972010107106,13.153848486171801
14.215816933809988,-17.892660269333035,2.4577908887011795,0.11486916706698262,-1.8140904288621662,13.069105841899939
14.958704437177017,-18.071622624710947,1.7367816529652644,0.11533229707959462,-1.7225194549218446,13.042839430521425
15.70306917594693,-18.184127168584773,1.0009680951044828,0.11464554740128438,-1.633398511612856,13.08184536801377
16.449750867799246,-18.230840548018378,0.2557490607734135,0.1128788702661776,-1.5481640719599261,13.183819568627381
17.198532376230418,-18.213895380796288,-0.49284068580095386,0.11025756276264266,-1.46598647114355,13.339616307445018
17.948572483745334,-18.1354276324794,-1.2387649281708237,0.10705681756473086,-1.3859396277139326,13.537557323771983
18.698573065185336,-17.9975732686286,-1.9759874498884058,0.10351431292712779,-1.3073705837952425,13.76725009503395
19.447254280344843,-17.802624436082713,-2.6988418713466364,0.09981394346050582,-1.231768910621101,14.02011961722162
20.19510322969043,-17.553912291091358,-3.4041221843932297,0.09609248495339165,-1.1598414721381338,14.289022811815197
20.94286668325625,-17.255192110119463,-4.0896266963906305,0.09245573086360885,-1.0913528552740432,14.56733926614262
21.690715272571495,-16.910220425010333,-4.753156687433819,0.08900394664630383,-1.0259579003435568,14.847127204893415
22.438316412622047,-16.52275376760726,-5.392513437617763,0.08585720427197799,-0.9631173443160568,15.116755926017147
23.185197443527315,-16.096311959113336,-6.005684423799062,0.08315680744451953,-0.9020204495926519,15.360239468445249
23.931804815919108,-15.633395955504486,-6.591458562962435,0.08105253268024107,-0.8424399655904876,15.558349653544028
24.678695587036227,-15.136232641953864,-7.1488403563853,0.07969130290899748,0.0,15.690663656270257
0.0,-11.6902232021921,8.564379817590543,0.1349697679394669,-2.895075237028018,12.056732962345693
0.7606396989378411,-12.427867355264489,8.37876232100585,0.13350775373625937,-2.786298235762161,12.122568046061748
1.5134579320809205,-13.133667656688875,8.116882144852873,0.13157468835117314,-2.6818114099023895,12.211293681534588
2.261792984127111,-13.804287808660192,7.784806909565833,0.1291852795074541,-2.581699921606637,12.323705347182006
3.0078034749290175,-14.436391513373387,7.388604235578952,0.12638162893595573,-2.485659402144834,12.459649028151949
3.7526192959446627,-15.02664247302339,6.934341743326444,0.12322254954553752,-2.3931555176865102,12.618352170018456
4.49670012950078,-15.57187014707107,6.427998904611288,0.11979079001043794,-2.3040748615775346,12.797819313669097
5.241111679431788,-16.070111591540066,5.8749129992727624,0.11618903599884721,-2.218314826679119,12.994664115495658
5.986834501656831,-16.51993835594829,5.280137067001366,0.11259053654991498,-2.135467855821457,13.200689882427804
6.734278602714342,-16.919924369588344,4.648722881938969,0.10949015405289363,-2.0550043024204077,13.386282465478978
7.483394718590747,-17.268643561752807,3.9857222182274503,0.10703827858890554,-1.9763316822320525,13.538729611110028
8.233803487646146,-17.56468788830128,3.2961781098531553,0.10531455079857725,-1.8989742681454211,13.64907593121485
8.985022320402946,-17.80681980106239,2.585050926072971,0.10437995515744308,-1.8223940990117329,13.710044619451551
9.736476609653641,-17.993895657018875,1.857255506362586,0.10427075098467449,-1.7459516288875556,13.717222029767054
10.48751720615318,-18.12477279166288,1.1177062157688087,0.10498705896670274,-1.6690014420434025,13.670347305004809
11.237519700676902,-18.19830854048652,0.371317419338454,0.10644892304177742,-1.5909077644848315,13.576156185095135
11.985984998647018,-18.213360238981945,-0.3769965178816782,0.10844920954096379,-1.511061308822239,13.45037224472246
12.732641452335926,-18.168785222641255,-1.1223212308447759,0.11065464545730767,-1.4289012378812882,13.315660497234777
13.477549067628614,-18.063440826956597,-1.859742354504027,0.1126514256236581,-1.3439446439671405,13.197121888148603
14.221205217699662,-17.896184387420096,-2.584345523812627,0.11402254094312549,-1.2558248788815847,13.117535242732181
14.964649649583693,-17.66587323952388,-3.291216373723766,0.11445111063193089,-1.1651500610998062,13.092952687743605
15.709414567940255,-17.371979572231915,-3.9755418050357534,0.11380263367126041,-1.076802194380067,13.130202892761663
16.45631264272188,-17.017840629201466,-4.633145289775436,0.11214295380972392,-0.9921481689796365,13.227006581474203
17.20517757943179,-16.608291883828617,-5.260097057136422,0.10968994795963899,-0.9103983295218979,13.374085849986134
17.9552531824924,-16.148172092931393,-5.8524678770891185,0.10671277336285481,-0.830670583087631,13.559362241959638
18.7053518011861,-15.642320013327812,-6.406328519603939,0.10344422089413632,-0.7523282451180396,13.77191348660439
19.454289567235616,-15.095520651403437,-6.918107998690719,0.10005972681251595,-0.6766956998146515,14.002889926850962
20.202477975124218,-14.512198409076529,-7.386638739737228,0.09668065321733874,-0.6043794449876271,14.245492469849118
20.950567403425357,-13.896629366787455,-7.811741723626119,0.09338967236018693,-0.5351184683594233,14.494316836225872
21.698688848917417,-13.253089147418006,-8.193240980845646,0.09025868740189949,-0.46855331784083326,14.74356772183015
22.446524445447064,-12.585853373850028,-8.530960541884083,0.08737944695023646,-0.40420840984280565,14.984503952669902
23.193654157300056,-11.898931849078679,-8.824799996585687,0.08487012053420852,-0.3415716212238158,15.204408643572735
23.94053951836584,-11.195194513869225,-9.074982940861789,0.08286605849260237,-0.2804837646681037,15.387162488973058
24.687727061305242,-10.47720583863535,-9.281819800632297,0.08150890025579485,0.0,15.514733523771223
0.0,-15.815939201890739,5.945788035269135,0.13846904850415892,-2.3534713224163863,11.903415117191283
0.7652731981181375,-16.355593477731272,5.403186588233659,0.13669426933999024,-2.2422931267369663,11.980439738514134
1.5183741835676328,-16.824141668627455,4.813590381416726,0.1343239390799907,-2.1348579162759225,12.085682348759796
2.26450173122083,-17.223038623664408,4.183044953529709,0.1313837718932983,-2.032007748589086,12.22016263413461
3.0075935049447837,-17.553739191927292,3.517595843283992,0.1279197028872789,-1.9340972157939946,12.384517266785323
3.750383470298402,-17.81769822250122,2.8232885893909474,0.12407188618021366,-1.8410600045181564,12.575088757484542
4.494514904516049,-18.016370564471345,2.1061687305619516,0.12001438792044193,-1.752504399631954,12.785892094280502
5.240686453066342,-18.151211066922812,1.3722818055083867,0.11591780458847262,-1.6678084443670727,13.009857947805811
5.98881258428209,-18.223674578940756,0.6276733529416254,0.11199050337041082,-1.5861982988637888,13.236006269546857
6.73818590734207,-18.235215949610314,-0.12161108842695484,0.10877982711154667,-1.506804439477177,13.429916832009521
7.4876347573823905,-18.187290028016633,-0.8695259798859734,0.10636310712525046,-1.4287277126955185,13.58163178874479
8.2358434167257,-18.0813502740278,-1.6101965992851077,0.10470148116866505,-1.3514867410464126,13.688977662382595
8.982836745140567,-17.918837544651115,-2.339297858018668,0.10376387191320481,-1.2749230519283887,13.750684714209324
9.72930452703456,-17.70118598435609,-3.053330033559014,0.10356887437706237,-1.1987872542480495,13.763623267798588
10.475839345161233,-17.429829675111524,-3.748801088390624,0.10419160393925704,-1.122810129372965,13.722430995931367
11.222984634386696,-17.106202698886246,-4.422218984997986,0.10568305458011733,-1.046645105695552,13.625259054336903
11.971198252242948,-16.731737977847793,-5.069984213026733,0.10795023573751487,-0.9688189536509736,13.481421661891444
12.719752233389023,-16.30785179610931,-5.686955498923258,0.11069606892707705,-0.8877017501406099,13.313168866353127
13.467386263919899,-15.835947986376976,-6.266837761083388,0.11343207140309555,-0.8024132219026912,13.151632227660087
14.213483594766057,-15.317430081000662,-6.8033080854256776,0.1155633971582703,-0.7122347107528341,13.02979168521802
14.958266252004943,-14.753701612330236,-7.29004355786868,0.11656028012703858,-0.6177531336591466,12.973953807143301
15.702929484611053,-14.146665616429068,-7.721356239893749,0.11612994279511053,-0.5257294542289833,12.99796986095188
16.44884889238136,-13.501476583112431,-8.095691482926451,0.1142950632070385,-0.4385387070282875,13.10188748656983
17.19648131377706,-12.82459028562451,-8.413148846670133,0.11136239454396889,-0.35550369469220555,13.273280468720428
17.945436878818544,-12.122465945567605,-8.673832274425456,0.1077844426836498,-0.27578565638220165,13.491786082020187
18.694651700656635,-11.40156278454403,-8.8778457094931,0.10398343677261708,-0.1985724078848759,13.736159643486946
19.44283469037279,-10.668082190754753,-9.025439763015374,0.10025347925346478,-0.12398999105413727,13.989352346147426
20.190190326453127,-9.926463941320538,-9.117867133892057,0.09672511442142707,-0.05213719128084239,14.242218046222133
20.937258151326642,-9.180411258733432,-9.15679950815602,0.09338195495879718,0.017258277889633834,14.494915747183306
21.68415575129434,-8.433624887041262,-9.143909981696526,0.09013664083831772,0.08454748765320796,14.753545756933898
22.430641522881373,-7.689805570291828,-9.08087165040284,0.08694767256922459,0.14992170495997803,15.021663304472417
23.176467564231707,-6.952345627331425,-8.96947453874752,0.08388935504430244,0.21270986902597197,15.293028057159985
23.92232590709593,-6.223297122539856,-8.812016781614547,0.0811636780237186,0.2727205045826383,15.547693352303682
24.66886572506808,-5.504348157078734,-8.610934497759722,0.07907401036682862,0.0,15.751788532022815
0.0,-17.98872204454619,1.5737596074694953,0.13373564651106953,-1.7932740593226988,12.11223496361434
0.7598865618348547,-18.15638870708638,0.8326014076701332,0.13226780514547976,-1.685299996220652,12.179256762594575
1.5124015174476086,-18.24236626643193,0.08501421027450687,0.13033909743145247,-1.5817129971619992,12.269037132673258
2.2607489665801976,-18.250535566590973,-0.6632886476367563,0.12796986197096555,-1.4825588611222653,12.382089929378544
3.006957196437728,-18.184777451571623,-1.4065938289830264,0.12521885216997505,-1.387501938660617,12.517364767427127
3.7520324458857734,-18.048972765382008,-2.1391879966836758,0.12214925990452502,-1.2959671399461947,12.673667349040594
4.49632564727778,-17.84698458728685,-2.85554904081447,0.1188404385969198,-1.2076970753057021,12.8488882313377
5.240855146290013,-17.58254772487313,-3.551535621645015,0.11538821071897616,-1.1225388898584843,13.039678992113027
5.98661013096962,-17.25934065514665,-4.223612765471008,0.11195741413650387,-1.0401080657425057,13.237962071418572
6.734049011908252,-16.881041613359226,-4.8682481009293666,0.10902840246812007,-0.959906364451363,13.414598710338593
7.483203926554177,-16.451328834762695,-5.481909256657014,0.10674105375454017,-0.8813803777133773,13.557565904602608
8.233788853568386,-15.973891800457984,-6.061073836837164,0.10517317242334175,-0.8041003966939105,13.65824660536601
8.98529572663776,-15.452526831001244,-6.602314216792209,0.10439071892281532,-0.7275225660753466,13.709337784133329
9.73706234069447,-14.891089301332844,-7.102255155594118,0.1044384833883212,-0.6509828223087756,13.706202503985892
10.488366727394972,-14.293435208957117,-7.55752196455559,0.10532371909197981,-0.5738140093309242,13.64848185673132
11.238530016617304,-13.663420551378437,-7.964739954989323,0.1069649275136881,-0.4953614442310605,13.54337085625296
11.987020019455466,-13.004901326101134,-8.320534438208009,0.10914042293255069,-0.41500032019001076,13.407712711775034
12.733556690857284,-12.321733530629562,-8.621530725524345,0.11149030734135408,-0.33215905993510514,13.265664136430896
13.478219973726675,-11.617773162468076,-8.864354128251025,0.11356711822248802,-0.2463511130482435,13.14381042678084
14.221559283375916,-10.896876219121022,-9.045629957700744,0.11492128949759621,-0.1572164585290078,13.066141791927954
14.964702038195874,-10.162898698092754,-9.161983525186201,0.11521657506408677,-0.06547698819954006,13.049387758188704
15.709298782433414,-9.419897514665134,-9.210702648272541,0.11432195028814604,0.02356514002127805,13.100346710088228
16.456252818695567,-8.673150866503708,-9.19310220089193,0.11233065493441462,0.1084566808542685,13.215951095776843
17.205409594178604,-7.928395883674728,-9.112010340612692,0.10950469737379386,0.19001020663343274,13.385393527868914
17.955942824060873,-7.191370520110482,-8.970257941618883,0.10616142937317173,0.26914169628192436,13.594526243682763
18.706521851267006,-6.467812729743269,-8.77067587809457,0.10257468528271001,0.3465530874777981,13.830162660174645
19.45579506736452,-5.763084504052143,-8.516179354984043,0.09894826050943267,0.4211570754760906,14.081315365863333
20.204169526512487,-5.080105609813362,-8.210231383705613,0.09541795875084634,0.4924324088908135,14.339439137873692
20.9523495393725,-4.42082023488115,-7.856513804210756,0.09207004697521501,0.5606093173181632,14.597818535668857
21.700521475656796,-3.7871700096436935,-7.458709030106783,0.08897544326961208,0.6260160037175454,14.849505134136082
22.448420289071713,-3.1810965644891986,-7.020499475001008,0.08622189533580937,0.689167633208435,15.084752897286526
23.19564886532645,-2.604403796526782,-6.545340557846414,0.08391588188585089,0.7508644982022473,15.29061073785898
23.942604600649464,-2.05830496632605,-6.035714284793959,0.08217099165204357,0.811352754704577,15.452103016295414
24.689788998600687,-1.5438550444504617,-5.4938417883301405,0.0810984667463981,0.0,15.553942969297182
0.0,-17.531121969451426,-3.265995785907319,0.13710183144493543,-1.2591427711164727,11.962619510754987
0.7711600153584164,-17.29465889496726,-4.000007355089364,0.13567873053015178,-1.150474837606416,12.025191891449376
1.5279807729231147,-16.98583517254134,-4.6909527708407115,0.13373529382517982,-1.0445365482197813,12.112250934639953
2.275759686282793,-16.61022378799081,-5.337551093651262,0.13126906072651767,-0.9422648180928684,12.225500801114315
3.0187147975376205,-16.17339772713282,-5.938521384010913,0.1282478034545959,-0.8441854420632334,12.368665386680243
3.7600031561833607,-15.680929975784522,-6.49258270240956,0.12475800923582331,-0.7504402871487149,12.540462185030396
4.50179267246083,-15.138393519763081,-6.998454109337108,0.12094017492637356,-0.6608520621340681,12.73686101559238
5.245370672276238,-14.551361344885628,-7.454854665283449,0.11695395396357118,-0.5750016961095084,12.952100045288377
5.991273124115423,-13.925406436969318,-7.860503430738483,0.11301545026049965,-0.4923006246440319,13.175850859889486
6.7394221258634674,-13.266101781831306,-8.21411946619211,0.10967153940226765,-0.41204908924689404,13.375208224364384
7.489263698429676,-12.579020365288745,-8.514421832134227,0.10710228093575798,-0.33350179413690934,13.534683796868434
8.239956947621517,-11.869688952801496,-8.76016418021662,0.10536465681526594,-0.25613458029539093,13.645830176513282
8.990939116366897,-11.14320646566508,-8.950420359242697,0.10447171923193307,-0.17945522419891352,13.704022157566305
9.741762793398973,-10.404440207671144,-9.084437559786508,0.1044115721291709,-0.10286357093929893,13.70796870606386
10.491912936755735,-9.65825520339278,-9.161464678181725,0.10515009418507604,-0.02575219953415653,13.659745358082546
11.240900004062105,-8.909516477403063,-9.180750610761995,0.10659133517387238,0.05247711917946211,13.567083977619156
11.988356381664806,-8.163089054275066,-9.141544253860989,0.10853240477456264,0.1323959419528845,13.44521612994646
12.73413418756158,-7.423837958581885,-9.043094503812362,0.11066426945837078,0.21452700036245803,13.315081486684907
13.478404696633836,-6.696628214896595,-8.884650256949778,0.11261379885412942,0.29931534811766813,13.199326410101861
14.221758624785108,-5.986324847792277,-8.665460409606895,0.11401378074024847,0.3870918485101821,13.11803916889869
14.965304997462972,-5.297792881842016,-8.384773858117377,0.11458991724179053,0.4773158575366153,13.085020387723448
15.710578530057528,-4.635817672324412,-8.04239766097439,0.11422308005889899,0.5655282211832781,13.106015191376782
16.45812525472766,-4.004659738107517,-7.641815874518613,0.11295571705145212,0.6505433822332973,13.17933419338545
17.207467210307748,-3.4083672550125765,-7.1880002280309006,0.11094390742459251,0.733243219359022,13.298290488454265
17.957633685848165,-2.8509878004708025,-6.685926643105896,0.10836885482935495,0.8145817033236563,13.455357950890868
18.707326612405772,-2.3365689519133905,-6.140571041338229,0.1053689102931467,0.8951726641559734,13.645554752426749
19.455370336128652,-1.868754306284707,-5.556859751455549,0.10203794009776283,0.9730191640493391,13.866489658593466
20.20240825298378,-1.4483165160095126,-4.93936666345556,0.09844304099259497,1.0471159510390078,14.117402116642728
20.94936566096773,-1.07478502741726,-4.292513050671218,0.09464527139332296,1.1176781349271132,14.397853384267512
21.69656132647904,-0.7476842979027367,-3.6207195739911047,0.09072010480478153,1.1850457211001206,14.706026231724325
22.44378260960704,-0.46653878486074163,-2.9284068943038033,0.08678320049138195,1.249610382875507,15.035890978914294
23.190486857819266,-0.23081016826139056,-2.2198878376692344,0.0830144405336181,1.3113720085412113,15.373404808993909
23.936987824906982,-0.03931462260700691,-1.4983664243643862,0.07965598982474913,1.3702086437626748,15.694141218841343
24.68393627073839,0.10951131838875838,-0.7663945533087573,0.0769918939014126,0.0,15.96335529208037
0.0,-14.630827412744008,-7.244404330986127,0.13685734175794098,-0.6984647278436081,11.973300014436228
0.7654614567511607,-14.044613808902692,-7.736628723355081,0.1350293478453172,-0.5876718980695559,12.054072751946665
1.5193508458610079,-13.417201659825434,-8.1546038496517,0.1326006319982655,-0.481117180611407,12.163962341128476
2.2665681720610653,-12.754809581297756,-8.500393477716722,0.12959211727862582,-0.379516311481569,12.304345947220959
3.0106688381993028,-12.063656189105195,-8.77606137539087,0.1260491903916088,-0.28308190370886077,12.476068440718628
3.753948055012307,-11.349960099033265,-8.98367131051487,0.12209060412092305,-0.19156872058222293,12.676711352890509
4.497710875163738,-10.619803110576619,-9.125283120924635,0.11789303438551535,-0.1043640510570211,12.900412181298357
5.243099469205671,-9.878470165700012,-9.202933754974763,0.11367965095722972,-0.02102418747413477,13.137303272113781
5.990776379829653,-9.130958491739687,-9.218651896507877,0.10977033897266654,0.058948664156468114,13.369187698794802
6.740772665763969,-8.382264926423709,-9.174466218175219,0.106881926390707,0.13616881956479637,13.548628463228523
7.4926107926707175,-7.637386307480142,-9.072405392628033,0.10524749308026057,0.2114787467023739,13.653423405082018
8.245424873359674,-6.901343730454624,-8.914385251857327,0.10488896535481777,0.28695582035251593,13.676738099222067
8.998177421388464,-6.1793712912650385,-8.701330809015888,0.10567620422225014,0.3640244011599953,13.625700665130218
9.750000986062819,-5.4768135550359265,-8.433653205051195,0.10735365677372984,0.4433762952183429,13.518828469421631
10.500351057304446,-4.799016023904636,-8.111759222186274,0.10958669430424552,0.525632686443511,13.38038490635642
11.249121969147755,-4.15132420000851,-7.736055642644145,0.11198665092447284,0.6111515001318448,13.236233931077589
11.996721020412169,-3.539049684552486,-7.30707515453945,0.11412593130171579,0.6980909772977836,13.11159214956401
12.74342053614087,-2.9670251242976313,-6.827129252114273,0.11556833007364972,0.7853845494521041,13.029513603024245
13.489120526277063,-2.43972842609975,-6.299846910897796,0.1159054011200412,0.8736850810478997,13.010554039841846
14.233817008892025,-1.9616291428365162,-5.728888132558868,0.1147854402847334,0.9636497035141485,13.073871364342047
14.977748122818468,-1.537196827385607,-5.117912918766345,0.11196109561493185,1.0545366080665601,13.237744427794821
15.721743291665595,-1.1699379103923135,-4.47088146732308,0.10735925385846971,1.1398188950489763,13.518476071713819
16.467515446492687,-0.8583848396465523,-3.793304319668045,0.10110644579419413,1.2175019131616016,13.930218608028945
17.215847221558576,-0.5994690623049355,-3.0911910340674584,0.09348513042226543,1.288075205438172,14.486914921275783
17.966279079776474,-0.3901212589086338,-2.370551407734359,0.08483730526714048,1.352224144275668,15.207348874940541
18.717303589824954,-0.22727210999880754,-1.6373952378817782,0.07550204489157555,1.4103267848818382,16.12008280728965
19.46718955663231,-0.10745403020347233,-0.8971435300358852,0.06580511284184641,1.4607986084512157,17.26697986591663
20.21662469601918,-0.025184013632754798,-0.15223771550543297,0.05604779819004738,1.502936789221354,18.709679547281585
20.96640916677332,0.025656973106613634,0.5958210700531825,0.04650300745028586,1.5367547155455439,20.540183150985545
21.716554750023146,0.05118820570004878,1.3455320491854605,0.03742736496038304,1.5623407269144924,22.8954441963434
22.466443990950243,0.05752889351844637,2.0953944827932567,0.02906653418172034,1.5805973247702525,25.98037441517755
23.21534548048117,0.0501890290478233,2.844260003037843,0.021627072966050077,1.5943339932369327,30.119002774291914
23.963486109805213,0.032581170424236916,3.592193398842622,0.015245741822387426,1.6041219166035028,35.87244499678629
24.711228232909217,0.00766683536704349,4.339520341065863,0.009982142060917914,0.0,40.0
0.0,-10.046681175786244,-9.130938115800618,0.10714379264136895,-0.0668344094931463,13.532061633784421
0.7379603267172661,-9.310368410372277,-9.180222548404544,0.10746870826845273,0.012339919947768566,13.511590253450551
1.480296421833939,-8.568088833642243,-9.1710624128951,0.10793590860719006,0.09147744514803423,13.482316368245977
2.2262634071962792,-7.825240844090693,-9.102918391368638,0.10859525170667148,0.17129142925848817,13.441325052396063
2.9752423751935178,-7.087222840212171,-8.975251165921502,0.10956358009556183,0.25244228820994125,13.381796223311436
3.7268541024634056,-6.3594332205012165,-8.787521418650035,0.11094763110114422,0.33519805235211153,13.298067326854737
4.480761375246476,-5.647484523088279,-8.539518942438148,0.11275347997821288,0.4186201000712447,13.19114816254632
5.235241144240811,-4.958153524256492,-8.232822845509421,0.114822531258222,0.5033749361124872,13.07175959431625
5.988178615326499,-4.2986107660816835,-7.869617413964026,0.11681098733321277,0.590748877543314,12.960023683551329
6.73780633806224,-3.6760271013147854,-7.452087411378113,0.11812364772044788,0.681979246624957,12.88781336907181
7.482922728328977,-3.0975733827067504,-6.982417601327831,0.11819004465078249,0.777353474720482,12.884192826321264
8.223436365327654,-2.5697557797031028,-6.463024662850138,0.11661675688868729,0.8706678179236961,12.9708118515319
8.962064679915656,-2.0938457600373184,-5.898151721125342,0.11331104178834121,0.9583669739747954,13.158654041698876
9.701743439857463,-1.668636260518225,-5.292906688574251,0.10852080030189476,1.0402750311376185,13.445934973864773
10.444319434418734,-1.2929053938781756,-4.652402649904254,0.1027488918417308,1.116557573813029,13.818433562066433
11.190650908296702,-0.9654312728495107,-3.98175268982272,0.09654580820183625,1.187608615297284,14.255437197304083
11.940731393177368,-0.6849920101645814,-3.2860698930370384,0.09031349436036712,1.253968680004923,14.739093507933736
12.693816052786143,-0.4503657185557355,-2.570467344254583,0.08418377009968477,1.3162630866743563,15.266262876331956
13.448541832872158,-0.26033051075532043,-1.8400581281827326,0.07798784619547054,1.3751612084505074,15.861098198181717
14.203037075689561,-0.11366449949568036,-1.0999553295288702,0.07134895042862673,1.4313539676270204,16.582601477956217
14.955019370157654,-0.009145797509166442,-0.35527203300037213,0.06390869436538499,1.4844032926517552,17.521292153937758
15.702825177903536,0.055379078897194844,0.38974478991251726,0.055519868421294784,1.529780655964971,18.79842120260386
16.448160168871684,0.08594092290608835,1.134452935733595,0.04633207550646578,1.5659109037394359,20.578036684162388
17.192864001099426,0.08957910170521721,1.8791478809223687,0.036776988068574545,1.5926004059346108,23.096996989192654
17.93801834703166,0.0733329847289923,2.6241251040271365,0.027452378272088736,1.609795855757294,26.7332404392535
18.684140667004403,0.04424194141183335,3.369680083596199,0.018947584133366734,1.618370976794672,32.178153519061
19.431351040566806,0.008707077576985967,4.11604501833758,0.011707606604374293,1.6228825843855705,40.0
20.179438569380345,-0.03024038597011547,4.8631180039618735,0.005922391287661846,1.62483488720513,40.0
20.92810068393607,-0.07067732173990393,5.610687275666241,0.0015666492979790859,1.6242370666271824,40.0
21.67702358561915,-0.11068126804070566,6.358541002638145,-0.0015354647747147865,1.6210911345924788,40.0
22.425896907529477,-0.14832983071416628,7.106467361310996,-0.0035969536099731128,1.6159617610081838,40.0
23.174493447570104,-0.18212902450504842,7.854300493941452,-0.004840032388701301,1.610763538732515,40.0
23.92282010826197,-0.2120295928492375,8.602029553905643,-0.0054499796190878675,1.605901312271361,40.0
24.670927812742626,-0.23828650917879024,9.349676336717003,-0.005605068909341059,0.0,40.0
0.0,-5.377662003513354,-8.357688870347012,0.13438723409697392,0.3978241976804311,12.082835918163752
0.7688947196821021,-4.668813263135675,-8.059808771616002,0.13350083179212738,0.5041068145012146,12.12288231385106
1.5287489421219016,-4.0034801530335,-7.692779764640586,0.13220516716822112,0.6075562433891852,12.182141626758375
2.2824682285909255,-3.384642311312481,-7.262509514159048,0.13043279055732745,0.7081993097976813,12.264629797192423
3.0320892303759477,-2.815279376078264,-6.77490568490967,0.12801125007577127,0.8063445773657989,12.380088118363043
3.7789140749380645,-2.298370985436497,-6.235875941630722,0.12481450619910625,0.9024110447181205,12.537623682645338
4.523725109362424,-1.836797043373263,-5.65133084242238,0.12072692054391046,0.9948854870220798,12.7481052787378
5.267850051524373,-1.4315473925781408,-5.0272357774859895,0.11558903415997228,1.0821553380405446,13.028346650106434
6.012642521773424,-1.0819221790350522,-4.369605156396435,0.1092369252241316,1.1645189158048295,13.40178912396457
6.758507198297951,-0.7871620453401231,-3.6844551149666875,0.10177784572622292,1.2425603026776273,13.88419616074509
7.505014712486826,-0.5465076340894779,-2.9778017890097095,0.09315061430286836,1.3167564722808927,14.512903540405901
8.251211032259995,-0.35897641430950955,-2.255554608848472,0.08339085803174179,1.3836628537830455,15.338669022517891
8.997860219243806,-0.220067424274081,-1.5219407452179359,0.07273272466705807,1.4400392132096702,16.42410025715965
9.746343298364387,-0.12247658496528935,-0.779847120523026,0.06159696832455508,1.485869967045614,17.84704453831729
10.496771556087163,-0.05882202716009566,-0.03212346350830547,0.05051474486910146,1.521402890723591,19.707708092011472
11.248191954838212,-0.021721881635459184,0.7183804970816676,0.04001800132694287,1.5470959445020112,22.141976128167293
11.99894478933531,-0.003930418161154137,1.468922489466416,0.030544324525617794,1.5659655674399695,25.344114951791365
12.748455029143866,-0.0003097286408344502,2.21842398391808,0.02237341322945676,1.5802415289315195,29.612404569642568
13.497180833749805,-0.007381490061669993,2.967116391167691,0.01560795954521994,1.5899489246964764,35.453778248742545
14.245468230728495,-0.021712261512936593,3.715266548199522,0.010219817295806045,1.5950688068577261,40.0
14.993563335053027,-0.03986860208391363,4.463141291997843,0.006146548355959557,1.595900641223859,40.0
15.741647265991217,-0.05864676374423361,5.210989504118855,0.00321850367998691,1.5952488539842526,40.0
16.489777662419403,-0.0769386196139461,5.958896248351476,0.0012956750099090706,1.5946148511757339,40.0
17.2379525658424,-0.09475735685348674,6.7068589337276885,0.00016262971887569673,1.5940128217680223,40.0
17.986169409771346,-0.11212676898272989,7.454874140164883,-0.0004044758453691725,1.5934427539205405,40.0
18.734425584565006,-0.12907064952154812,8.202938447580447,-0.0006375464926783851,1.5929046363981907,40.0
19.482718439728394,-0.1456127919898158,8.951048435891748,-0.0006647631290114776,1.592398458588245,40.0
20.231045286209437,-0.1617769899074073,9.699200685016178,-0.0006334886275316799,1.5919242105162856,40.0
20.97940339869362,-0.17758703679419874,10.447391774871122,-0.0005910869775477799,1.5914818828611672,40.0
21.72779001789683,-0.19306672617006093,11.195618285373948,-0.0005484230779906669,1.5910714669690567,40.0
22.4762023528565,-0.2082398515548718,11.943876796442042,-0.0005057747633078329,1.590692954866469,40.0
23.224637583221117,-0.22313020646850568,12.692163887992793,-0.0004631406489686508,1.5903463392723982,40.0
23.97309286153821,-0.2377615844308334,13.440476139943568,-0.0004213346833355279,1.5900316136094983,40.0
24.721565315541042,-0.2521577789617311,14.18881013221176,-0.00038684924095523654,0.0,40.0
0.0,-1.3219051110162585,-5.164822999811725,0.0747144802994135,1.1634719537285305,16.204819771742727
0.7624033924202032,-1.019875933921746,-4.464796351063661,0.07244415073221575,1.2288093642222746,16.45677916482489
1.5157629463859055,-0.7672295369490012,-3.755063714327761,0.06937367024346615,1.2893473540794174,16.81701980396447
2.263541805304498,-0.5595355284140933,-3.036706964053711,0.0654855681585417,1.3444463339999648,17.309056106352404
3.0084416806437457,-0.3923635166330879,-2.3108079746911976,0.06072051676467024,1.3936879417757113,17.97538479022005
3.752439191672324,-0.2612831099220543,-1.5784486206899055,0.05511560318327565,1.4368411253473448,18.867235892761023
4.496845870008881,-0.16186391659706345,-0.8407107764995223,0.048785719376483135,1.4738171112665408,20.053893022414744
5.24238346176456,-0.08967554497418284,-0.09867631656973319,0.04190818666509959,1.504622714784426,21.63689239581607
5.989267348787345,-0.040287603369479896,0.646572884649774,0.034788356163271965,1.5293180597359082,23.74795983840448
6.7372927935285345,-0.009269700099025613,1.3939549527093174,0.02827858903954534,1.5479816032397589,26.339829204183786
7.485920680281073,0.00780855652111434,2.1423880131592075,0.022662417884931247,1.5611956001505738,29.422989593745154
8.234482714496735,0.01499518558341606,2.8909155486793177,0.01801376043401744,1.571923806611252,33.0016197492848
8.982865606825067,0.01415139915618191,3.639297965331516,0.014274685848890467,1.5812056767149762,37.07242629143193
9.731158290832676,0.006362299431575735,4.3875501092407685,0.011279984753841291,1.5890399338325314,40.0
10.479419828383925,-0.007287932792175766,5.13568712860206,0.00881390268572758,1.5954253983413724,40.0
11.227683805079334,-0.025715116716847675,5.883724171610382,0.006681096659347124,1.6003617307051228,40.0
11.975963036450286,-0.04783507154421862,6.631676386460728,0.004750206824569501,1.6038490295474166,40.0
12.72425428116987,-0.07256361647606191,7.3795589213480834,0.0029865545359356134,1.6058875206954504,40.0
13.472542955316232,-0.0988165707141544,8.127386924467446,0.0013850587135820866,1.6064773375549968,40.0
14.220807845263739,-0.12550975346026938,8.875175544013796,2.6538009992779488e-05,1.605618392759788,40.0
14.969025819277991,-0.15155898391618372,9.62293992818213,-0.0010324085321385685,1.603553364191569,40.0
15.717180348048597,-0.17606192720598912,10.370693099148395,-0.0017699824691950951,1.6013246686311324,40.0
16.465274783578472,-0.19889646258686788,11.118438957354712,-0.0022211798663927342,1.599211942709943,40.0
17.213316765458472,-0.22014967582149403,11.866178957342782,-0.0024109474301970174,1.5972152671662367,40.0
17.961313382571447,-0.23990865516223359,12.613914553625229,-0.00242709279330392,1.595334709882105,40.0
18.709271203122494,-0.2582604888614668,13.361647200714646,-0.0023390484217292013,1.5935703300091655,40.0
19.457196304778517,-0.2752922651715668,14.109378353123649,-0.00220142201281751,1.5919221787226714,40.0
20.20509430485711,-0.2910910723449085,14.857109465364845,-0.0020480893016850635,1.5903902999306598,40.0
20.952970390558132,-0.3057439986338668,15.604841991950826,-0.0018926638679186683,1.5889747309377729,40.0
21.700829349232006,-0.31933813229081665,16.35257738739422,-0.001737157721645867,1.5876755030633563,40.0
22.448675598679042,-0.3319605615681329,17.100317106207616,-0.0015815993518297454,1.586492642213508,40.0
23.196513217475207,-0.34369837471818876,17.84806260290363,-0.0014259987730703863,1.5854261694068252,40.0
23.944345975319706,-0.3546386599933591,18.595815331994878,-0.0012703650404578617,1.5844761012536004,40.0
24.692177363400617,-0.36486850564602236,19.343576747993954,-0.0011147065269452177,0.0,40.0
0.0,0.03275863795933809,-0.34443771828306413,-0.0003333333333333333,1.5919983970435425,40.0
0.7487388126100376,0.016885014391334607,0.4041328111819358,-0.0003333333333333333,1.5917521773155074,40.0
1.4974773500002079,0.0011957099018555795,1.1527069511960082,-0.0003333333333333333,1.5915135758380838,40.0
2.2462156637020776,-0.014314978613073848,1.9012845897525656,-0.0003333333333333333,1.5912825926518408,40.0
2.9949538011641614,-0.02965275425742142,2.649865614845023,-0.0003333333333333333,1.5910592277919475,40.0
3.743691805882282,-0.04482332013516199,3.398449914466797,-0.0003333333333333333,1.5908434812885366,40.0
4.4924297175299195,-0.05983237935026153,4.147037376611297,-0.0003333333333333333,1.5906353531671389,40.0
5.241167572088591,-0.07468563500669667,4.895627889271942,-0.0003333333333333333,1.5904348434490063,40.0
5.989905401978197,-0.08938879020843338,5.644221340442142,-0.0003333333333333333,1.5902419521515248,40.0
6.73864323618741,-0.10394754805944473,6.392817618115321,-0.0003333333333333333,1.5900566792885291,40.0
7.487381100404007,-0.11836761166370202,7.141416610284881,-0.0003333333333333333,1.5898790248706494,40.0
8.236119017145276,-0.13265468412517478,7.890018204944241,-0.0003333333333333333,1.5897089889056393,40.0
8.984857005888365,-0.1468144685478343,8.638622290086815,-0.0003333333333333333,1.5895465713986807,40.0
9.733595083200655,-0.16085266803565368,9.387228753706015,-0.0003333333333333333,1.5893917723526692,40.0
10.48233326287014,-0.17477498569260064,10.135837483795262,-0.0003333333333333333,1.589244591768522,40.0
11.231071556035792,-0.18858712462264826,10.884448368347972,-0.0003333333333333333,1.589105029645421,40.0
11.979809971317914,-0.20229478792976607,11.633061295357546,-0.0003333333333333333,1.5889730859810893,40.0
12.728548514948555,-0.21590367871792715,12.381676152817407,-0.0003333333333333333,1.5888487607720143,40.0
13.477287190901851,-0.22941950009109924,13.130292828720972,-0.0003333333333333333,1.5887320540137053,40.0
14.226026001024403,-0.2428479551532572,13.878911211061652,-0.0003333333333333333,1.5886229657008721,40.0
14.974764945165647,-0.256194747008367,14.62753118783286,-0.0003333333333333333,1.5885214958276757,40.0
15.72350402130824,-0.2694655787604052,15.376152647028007,-0.0003333333333333333,1.5884276443878629,40.0
16.472243225698424,-0.2826661535133379,16.124775476640515,-0.0003333333333333333,1.5883414113749967,40.0
17.22098255297639,-0.2958021743711381,16.873399564663796,-0.0003333333333333333,1.5882627967825833,40.0
17.969721996306667,-0.3088793444377771,17.622024799091264,-0.0003333333333333333,1.5881918006042337,40.0
18.71846154750846,-0.3219033668172244,18.37065106791632,-0.0003333333333333333,1.5881284228338075,40.0
19.467201197186096,-0.33487994461345316,19.119278259132408,-0.0003333333333333333,1.5880726634655224,40.0
20.215940934859294,-0.34781478093043283,19.867906260732923,-0.0003333333333333333,1.588024522494078,40.0
20.96468074909359,-0.36071357887213473,20.616534960711267,-0.0003333333333333333,1.5879839999147396,40.0
21.713420627630747,-0.3735820415425266,21.365164247060886,-0.0003333333333333333,1.5879510957234495,40.0
22.462160557519034,-0.38642587204558687,22.11379400777517,-0.0003333333333333333,1.5879258099168412,40.0
23.21090052524367,-0.39925077348527793,22.86242413084754,-0.0002888888888888889,1.5879081424923738,40.0
23.959640516857164,-0.4120624489655764,23.611054504271408,-0.00015555555555555556,1.5878980934483087,40.0
24.70838051810969,-0.42486660159045364,24.359685016040192,-2.2222222222222254e-05,0.0,40.0
0.0,-0.08923184368575399,4.649496161792583,0.0003333333333333333,1.5865245712971257,40.0
0.7487507535874904,-0.10100789307344016,5.398154305178904,0.0003333333333333333,1.5866486561216762,40.0
1.4975013414353788,-0.11287683685735139,6.146810815853868,0.0003333333333333333,1.586769819984912,40.0
2.2462517786039835,-0.1248364882622166,6.8954657322863,0.0003333333333333333,1.5868880628797173,40.0
2.9950020793586365,-0.13688466051275583,7.644119092945026,0.0003333333333333333,1.5870033847995797,40.0
3.7437522571888318,-0.14901916683369443,8.392770936298861,0.0003333333333333333,1.5871157857385296,40.0
4.492502324827413,-0.1612378204497542,9.141421300816631,0.0003333333333333333,1.5872252656911303,40.0
5.241252294269729,-0.17353843458565876,9.890070224967163,0.0003333333333333333,1.5873318246524393,40.0
5.99000217679279,-0.18591882246613167,10.638717747219275,0.0003333333333333333,1.5874354626179823,40.0
6.738751982974449,-0.19837679731589652,11.387363906041795,0.0003333333333333333,1.5875361795837242,40.0
7.487501722712553,-0.21091017235967513,12.136008739903547,0.0003333333333333333,1.587633975546054,40.0
8.236251405244106,-0.22351676082219463,12.884652287273347,0.0003333333333333333,1.5877288505017306,40.0
8.985001039164452,-0.23619437592817327,13.633294586620021,0.0003333333333333333,1.587820804447896,40.0
9.733750632446426,-0.24894083090233465,14.381935676412397,0.0003333333333333333,1.5879098373820297,40.0
10.482500192459524,-0.2617539389694059,15.130575595119293,0.0003333333333333333,1.5879959493019122,40.0
11.231249725989063,-0.27463151335410707,15.879214381209533,0.0003333333333333333,1.5880791402056327,40.0
11.97999923925535,-0.2875713672811617,16.627852073151935,0.0003333333333333333,1.5881594100915482,40.0
12.728748737932857,-0.30057131397529524,17.37648870941533,0.0003333333333333333,1.5882367589582567,40.0
13.477498227169379,-0.31362916666122764,18.12512432846854,0.0003333333333333333,1.5883111868046003,40.0
14.226247711605193,-0.3267427385636843,18.873758968780393,0.0003333333333333333,1.5883826936296181,40.0
14.97499719539222,-0.339909842907387,19.6223926688197,0.0003333333333333333,1.5884512794325476,40.0
15.723746682213218,-0.3531282929170594,20.37102546705529,0.0003333333333333333,1.5885169442128002,40.0
16.472496175300925,-0.36639590181742854,21.11965740195599,0.0003333333333333333,1.5885796879699217,40.0
17.221245677457212,-0.3797104828332092,21.868288511990606,0.0003333333333333333,1.5886395107036322,40.0
17.969995191072304,-0.393069849189132,22.616918835627985,0.0003333333333333333,1.5886964124137422,40.0
18.718744718143885,-0.40647181410991884,23.365548411336945,0.0003333333333333333,1.5887503931001798,40.0
19.467494260296267,-0.41991419082029147,24.11417727758629,0.0003333333333333333,1.5888014527629641,40.0
20.216243818799633,-0.4333947925449717,24.862805472844876,0.0003333333333333333,1.5888495914022023,40.0
20.964993394589076,-0.4469114325086867,25.611433035581488,0.0003333333333333333,1.588894809018049,40.0
21.713742988283883,-0.46046192393615826,26.360060004264966,0.0003333333333333333,1.5889371056107182,40.0
22.462492600206662,-0.4740440800521064,27.108686417364154,0.0003333333333333333,1.5889764811804774,40.0
23.211242230402455,-0.4876557140812583,27.85731231334785,0.0003333333333333333,1.5890129357276048,40.0
23.95999187865795,-0.501294639248334,28.60593773068486,0.0003333333333333333,1.5890464692524142,40.0
24.708741544520702,-0.5149586687780587,29.35456270784405,0.0003333333333333333,0.0,40.0
0.0,-0.16770161371861647,9.648835749508901,0.0003333333333333333,1.5877329795522717,40.0
0.7474998619739172,-0.18036115406483866,10.396228403800638,0.0003333333333333333,1.5878062847862497,40.0
1.4949997332811595,-0.19307548232914584,11.143620137405668,0.0003333333333333333,1.5878769847055116,40.0
2.2424996174761374,-0.205842651316976,11.89101098312666,0.0003333333333333333,1.5879450793096,40.0
2.989999517700184,-0.21866071383377061,12.63840097376627,0.0003333333333333333,1.5880105685981833,40.0
3.7374994366968206,-0.23152772268496413,13.385790142127172,0.0003333333333333333,1.5880734525710751,40.0
4.484999376826918,-0.24444173067599628,14.133178521012011,0.0003333333333333333,1.5881337312281871,40.0
5.232499340083995,-0.2574007906123015,14.88056614322347,0.0003333333333333333,1.5881914045695478,40.0
5.979999328109354,-0.27040295529931946,15.627953041564192,0.0003333333333333333,1.5882464725952632,40.0
6.727499342207378,-0.2834462775424882,16.37533924883685,0.0003333333333333333,1.5882989353055206,40.0
7.474999383360701,-0.29652881014724564,17.122724797844096,0.0003333333333333333,1.588348792700571,40.0
8.222499452245467,-0.30964860591902976,17.87010972138861,0.0003333333333333333,1.5883960447807226,40.0
8.969999549246511,-0.32280371766327853,18.617494052273038,0.0003333333333333333,1.588440691546325,40.0
9.71749967447261,-0.33599219818542814,19.364877823300045,0.0003333333333333333,1.5884827329977655,40.0
10.464999827771697,-0.34921210029091476,20.112261067272293,0.0003333333333333333,1.588522169135465,40.0
11.212500008746092,-0.3624614767851799,20.859643816992453,0.0003333333333333333,1.5885589999598484,40.0
11.960000216767687,-0.3757383804736598,21.60702610526317,0.0003333333333333333,1.5885932254713582,40.0
12.70750045099323,-0.3890408641617924,22.35440796488713,0.0003333333333333333,1.5886248456704388,40.0
13.455000710379473,-0.40236698065501564,23.10178942866698,0.0003333333333333333,1.5886538605575258,40.0
14.202500993698447,-0.4157147827587657,23.84917052940538,0.0003333333333333333,1.5886802701330511,40.0
14.950001299552664,-0.4290823232784824,24.596551299905,0.0003333333333333333,1.5887040743974181,40.0
15.697501626390332,-0.44246765501960006,25.343931772968485,0.0003333333333333333,1.588725273351025,40.0
16.44500197252062,-0.455868830787562,26.091311981398526,0.0003333333333333333,1.588743866994217,40.0
17.19250233612879,-0.46928390338779913,26.838691957997764,0.0003333333333333333,1.5887598553273383,40.0
17.940002715291513,-0.4827109256257547,27.58607173556887,0.0003333333333333333,1.5887732383506727,40.0
18.687503107992026,-0.49614795030686487,28.333451346914494,0.0003333333333333333,1.5887840160644715,40.0
19.435003512135395,-0.5095930302365641,29.080830824837314,0.0003333333333333333,1.5887921884689598,40.0
20.182503925563708,-0.5230442182202957,29.82821020213998,0.0002888888888888889,1.588797755564297,40.0
20.93000434607132,-0.5364995670634958,30.575589511625175,0.00015555555555555556,1.5888007173506047,40.0
21.67750477142003,-0.5499571295715988,31.322968786095533,2.2222222222222254e-05,1.5888010738279674,40.0
22.425005199354352,-0.5634149585500445,32.07034805835372,-0.00011111111111111108,1.5887988249964127,40.0
23.172505627616736,-0.5768711068042709,32.81772736120242,-0.0002444444444444444,1.5887939708559264,40.0
23.920006053962734,-0.5903236271397176,33.565106727444274,-0.00033333333333333327,1.5887865114064372,40.0
24.667506476176293,-0.6037705723618192,34.31248618988196,-0.00033333333333333327,0.0,40.0
0.0,-0.24696709066876288,14.648516120808202,-0.0003333333333333333,1.5897524201511581,40.0
0.7475005812245474,-0.26113593287818837,15.395882405063439,-0.0003333333333333333,1.5896808612888054,40.0
1.4950011352902617,-0.27525129385746894,16.143249674157406,-0.0003333333333333333,1.5896096007994092,40.0
2.2425016638709114,-0.28931339656417165,16.890617921740763,-0.0003333333333333333,1.5895386386831056,40.0
2.990002168592565,-0.30332246395586004,17.637987141464148,-0.0003333333333333333,1.5894679749400233,40.0
3.737502651033773,-0.31727871899009763,18.385357326978166,-0.0003333333333333333,1.589397609570276,40.0
4.48500311272586,-0.33118238462444793,19.132728471933476,-0.0003333333333333333,1.5893275425739686,40.0
5.232503555153036,-0.34503368381647626,19.880100569980705,-0.0003333333333333333,1.589257773951186,40.0
5.980003979752643,-0.35883283952374434,20.627473614770494,-0.0003333333333333333,1.5891883037020136,40.0
6.727504387915326,-0.37258007470381926,21.37484759995347,-0.0003333333333333333,1.5891191318265094,40.0
7.47500478098526,-0.3862756123142628,22.12222251918027,-0.0003333333333333333,1.5890502583247321,40.0
8.22250516026034,-0.39991967531264017,22.86959836610154,-0.0003333333333333333,1.5889816831967196,40.0
8.970005526992356,-0.4135124866565132,23.616975134367898,-0.0003333333333333333,1.5889134064425092,40.0
9.71750588238724,-0.4270542693034489,24.364352817629996,-0.0003333333333333333,1.5888454280621136,40.0
10.465006227605224,-0.4405452462110091,25.111731409538464,-0.0003333333333333333,1.588777748055546,40.0
11.212506563761046,-0.45398564033675903,25.859110903743925,-0.0003333333333333333,1.5887103664227988,40.0
11.960006891924179,-0.46737567463826046,26.606491293897022,-0.0003333333333333333,1.5886432831638684,40.0
12.707507213119007,-0.48071557207308224,27.353872573648395,-0.0003333333333333333,1.5885764982787167,40.0
13.455007528325023,-0.49400555559878256,28.101254736648677,-0.0003333333333333333,1.5885100117673219,40.0
14.202507838477036,-0.5072458481729285,28.848637776548504,-0.0003333333333333333,1.5884438236296345,40.0
14.950008144465357,-0.5204366727530836,29.5960216869985,-0.0003333333333333333,1.5883779338656,40.0
15.697508447136034,-0.5335782522968113,30.343406461649316,-0.0003333333333333333,1.5883123424751568,40.0
16.445008747291016,-0.546670809761677,31.090792094151585,-0.0003333333333333333,1.5882470494582268,40.0
17.192509045688343,-0.5597145681052424,31.838178578155922,-0.0003333333333333333,1.5881820548147327,40.0
17.940009343042412,-0.5727097502850746,32.58556590731299,-0.0003333333333333333,1.588117358544578,40.0
18.6875096400241,-0.5856565792587372,33.33295407527341,-0.0003333333333333333,1.5880529606476539,40.0
19.43500993726099,-0.5985552779837882,34.080343075687814,-0.0003333333333333333,1.587988861123868,40.0
20.1825102353376,-0.6114060694178001,34.82773290220684,-0.0003333333333333333,1.587925059973082,40.0
20.930010534795553,-0.6242091765183311,35.57512354848113,-0.0003333333333333333,1.5878615571951777,40.0
21.67751083613377,-0.6369648222429465,36.32251500816131,-0.0003333333333333333,1.5877983527900204,40.0
22.425011139808692,-0.6496732295492134,37.06990727489802,-0.0003333333333333333,1.5877354467574556,40.0
23.172511446234488,-0.6623346213946917,37.817300342341916,-0.0003333333333333333,1.5876728390973414,40.0
23.920011755783158,-0.6749492207369485,38.56469420414357,-0.0003333333333333333,1.5876105298095047,40.0
24.667512068784937,-0.6875172505335438,39.31208885395369,-0.0003333333333333333,0.0,40.0
0.0,-0.33576093295980236,19.647790034505327,-0.0003333333333333333,1.5903877776230788,40.0
0.7487522328924112,-0.35042913713387414,20.39639857710131,-0.0003333333333333333,1.5902267529902117,40.0
1.4975041485452318,-0.3649767905388561,21.145009154754455,-0.0003333333333333333,1.590068857793623,40.0
2.246255771832886,-0.3794062361143915,21.89362172776955,-0.0003333333333333333,1.5899140920484396,40.0
2.995007126519845,-0.3937198168001306,22.642236256451373,-0.0003333333333333333,1.589762455768712,40.0
3.7437582352826024,-0.40791987553571474,23.390852701104684,-0.0003333333333333333,1.5896139489675036,40.0
4.492509119731742,-0.4220087552607943,24.13947102203429,-0.0003333333333333333,1.5894685716568933,40.0
5.241259800433851,-0.4359887989150124,24.888091179544958,-0.0003333333333333333,1.5893263238480548,40.0
5.990010296933561,-0.4498623494380176,25.636713133941466,-0.0003333333333333333,1.5891872055512661,40.0
6.738760627775536,-0.4636317497694513,26.385336845528588,-0.0003333333333333333,1.5890512167759898,40.0
7.487510810526495,-0.4772993428489638,27.13396227461112,-0.0003333333333333333,1.5889183575308725,40.0
8.236260861797145,-0.49086747161619826,27.88258938149382,-0.0003333333333333333,1.5887886278238168,40.0
8.98501079726427,-0.5043384790108014,28.63121812648148,-0.0003333333333333333,1.5886620276620076,40.0
9.733760631692673,-0.5177147079724218,29.37984846987889,-0.0003333333333333333,1.58853855705194,40.0
10.48251037895714,-0.5309985014407008,30.1284803719908,-0.0003333333333333333,1.5884182159994833,40.0
11.23126005206455,-0.544192202355287,30.877113793122017,-0.0003333333333333333,1.5883010045098904,40.0
11.980009663175764,-0.5572981536558252,31.625748693577307,-0.0003333333333333333,1.58818692258785,40.0
12.72875922362768,-0.5703186982819624,32.37438503366145,-0.0003333333333333333,1.58807597023751,40.0
13.477508743955239,-0.5832561791733433,33.12302277367923,-0.0003333333333333333,1.5879681474625222,40.0
14.226258233913377,-0.5961129392696147,33.87166187393542,-0.0003333333333333333,1.5878634542660637,40.0
14.975007702499063,-0.6088913215104217,34.62030229473479,-0.0003333333333333333,1.58776189065088,40.0
15.723757157973326,-0.6215936688354127,35.36894399638214,-0.0003333333333333333,1.5876634566192995,40.0
16.472506607883165,-0.6342223241842309,36.117586939182225,-0.0003333333333333333,1.5875681521732836,40.0
17.221256059083675,-0.646779630496523,36.86623108343986,-0.0003333333333333333,1.5874759773144382,40.0
17.970005517759898,-0.6592679307119322,37.61487638945978,-0.0003333333333333333,1.587386932044063,40.0
18.718754989448968,-0.6716895677701107,38.3635228175468,-0.0003333333333333333,1.5873010163631402,40.0
19.467504479062,-0.6840468846106997,39.11217032800568,-0.0003333333333333333,1.587218230272406,40.0
20.216253990906164,-0.6963422241733461,39.860818881141206,-0.0003333333333333333,1.5871385737723471,40.0
20.96500352870666,-0.7085779293976966,40.609468437258165,-0.0003333333333333333,1.5870620468632317,40.0
21.713753095628682,-0.7207563432233961,41.358118956661315,-0.0003333333333333333,1.586988649545137,40.0
22.46250269429951,-0.7328798085900914,42.10677039965547,-0.0003333333333333333,1.5869183818179664,40.0
23.211252326830376,-0.7449506684374274,42.85542272654536,-0.0003333333333333333,1.586851243681473,40.0
23.96000199483861,-0.7569712657050491,43.6040758976358,-0.0003333333333333333,1.5867872351352896,40.0
24.708751699469534,-0.7689439433326068,44.35272987323155,-0.0003333333333333333,0.0,40.0
