s,x,y,curvature,heading,velocity
0.0,0.2131926969310651,-16.67856938465997,0.0154100206748442,1.528626248861084,35.68073565745466
0.0,0.1863738754464332,-11.68854452001063,0.00523731997941,1.5667092061240968,40.0
0.0,-10.046681175786244,-9.130938115800618,0.1071437926413689,-0.0668344094931463,13.53206163378442
0.0,-13.610250065499248,7.730473219884296,0.1376056617219135,-2.6678003763053098,11.940699580236702
0.0,13.737197154859846,-7.516080993785037,-0.1354474691744729,-2.5623948970025845,12.035453270451583
0.0,-0.1677016137186164,9.6488357495089,0.0003333333333333,1.5877329795522717,40.0
0.0,3.3700771196445087,7.179842537555013,-0.1352197659887088,0.736912454624298,12.045582477642789
0.0,-15.81593920189074,5.945788035269135,0.1384690485041589,-2.3534713224163863,11.903415117191283
0.0,0.618987752047035,3.1581960490582563,-0.1366243185430944,1.2913751873821786,11.983506278728148
0.0,-14.630827412744008,-7.244404330986127,0.1368573417579409,-0.6984647278436081,11.973300014436228
0.0,1.941784295841684,5.676020341872824,-0.1356013255363044,0.968655057002488,12.028623532855772
0.0,-6.719400667286347,8.61668449202938,0.1355911915059716,2.828215484584128,12.029073028349693
0.0,-8.89878164225496,8.937993260911659,0.1355132320520503,3.0738408803578223,12.032532610107667
0.0,17.787972279157465,2.844743186972577,-0.1319679990983283,-1.2493457881348504,12.193083280152475
0.0,8.92179802208392,-8.772235712508003,-0.1355091358148437,-3.121249600529491,12.032714470065976
0.0,-2.5368906268173923,6.094401217071028,0.1352683801239642,2.2808881521768614,12.043417766760824
0.0,-17.01478285854575,4.252523290964699,0.1366030452960204,-2.119401373476855,11.984439333694274
0.0,7.842901632881473,9.168002352203665,-0.1353575476309137,0.1884353300167777,12.039450309701488
0.0,-5.377662003513354,-8.357688870347012,0.1343872340969739,0.3978241976804311,12.082835918163752
0.0,10.977000963773394,-8.683242314399287,-0.1101121586676678,-2.971351466078976,13.348420863421278
0.0,15.161162161635184,6.961041951576236,-0.1389089812995797,-0.6803891659015001,11.884550902314384
0.0,-7.929625832298484,-9.038340871167962,0.1346210082217036,0.0915056996530541,12.072340302465054
0.0,10.759486254942422,9.10646017837618,-0.1365714012182317,-0.1336860351964413,11.985827661651603
0.0,0.1684434699127273,1.122835213287297,-0.1356269808357341,1.518558798530148,12.027485815802525
0.0,15.393234170975044,-6.282612066408861,-0.1355473861236708,-2.337196027183998,12.03101659843497
0.0,0.032758637959338,-0.3444377182830641,-0.0003333333333333,1.5919983970435423,40.0
0.0,12.767883658985676,8.497813749538889,-0.1355078792333963,-0.3690527212014254,12.032770259955166
0.0,-0.9372755435581316,3.764420625578003,0.1356646025761569,1.9666093490574608,12.025818015285436
0.0,-12.820005213054689,-8.275511614623195,0.1376029472794419,-0.4849258708677145,11.94081735368317
0.0,-17.531121969451426,-3.265995785907319,0.1371018314449354,-1.2591427711164729,11.962619510754989
0.0,-16.584910949871947,-5.148159672412301,0.1319875881167966,-1.004672472467101,12.19217843148394
0.0,6.15765953888953,-8.373802832405392,-0.1062627193991822,2.763588282569621,13.588045583039584
0.0,-11.6902232021921,8.564379817590543,0.1349697679394669,-2.895075237028018,12.056732962345691
0.0,-17.98872204454619,1.5737596074694953,0.1337356465110695,-1.7932740593226988,12.11223496361434
0.0,-0.2806340490648331,1.765513172958811,0.1353738755823995,1.7329141582645518,12.03872423151456
0.0,-4.216521674937262,7.494277966808775,0.135349367400504,2.5235089597251528,12.039814121013652
0.0,2.139926657829444,-5.541752086238334,-0.1583094186273725,2.320514929935569,11.132552524693205
0.0,5.82523547345826,8.623057660707746,-0.1376748185111272,0.4252594348949799,11.93770020031786
0.0,-0.2469670906687628,14.648516120808202,-0.0003333333333333,1.589752420151158,40.0
0.0,-0.6184059362702552,-3.108657010701589,0.1355014737848012,1.183220250308858,12.033054662071056
0.0,-18.126284900525548,-0.5194640892767602,0.1387702452350429,-1.5716474347956584,11.890490187231068
0.0,16.542014275084597,5.3985236291304215,-0.1354485958126128,-0.9181323620900071,12.035403216301182
0.0,18.143218602478505,0.7867608129296352,-0.1353001661729347,-1.4665492022091828,12.042003014901171
0.0,4.254661749356663,-7.337031902983924,-0.1354848700503773,2.6134153566784404,12.03379196228938
0.0,-1.3219051110162583,-5.164822999811725,0.0747144802994135,1.1634719537285303,16.204819771742727
0.0,0.0159196175329352,-1.0163250539546669,0.1000890924523193,1.5416856523506277,14.000835607701418
0.0,-0.3357609329598023,19.647790034505327,-0.0003333333333333,1.5903877776230788,40.0
0.0,0.0985620642520199,-6.645898943179392,0.0291705678038041,1.5268958024496506,25.934006552224748
0.0,-3.428762281631238,-7.082979682151457,0.1353914768964768,0.6374055181916499,12.037941676019704
0.0,17.10762096817524,-3.984695965274957,-0.1354923320452571,-2.0141914314296647,12.033460590519956
0.0,0.1287468467197428,-1.6774411593592216,-0.0987258131898125,1.6972396497615194,14.097170169242784
0.0,-0.0892318436857539,4.649496161792583,0.0003333333333333,1.5865245712971257,40.0
0.0,1.0220809424256867,-3.6792783496418417,-0.1356131888647199,2.06596327060328,12.028097398262211
0.0,17.837207350048686,-2.0490665746631427,-0.1369620062106364,-1.7732393751317104,11.968724259154294
0.7379603267172661,-9.310368410372275,-9.180222548404544,0.1074687082684527,0.0123399199477685,13.511590253450551
0.7429510074770899,5.467158639598059,-8.099604532649735,-0.1078043381452709,2.6911199041993576,13.490541070862015
0.7441275205268869,0.0375786121403116,-0.2725128096630781,0.1001752483400763,1.6179509838157662,13.994813651846655
0.7464245932189838,0.0346177308124566,-0.9369755066104676,-0.0988945927547742,1.6225160893107196,14.085135607288096
0.7474998619739172,-0.1803611540648386,10.396228403800638,0.0003333333333333,1.5878062847862495,40.0
0.7475005812245474,-0.2611359328781883,15.39588240506344,-0.0003333333333333,1.5896808612888054,40.0
0.7477504007548516,-12.158463325168023,-8.624070063667814,0.136076577276625,-0.3714409216902309,12.007600141444229
0.748538638081479,0.1894332346694724,-10.940012133923014,0.0054097766813735,1.5698506741292702,40.0
0.7485445467280486,0.1314130079461559,-5.898075599110284,0.0243457585937939,1.5706166372975798,28.387616316405506
0.7487388126100376,0.0168850143913346,0.4041328111819358,-0.0003333333333333,1.5917521773155074,40.0
0.7487507535874904,-0.1010078930734401,5.398154305178904,0.0003333333333333,1.5866486561216762,40.0
0.7487522328924112,-0.3504291371338741,20.39639857710131,-0.0003333333333333,1.5902267529902117,40.0
0.7492406720099584,0.2447788708213103,-15.92999480707073,0.0148721268651789,1.5425709585995857,36.320210787012925
0.749654037334277,10.23818397499943,-8.810248742545873,-0.1087923663300343,-3.061885813825251,13.429142862420491
0.7515199617664284,17.686104427676696,-2.7852392173116307,-0.1358074931646721,-1.8822556567346471,12.01948988216266
0.7548006396854191,14.869745177083232,-6.826379736414769,-0.1338585557756903,-2.447605289082906,12.106672985720913
0.7598155673101329,-7.172989125143818,-8.968910404419109,0.1331124363252509,0.2002462374063828,12.140555371876273
0.7598865618348547,-18.15638870708638,0.8326014076701332,0.1322678051454797,-1.685299996220652,12.179256762594576
0.7599159360613935,-9.65695412326955,8.989439533004445,0.1339759041598407,-3.0998498977163065,12.10136979652674
0.7601150236348867,2.372319863497384,6.302449886306073,-0.1340703610584259,0.8591221477944938,12.097106174339531
0.7601505011468306,3.9330042396532345,7.690667206059246,-0.1337076827523007,0.627685787202264,12.113501470405382
0.7601579128249892,-7.442537298340579,8.85102071470522,0.1340567570335528,2.9378817955969208,12.097719958883095
0.7601773836680074,0.6608609555280065,-3.0104063322080306,-0.1340882359463096,1.95634683702096,12.096299839580931
0.7602289120377486,3.5980314556236648,-6.9539070459853,-0.1339637548321077,2.503920266910113,12.101918523595304
0.7602662244078848,13.100928808852236,-7.9322147749710386,-0.1339332486555794,-2.6718200153006237,12.103296670882914
0.7602804628121028,-4.836142955603787,7.93484107316127,0.1338485156754995,2.63279886919332,12.107127040148407
0.7603313736786904,18.22233747644562,0.0305571356162409,-0.133794890163391,-1.5758111359552691,12.109553070741905
0.7603326817155828,0.2081433088969646,1.8821307484180096,-0.1341200698785905,1.4090266298922554,12.094864212641507
0.7603673179940466,-0.331028612495869,-2.404687741447788,0.1339948054265652,1.2926434883532512,12.100516265014225
0.7603706844544071,13.477058188251638,8.223523638856667,-0.1339994287650949,-0.4784878625095037,12.100307514690964
0.7604137746800055,8.589854969571185,9.310444696789816,-0.1338442455335489,0.0790661986974326,12.107320168931311
0.7604395118933729,8.161515854834873,-8.787704306876066,-0.1339956511338592,3.052460625145858,12.100478079317318
0.7604396828357093,-0.4033755755352093,2.515981712546578,0.1338594259361006,1.8422905759246744,12.106633635910915
0.7604461576164931,17.00383702499929,4.794372897694201,-0.133932329507375,-1.0275843491753702,12.1033382016369
0.7604480516140658,-3.0326293010984067,6.671050509124466,0.1337646069956205,2.390125626624226,12.110923732762892
0.7604650966939672,16.781374802159053,-4.671624347604224,-0.1339763298250732,-2.1236800455478746,12.101350572615928
0.7604727708977883,-1.2304822678945015,4.466096228745803,0.1341200678348246,2.0763783377068816,12.094864304793589
0.7604853569221008,-2.817603951552041,-6.630405407951363,0.1338772174262909,0.7468091697578872,12.105829165197475
0.7606396989378411,-12.427867355264487,8.37876232100585,0.1335077537362593,-2.786298235762161,12.122568046061748
0.7611180624695647,0.8289035696131073,3.8897943367496586,-0.1350977131681482,1.180949194323392,12.051022445853578
0.7624033924202032,-1.019875933921746,-4.464796351063661,0.0724441507322157,1.2288093642222746,16.45677916482489
0.7652731981181375,-16.355593477731272,5.403186588233659,0.1366942693399902,-2.2422931267369663,11.980439738514134
0.7654614567511607,-14.044613808902692,-7.736628723355081,0.1350293478453172,-0.5876718980695559,12.054072751946665
0.76602857754363,6.523035212282771,8.939088206873716,-0.1359402001924652,0.3146322181240178,12.013621682358831
0.7660990530072485,-14.29195902606082,7.38092972887257,0.1358796187366434,-2.5572381978716185,12.016299479952693
0.7669415427808555,-18.12693765052992,-1.2864053542772234,0.1370032430508381,-1.4602982001171845,11.96692289336148
0.7670316855613578,15.757397333247503,6.478505707561837,-0.1371417764553314,-0.791857471052355,11.960877232476582
0.7679227030723309,-16.173024340935118,-5.796275942284023,0.1307142136112379,-0.9001647140175636,12.251420128511253
0.7679896315566728,18.030613328595862,2.116091421513941,-0.1306972898702459,-1.353811171079122,12.252213303195177
0.7683614421760853,-17.415481421176274,3.5969167262257957,0.1350555755780475,-2.0103018955934115,12.05290225599869
0.7683734935907007,11.521003799794746,9.004045069457298,-0.135026220521911,-0.2427569110218258,12.054212341451068
0.7688947196821021,-4.668813263135675,-8.059808771616002,0.1335008317921273,0.5041068145012146,12.12288231385106
0.7711600153584164,-17.29465889496726,-4.000007355089364,0.1356787305301517,-1.150474837606416,12.025191891449376
0.7725709569258846,1.613471438026428,-4.976322351410445,-0.1484327592218562,2.1609395998974588,11.496963650546974
1.480296421833939,-8.568088833642243,-9.1710624128951,0.10793590860719,0.0914774451480342,13.482316368245977
1.4896758238639665,4.794926066351743,-7.774487140197946,-0.1096558217510462,2.6153370510971565,13.376166757184572
1.4909167537229655,0.0023770708334431,0.4734463114067081,0.1003980681977984,1.6929742605328568,13.979275387791008
1.4943942354663338,-0.0040498372079404,-0.1900060260377896,-0.0992092425858998,1.5486667045188858,14.06278204282701
1.4949997332811595,-0.1930754823291458,11.143620137405668,0.0003333333333333,1.5878769847055116,40.0
1.4950011352902617,-0.2752512938574689,16.143249674157406,-0.0003333333333333,1.5896096007994092,40.0
1.4955838356793243,9.494622435676582,-8.869641513982476,-0.1074194155270495,3.1354119397658766,13.514689975849205
1.4962714778231556,-11.460987404627073,-8.895752126161907,0.134094549190037,-0.2646639135314951,12.096015088191304
1.4967531536864846,0.1315474531739049,-5.149867004231045,0.0179107277840917,1.6022524020245816,33.09640034859248
1.4970279524978092,0.1901410454793488,-10.1915231541783,0.0056397325045917,1.5734217150849774,40.0
1.497477350000208,0.0011957099018555,1.1527069511960082,-0.0003333333333333,1.5915135758380838,40.0
1.4975013414353788,-0.1128768368573513,6.146810815853868,0.0003333333333333,1.586769819984912,40.0
1.4975041485452318,-0.3649767905388561,21.14500915475445,-0.0003333333333333,1.590068857793623,40.0
1.4977752947989194,0.2659037309670555,-15.181758332553724,0.0141540135589048,1.5551866561920196,37.23011319610104
1.500423830926115,17.45660427486196,-3.4981113552861496,-0.1341857861572602,-1.9871297401891197,12.091902196678213
1.5046875527052528,14.29330576856145,-7.306012919817954,-0.1316218894302283,-2.5527910173229897,12.20910394871367
1.5120126369514977,-6.435822736933003,-8.819290393493837,0.1311254035147506,0.3045202093061448,12.232195869935934
1.5120263573838837,-10.40840937944808,8.958053487959678,0.1319478323335962,-2.9948716889439924,12.194015026355627
1.51236972349745,2.863619281431649,6.872109447274523,-0.1320490574016278,0.7540791333412823,12.189340372416227
1.5124015174476086,-18.24236626643193,0.0850142102745068,0.1303390974314524,-1.5817129971619992,12.269037132673258
1.5125790710780942,4.542011459113245,8.132548365981677,-0.1317132081663733,0.5229326606216709,12.204870869872746
1.5126336458424312,-8.17945378804059,9.00325019932745,0.1320342518715498,3.042980185564512,12.19002376788858
1.5126466496210074,0.3778803715589838,-2.313174673933396,-0.1320768800130698,1.851259710233496,12.18805644378659
1.5127341448599938,2.9934058241492414,-6.505920471198715,-0.13195741859002,2.398935196752764,12.193572094865566
1.512792525215197,12.429922753480277,-8.272871063715133,-0.1319353597859029,-2.776761368424939,12.194591390748108
1.5128391407171289,-5.493377072446984,8.301430597489917,0.1318673768509084,2.737640098187885,12.197734362979675
1.512905855336756,18.21856347485948,-0.7220078830731305,-0.1318084545262026,-1.6806253773830238,12.200460413867829
1.5129142069455686,0.3293578893524476,2.624886413224744,-0.1321302130569586,1.303962348408564,12.185596420370908
1.5129586804761097,-0.1243821112193312,-1.6810227758782406,0.1320054433678643,1.3976117776962382,12.191353843822682
1.512959705474754,14.1451255784957,7.877003514400886,-0.1320078990114291,-0.5834646038505461,12.1912404508656
1.5130772401409909,9.340167036193783,9.369892950929575,-0.1318479703348672,-0.0258245850701021,12.198632006765717
1.513096569948563,7.41184656691966,-8.720707248754145,-0.1319979584481332,2.947460832292509,12.19169949053254
1.5130992801041785,-0.6052172422148967,3.241072335125784,0.1318610342824547,1.947192020758247,12.19802771517656
1.5131211719776587,-3.5825985929105784,7.184909054038809,0.1317798410243091,2.494924167516717,12.201784881622922
1.51312229777217,17.392886497386257,4.150042330364768,-0.1319316470404777,-1.1325499405315205,12.194762974870356
1.5131586841005429,-1.5950206401512386,5.124615673474866,0.1320828732267987,2.181573024847064,12.187779928364836
1.513161258914696,16.386101310222465,-5.312179090927595,-0.1319758044066823,-2.228680681857744,12.192722716103384
1.5132059717804962,-2.2652123003064446,-6.11908184339858,0.131879571123937,0.8517343994760941,12.197170421148083
1.5134579320809205,-13.133667656688877,8.116882144852873,0.1315746883511731,-2.681811409902389,12.211293681534588
1.514255516581983,1.1151312162951452,4.586421754428433,-0.1330771548882657,1.0750348691733171,12.142164606139811
1.5157629463859057,-0.7672295369490012,-3.755063714327761,0.0693736702434661,1.2893473540794174,16.81701980396447
1.5183741835676328,-16.824141668627455,4.813590381416726,0.1343239390799907,-2.1348579162759225,12.085682348759796
1.519350845861008,-13.417201659825434,-8.1546038496517,0.1326006319982655,-0.481117180611407,12.163962341128476
1.5201283294426182,7.240116403042727,9.17245701728419,-0.1336258549667729,0.2077151581019363,12.117209816683886
1.5202944563867609,-14.921009565341947,6.964869486228662,0.1335769656265513,-2.4503754924527645,12.119427054369012
1.5210517308010243,-18.04377935367452,-2.03591644381488,0.1346335541163488,-1.352575692410208,12.071777810023509
1.5212182091155888,16.287231950382672,5.941781764742024,-0.1347720879744169,-0.8996961033934903,12.065571897723382
1.5227454964736058,1.1960142587584892,-4.353031614062864,-0.1352186149420744,2.0218787910437923,12.04563374608365
1.5237243490653904,-15.703308027371891,-6.388393086824182,0.1289916571333421,-0.7983573449754305,12.33295102980578
1.5237973256663184,18.19332848917045,1.3780067061902015,-0.1289771853234728,-1.4555922631213878,12.333642910823247
1.5240871352478331,-17.737036714882407,2.9130135779231017,0.1329754074133947,-1.9044468780275556,12.146809032839275
1.5241193689016863,12.254590419565826,8.822379169128125,-0.1329491410795165,-0.3485866303480896,12.14800886753734
1.5279807729231147,-16.98583517254134,-4.690952770840712,0.1337352938251798,-1.0445365482197813,12.112250934639953
1.5287489421219016,-4.0034801530335,-7.692779764640586,0.1322051671682211,0.6075562433891852,12.182141626758376
2.2262634071962792,-7.825240844090693,-9.102918391368638,0.1085952517066714,0.1712914292584881,13.441325052396063
2.238214277029354,4.14766940549903,-7.398496939728536,-0.1117270445725809,2.535333781038511,13.251602573192857
2.2396345237031543,-0.0888723032289071,1.2165828068214708,0.1008233585857232,1.767427646318125,13.94976102114082
2.240556903224615,8.749663597527274,-8.865037077961432,-0.1062213888152684,3.0543524502135715,13.590688845189804
2.2424996174761374,-0.205842651316976,11.89101098312666,0.0003333333333333,1.5879450793096,40.0
2.2425016638709114,-0.2893133965641716,16.890617921740763,-0.0003333333333333,1.5895386386831056,40.0
2.243370679247054,0.0125233758031182,0.5587870307869273,-0.0997236510697805,1.475111756368568,14.026465208258742
2.2454616083451926,0.1881761187806496,-9.44309207768017,0.0059271705433116,1.577422535434773,40.0
2.2455036033518763,0.1079985866897246,-4.401486962566761,0.0098593762915699,1.6217971875666328,40.0
2.245801139036381,0.2775796938201758,-14.43382361913375,0.0132551882088419,1.566463579996572,38.47159310561261
2.2462156637020776,-0.0143149786130738,1.9012845897525656,-0.0003333333333333,1.5912825926518408,40.0
2.2462356663776437,-10.737136616233585,-9.09193143255358,0.1316641608434396,-0.1633165907630259,12.207143910443984
2.2462517786039835,-0.1248364882622166,6.8954657322863,0.0003333333333333,1.5868880628797173,40.0
2.246255771832886,-0.3794062361143915,21.89362172776955,-0.0003333333333333,1.5899140920484396,40.0
2.2482859397792008,17.154161509031233,-4.182089503515203,-0.1320546586685313,-2.088540659257286,12.18908185841727
2.2523977285950108,13.671504897999474,-7.721264872850644,-0.1288510627030605,-2.652991961630097,12.339677625621656
2.2597153318426377,-11.148065014821576,8.848745008931678,0.1294457459784968,-2.894495666051207,12.311300522512164
2.259889622379348,-5.722354883074932,-8.595050328287359,0.1286778000325847,0.4042597877315518,12.34798235915021
2.260159729746358,3.408685132263174,7.384059749260026,-0.1295533428993653,0.6536161367582068,12.30618709616896
2.260620237654646,5.190083109416339,8.506137341952105,-0.1292527612227732,0.4227242252599261,12.320487903675822
2.260748053731807,0.1708051876774643,-1.5943036291326018,-0.129595360922152,1.750765108227598,12.304191964649515
2.2607489665801976,-18.250535566590973,-0.6632886476367563,0.1279698619709655,-1.482558861122265,12.382089929378544
2.260763145317873,-8.923948672022156,9.07690558413161,0.1295404156649978,-3.1397343246423874,12.30680111213938
2.2608581084344546,2.44228230482994,-6.0000031545080645,-0.129482184219748,2.298527486389753,12.30956812109529
2.2609222757452945,11.731031932672677,-8.539797540893971,-0.1294698863607689,-2.8771491805378946,12.310152722554792
2.2610026891702057,-6.181324382717163,8.595500646161872,0.1294214885639973,2.8379663297650417,12.312454210449353
2.261067076463149,18.13655873317088,-1.4656613205948843,-0.1293569352281778,-1.780917689582319,12.31552596192896
2.2610854410663235,0.5266347716979851,3.3465802730141965,-0.1296725354888212,1.2034321853699246,12.300530030066469
2.261119746669558,14.769509235145875,7.464828191815013,-0.1295488188380902,-0.6839091352918291,12.306401968945089
2.2611231706921124,0.0045416902291037,-0.9440500777134742,0.1295487847025262,1.4980525177379849,12.306403590275243
2.2613269035416605,6.677671348232929,-8.576362590470135,-0.1295317885820535,2.8470101565576207,12.307210931256968
2.26133351656005,-0.8802463558071416,3.936926816523558,0.1293947564550519,2.0475426605678657,12.313725971126868
2.2613368402518894,10.088177139567694,9.350571604996306,-0.1293850755538308,-0.126164728664851,12.314186630183588
2.261367423188196,-4.17977060670767,7.635750532152955,0.1293300445609983,2.5952070745108307,12.316806224909282
2.2613813983454363,17.710411912352924,3.472495806175499,-0.1294625843728717,-1.2329560965236308,12.310499875459575
2.2614309100214465,-2.0241576846638143,5.73760239528182,0.1295692197833605,2.282120436583534,12.30543310388978
2.2614408573027034,15.928570136192246,-5.904283458547229,-0.1295066565322525,-2.329121513664181,12.30840503221572
2.261514535600117,-1.7723170638721122,-5.556036558731239,0.1294148921926738,0.9521071885446326,12.312767991406252
2.261792984127111,-13.804287808660192,7.784806909565833,0.1291852795074541,-2.581699921606637,12.323705347182006
2.2628360427351053,1.4712321496326304,5.244878229384718,-0.1305752392458924,0.97371102254732,12.257938085196065
2.263541805304498,-0.5595355284140933,-3.036706964053711,0.0654855681585417,1.3444463339999648,17.309056106352404
2.26450173122083,-17.223038623664408,4.183044953529709,0.1313837718932983,-2.032007748589086,12.22016263413461
2.265983440922012,0.8720071234616089,-3.684135494815188,-0.1186352765723834,1.9078758096822608,12.859993456929365
2.2665681720610653,-12.754809581297756,-8.500393477716722,0.1295921172786258,-0.379516311481569,12.30434594722096
2.267385922785939,7.971311439839665,9.32655999899699,-0.1307581493861873,0.1053091436768957,12.249361684174556
2.267656098501382,-15.496829794640655,6.488444793717197,0.1307240967269173,-2.34800698482212,12.25095700209556
2.26768844687093,-17.88213788031111,-2.7648460836790845,0.1316815402030426,-1.2493889402290284,12.206338339167011
2.267924431583353,16.751569713909504,5.357007770762317,-0.1318205010789562,-1.0029954845728015,12.199902929516831
2.271914767211163,-15.18115780276538,-6.92425505109158,0.1268256768519303,-0.6999280554072141,12.43781792526367
2.271943885043025,18.279327488623583,0.6348193500004826,-0.1268127768911863,-1.554005911544479,12.43845051931928
2.2721967592975747,-17.982038455463435,2.206159875444213,0.130377786198706,-1.8026417238812065,12.267216632747797
2.27225234414106,12.957727996207872,8.566839549979806,-0.1303553903437975,-0.4503714191022023,12.268270370903393
2.275759686282793,-16.61022378799081,-5.337551093651262,0.1312690607265176,-0.9422648180928684,12.225500801114316
2.282468228590925,-3.384642311312481,-7.262509514159048,0.1304327905573274,0.7081993097976813,12.264629797192423
2.9752423751935178,-7.087222840212171,-8.975251165921502,0.1095635800955618,0.2524422882099412,13.381796223311436
2.986402248476613,8.006654712273917,-8.80005188373508,-0.1058150895685032,2.97803030420031,13.616755751718705
2.9872822536733645,3.5320962433883736,-6.971680215920014,-0.1137493827852172,2.450328699733641,13.133275907155337
2.98942719396013,-0.2353568068879692,1.951927174147993,0.1016315553769237,1.8419866324064311,13.89418505417565
2.989999517700184,-0.2186607138337706,12.63840097376627,0.0003333333333333,1.5880105685981831,40.0
2.990002168592565,-0.30332246395586,17.637987141464148,-0.0003333333333333,1.5894679749400231,40.0
2.9927348600240857,0.0841166029902034,1.3047234122917917,-0.1005853894073296,1.4012684112849771,13.966252576841155
2.9934774512731384,0.280819175832546,-13.68615432483563,0.0121740069340268,1.5763948195721114,40.0
2.993836713951473,0.183217265477964,-8.694733401332302,0.0062646299400946,1.5818533144360312,40.0
2.994815589694406,0.0697995952480674,-3.653149278142524,0.0001902940346246,1.6293005494516015,40.0
2.994953801164161,-0.0296527542574214,2.649865614845023,-0.0003333333333333,1.5910592277919475,40.0
2.9950020793586365,-0.1368846605127558,7.644119092945026,0.0003333333333333,1.5870033847995797,40.0
2.995007126519845,-0.3937198168001306,22.642236256451373,-0.0003333333333333,1.589762455768712,40.0
2.9957395524496104,16.784230747611275,-4.831580176927298,-0.1293158971306327,-2.187419821923967,12.317479943490136
2.996890779040155,-9.996470124789326,-9.213981613290931,0.1288501813524185,-0.065813580941947,12.339719827656928
2.999374447239397,13.01193151798708,-8.071888851745074,-0.1255935633179624,-2.748840877870659,12.49867805172313
3.005129754611265,-11.870838633421062,8.666423979074752,0.1265184659358249,-2.7983982657418465,12.452909344959394
3.005534309085126,-5.036813778978463,-8.30175969869488,0.1258218604788952,0.4997939735837706,12.487333896094585
3.005646819794884,4.00051999861065,7.83736151674443,-0.1266296458846516,0.5574142762755095,12.447441403753292
3.0063869743970555,5.87020352195432,8.812085458600318,-0.1263745597193387,0.3267293378435776,12.459997508215752
3.006584017550708,0.037301401042292,-0.8605134521203037,-0.1266919019764229,1.6545183720700851,12.444382730913423
3.006636247110438,-9.66982048592105,9.075519507353237,0.1266251793377654,-3.04354068868522,12.447660934148454
3.0067103846862677,1.9461583475623128,-5.443086071797254,-0.1265862969283512,2.2023581869716686,12.449572492023137
3.006772065679992,11.011109290358156,-8.73474188738423,-0.1265842110117588,-2.973318161010402,12.449675065865062
3.0068811043312644,-6.893085243664647,8.81850532554432,0.1265566764176903,2.9341119311416937,12.451029302588433
3.0069410547504902,17.980985386830646,-2.1951302544054254,-0.1264873666027881,-1.8770153893819368,12.45444013148008
3.006957196437728,-18.184777451571623,-1.4065938289830264,0.125218852169975,-1.387501938660617,12.517364767427129
3.006962513537217,0.7945215163523951,4.042690393093062,-0.1267918515623936,1.1070983355623083,12.43947687027542
3.0069806737203866,15.347632563630164,6.993572486742524,-0.1266678325624186,-0.7801514084323505,12.4455650058514
3.0069882003832697,0.0587509145191873,-0.2001576106740114,0.1266701353947694,1.5942963788091316,12.445451877553117
3.007259051279449,5.963871388669334,-8.359788384351951,-0.1266434379055554,2.7507772726263235,12.446763600412122
3.0072711204677374,-1.222550223015192,4.599686932567029,0.1265077305521446,2.1436712257396384,12.453437703449614
3.0073134720715,10.828224586511364,9.256705149363391,-0.1265035802040451,-0.2222859981183607,12.453641987268824
3.007318678573869,-4.817117446943454,8.023348623805795,0.1264618372204673,2.6912988765219703,12.45569717317611
3.0073474299778797,17.957662490006776,2.768697204159772,-0.1265723577702018,-1.3291352608771854,12.450257990873007
3.007409580435311,-2.511160425767695,6.302679829683286,0.1266273212655013,2.378361321248852,12.447555657135052
3.0074265378324507,15.415550923895182,-6.445860713765292,-0.1266157773063749,-2.425336442970096,12.448123081143546
3.007537161244165,-1.339647978226699,-4.9482971241874525,0.1265311447733464,1.0482581572215606,12.452285422991029
3.007593504944784,-17.553739191927292,3.517595843283992,0.1279197028872789,-1.9340972157939944,12.384517266785323
3.007803474929017,-14.436391513373389,7.388604235578952,0.1263816289359557,-2.485659402144834,12.459649028151947
3.0084416806437457,-0.3923635166330879,-2.3108079746911976,0.0607205167646702,1.393687941775711,17.97538479022005
3.009029482185264,1.890767827165038,5.8619636889086655,-0.1276299601239315,0.8766391315091832,12.398566718589436
3.0101050647202023,0.6259020355717748,-2.981889614287013,-0.0985736990989424,1.819565581379374,14.108042896296537
3.0106688381993028,-12.063656189105195,-8.77606137539087,0.1260491903916088,-0.2830819037088607,12.476068440718628
3.010946287718027,-17.647341100791387,-3.4700429996591917,0.1281772782476056,-1.1511549342321323,12.372067611861034
3.0112491215120505,17.151314324696823,4.730321373268253,-0.1283176347290323,-1.1013394541981172,12.365299401644783
3.0116503391810854,8.71145271677511,9.404793059069934,-0.1273857175619239,0.0077413312385533,12.410447107710596
3.01202044537978,-16.018847825255,5.957807953102803,0.1273698276664511,-2.250455927316894,12.411221203949754
3.016008453249546,18.29182005469762,-0.1091403380560965,-0.1241983531117844,-1.648709606939985,12.568684787182333
3.0160602437066544,-14.61196946069867,-7.403605780145008,0.1242124528387241,-0.6052133223892159,12.5679714181843
3.016571454867948,-18.15307635871866,1.4817016481767318,0.1272811054807953,-1.7052610239213657,12.415546080745568
3.0166500114156665,13.627898411673108,8.242803284603491,-0.1272633564034359,-0.5477376090616394,12.416411825134883
3.0187147975376205,-16.17339772713282,-5.938521384010913,0.1282478034545959,-0.8441854420632334,12.368665386680243
3.032089230375948,-2.815279376078264,-6.77490568490967,0.1280112500757712,0.8063445773657989,12.380088118363044
3.7268541024634056,-6.3594332205012165,-8.787521418650035,0.1109476311011442,0.3351980523521115,13.298067326854737
3.73409300323996,7.268943032098711,-8.678302379868912,-0.1065053100664202,2.9048818059757444,13.572561936074557
3.736440453650533,2.954914166368221,-6.49408325345089,-0.1155076806857185,2.3605175283440527,13.032933814895362
3.7374994366968206,-0.2315277226849641,13.385790142127172,0.0003333333333333,1.5880734525710751,40.0
3.737502651033773,-0.3172787189900976,18.385357326978166,-0.0003333333333333,1.589397609570276,40.0
3.7394201313200046,-0.4362637369849711,2.674509910953054,0.102899194622804,1.917318759113527,13.808337818377588
3.74092938213231,0.2766345934560412,-12.93871410768416,0.0109100597388981,1.5849757257444386,40.0
3.7418735736046433,0.2105090774978819,2.0431228669049157,-0.1018498500160006,1.3265625370480374,13.87928752013793
3.742154236297919,0.1749432964758774,-7.94646162203839,0.0065864258671654,1.5867141819774635,40.0
3.742715600808687,16.35226660802886,-5.440989890450938,-0.1259467660807613,-2.284405066018039,12.481140356882404
3.743691805882282,-0.0448233201351619,3.398449914466797,-0.0003333333333333,1.5908434812885366,40.0
3.743752257188832,-0.1490191668336944,8.392770936298861,0.0003333333333333,1.5871157857385296,40.0
3.7437582352826015,-0.4079198755357147,23.390852701104684,-0.0003333333333333,1.5896139489675036,40.0
3.7441791870106047,0.0259836656033929,-2.90506775498342,-0.0110171075354443,1.62478215026964,40.0
3.745978272651441,12.322174581114036,-8.357638112733468,-0.1219181828731397,-2.8410401950837305,12.685672051704511
3.746436524386753,-9.248547095096049,-9.263276298822062,0.1256274475669731,0.0293328883258614,12.496992379057366
3.749337770759016,-12.571647839277556,8.416000281543228,0.1232273772584597,-2.706007210020083,12.618104993272976
3.749916533190816,4.632126463092769,8.231075474209568,-0.1233385539490085,0.4649082414978433,12.61241681224312
3.74998007297602,-4.383427640052469,-7.944987994611612,0.1226186995232949,0.5916968013864283,12.649384029011664
3.750383470298402,-17.81769822250122,2.8232885893909474,0.1240718861802136,-1.8410600045181564,12.575088757484542
3.750928894739111,6.575357028118981,9.051044040556103,-0.1231380830735768,0.2343740058843892,12.622679167391617
3.75118113089879,-0.0249649911876925,-0.1185243972111643,-0.1234252399582302,1.5619312883760517,12.60798699198809
3.751260136632847,-10.410867765373036,9.002624607227851,0.1233474181357426,-2.951026830190832,12.611963621079004
3.751328320551788,1.5065314022429117,-4.842100198950178,-0.1233288522377382,2.109844503966888,12.612912878758296
3.751391162828546,10.277007770465431,-8.859451784062557,-0.1233373486087005,-3.065845225999317,12.612478440347417
3.7515262943435865,-7.621760012539749,8.971898742004427,0.1233309532186467,3.0266491664441912,12.612805446737138
3.751593677418884,17.756505571289573,-2.905141761961157,-0.1232591253545645,-1.969486919829168,12.61647986670494
3.751596879576056,1.1275656837344863,4.708694838768039,-0.1235456700237301,1.01438497989271,12.601840525641068
3.75160807669898,15.876918969376582,6.4698112148268905,-0.1234235522343626,-0.8727617535300404,12.608073193345286
3.751618074948905,0.0412536843206687,0.5442666615196166,0.1234278432698838,1.6869135293768454,12.607854029984775
3.7519534471365015,5.275327878123534,-8.076102682727486,-0.1233916899403952,2.658188754755184,12.609700908102754
3.751973236276984,-1.626216150542298,5.22549445908333,0.1232592161974621,2.236150058438129,12.616475217525204
3.752032445885773,-18.048972765382008,-2.139187996683676,0.122149259904525,-1.2959671399461947,12.673667349040594
3.7520475604015626,-5.487611218071692,8.347477009336224,0.1232346063246466,2.783765050916568,12.617734895471612
3.752061325219168,11.554648683843222,9.092518074404198,-0.1232629642071597,-0.3147636316403845,12.616283405460628
3.752074667314334,18.135887450455265,2.04561040335096,-0.1233200060985078,-1.4216634189182102,12.613365249307831
3.752124390896865,-3.049295887798351,6.8174714121959,0.1233161785732701,2.4708858681889816,12.613560994944304
3.7521708769945783,14.853813317158052,-6.934834119883943,-0.1233619491778256,-2.5179023302445613,12.611220811457452
3.7523321836249353,-0.9679347793478604,-4.302891110005346,0.1232879648842707,1.140761801766439,12.61500416842687
3.752439191672324,-0.2612831099220543,-1.5784486206899055,0.0551156031832756,1.4368411253473448,18.867235892761023
3.752619295944663,-15.02664247302339,6.934341743326444,0.1232225495455375,-2.3931555176865102,12.618352170018456
3.753704546016649,-17.344716885467086,-4.148355917544554,0.1242557577039535,-1.057859101312571,12.565781188266556
3.753915605962718,2.367299706431843,6.434478060290422,-0.1242962085063349,0.7832421957200703,12.563736342292469
3.753948055012307,-11.349960099033265,-8.98367131051487,0.122090604120923,-0.1915687205822229,12.676711352890509
3.754073360177823,17.487369483613442,4.067860219905348,-0.1243987432352408,-1.1947444621235723,12.558557533940531
3.755592541807277,9.455372627950595,9.410552104560852,-0.123646999414515,-0.0850688428054425,12.596675870537112
3.7560504939180457,-16.486491768483003,5.379111266150113,0.123651982304648,-2.1576398985480667,12.596422061518146
3.7564194956872026,0.4421509985249674,-2.258549593097932,-0.0752181035910238,1.7558639917947174,16.150479645758587
3.758663159078736,18.234015915134925,-0.8495420489804135,-0.1212149626071023,-1.7396691873171175,12.72241606050225
3.758819198744184,-14.001138794754848,-7.826189219043256,0.1212339175840359,-0.51424141330451,12.721421452123206
3.7599989219740895,-18.25274014044738,0.7449849255082528,0.123799831399091,-1.6122977174235065,12.588898178440084
3.7600031561833607,-15.680929975784522,-6.49258270240956,0.1247580092358233,-0.7504402871487149,12.540462185030396
3.76009796914154,14.262583547913746,7.855647445590344,-0.123787380085543,-0.640692550866959,12.589531292698798
3.778914074938065,-2.298370985436497,-6.235875941630722,0.1248145061991062,0.9024110447181204,12.537623682645338
4.480761375246476,-5.647484523088279,-8.539518942438148,0.1127534799782128,0.4186201000712447,13.19114816254632
4.483493996977358,6.5404394152678105,-8.502562999879977,-0.1082817758459391,2.829338942272761,13.46076713724028
4.484999376826918,-0.2444417306759962,14.133178521012011,0.0003333333333333,1.5881337312281871,40.0
4.48500311272586,-0.3311823846244479,19.13272847193348,-0.0003333333333333,1.5893275425739686,40.0
4.486061260964512,2.422565692341938,-5.9663177212683225,-0.116642851923886,2.2704532317975508,12.969360884683608
4.48825198945949,0.26603836314254,-12.191466625704168,0.0094633728032674,1.5922033795543278,40.0
4.48881622838501,-0.6907803903611391,3.3793615148034384,0.1045905593588393,1.9940716570207169,13.69623448034783
4.48894994435763,15.863806791465702,-6.005146520381855,-0.1220416135500044,-2.3771832276219267,12.679255452022378
4.49026597384495,0.3914800324707208,2.7693051430544138,-0.1034729191326782,1.2504417023514929,13.770003550895344
4.49041941664253,0.1630330226789809,-7.198291236702111,0.006711043475647,1.5920051939840791,40.0
4.492025734230461,11.609570128894624,-8.5785039308348,-0.1179520173719307,-2.9291542780639337,12.897186320694107
4.49242971752992,-0.0598323793502615,4.147037376611297,-0.0003333333333333,1.5906353531671389,40.0
4.492502324827413,-0.1612378204497542,9.141421300816631,0.0003333333333333,1.5872252656911303,40.0
4.492509119731742,-0.4220087552607943,24.13947102203429,-0.0003333333333333,1.5894685716568933,40.0
4.492724658180724,-13.24561961932456,8.102334688768362,0.1196579942091462,-2.6171347761940136,12.804918760827665
4.492881514836272,-0.0144160154898465,-2.157456197114537,-0.0235262536198889,1.6081991535934184,28.87778538427928
4.492909129191641,-8.502395606624457,-9.241383241113573,0.1220008119099827,0.1213549864720326,12.68137546631636
4.493371070196787,5.296672749149204,8.564396464072734,-0.119765645098627,0.3759306255029787,12.79916268915192
4.493591255951989,-3.766233742205774,-7.530223864161879,0.1191506459672988,0.680187485266006,12.832151503035698
4.494514904516049,-18.016370564471345,2.106168730561952,0.1200143879204419,-1.752504399631954,12.785892094280502
4.494621935861966,7.2987174339055,9.22375496306804,-0.1196260647305483,0.1454793190077666,12.806627517547588
4.4948909359006,-0.0183720615498597,0.625156184311992,-0.119877924698216,1.472831696465316,12.7931673838073
4.494966879519287,-11.141111346584283,8.861755762146592,0.1197893912001342,-2.862000502422396,12.797894034475506
4.4950739167490505,1.1247523797422936,-4.203819469301151,-0.119792554775912,2.020810581647184,12.797725046356922
4.495153772384368,9.535377874125045,-8.915736028993361,-0.1198120330722452,3.1282874950826227,12.79668472542228
4.495318660519708,-8.360644291774712,9.057204696552178,0.119826224756134,3.115728001819116,12.795926918161632
4.495366199319676,1.5203817075741195,5.34027094060115,-0.1200161332209815,0.9251534952378508,12.785799127114476
4.495391767338031,16.35495856726446,5.899993418235872,-0.1198988913425535,-0.9618919311259476,12.792048777632164
4.495402141395665,-0.0449184895760073,1.2830420630768151,0.1199046571398823,1.7760517398617446,12.791741213964544
4.4954160638277,17.46774482095116,-3.590626241425793,-0.1197550665627214,-2.0584978335536737,12.799727977475342
4.495794223834945,4.616717911696542,-7.730368661835152,-0.119859513342756,2.569084389585316,12.794149902992253
4.495824781637698,-2.0854235678382214,5.810681326191547,0.1197322809957764,2.325151205661361,12.800945830950171
4.495926523404392,-3.631977511189186,7.279774059912053,0.1197194303044415,2.559881819846446,12.801632833950148
4.4959413018212295,18.24641169118205,1.310000478088676,-0.119788425126678,-1.5107113356035926,12.797945640369685
4.495951797410188,-6.184396482066981,8.608022225600887,0.1197313453569857,2.8727690336513647,12.8009958468337
4.495959085965223,12.261998437520427,8.862213483881575,-0.1197460342386066,-0.4037740537115707,12.800210699708918
4.496050599383285,14.249984788204218,-7.369285669544601,-0.1198279629986721,-2.6069856861526053,12.795834108774866
4.49628143354842,-0.6577807120842589,-3.626677430003558,0.1197683597908906,1.2297942555947423,12.799017635421642
4.49632564727778,-17.84698458728685,-2.85554904081447,0.1188404385969198,-1.207697075305702,12.8488882313377
4.49670012950078,-15.57187014707107,6.427998904611288,0.1197907900104379,-2.3040748615775346,12.797819313669097
4.496845870008881,-0.1618639165970634,-0.8407107764995223,0.0487857193764831,1.4738171112665408,20.053893022414744
4.497710875163738,-10.61980311057662,-9.125283120924635,0.1178930343855153,-0.1043640510570211,12.900412181298355
4.497733632173705,-16.97959310468995,-4.796633563124527,0.1200938058488271,-0.9691491864609828,12.78166378071929
4.497890847620456,2.894502611109746,6.959412587159128,-0.1206576367116003,0.6934375301191659,12.751764821299767
4.498167556494893,17.760638891528206,3.3757619583191323,-0.1202402481997144,-1.2835653094793582,12.77387798682994
4.500818346350344,10.197903567467655,9.347233042527572,-0.1197126853508846,-0.173516906666886,12.801993466080296
4.50134857138079,-16.899189735622688,4.758507034623745,0.1197399539098246,-2.069163054552502,12.800535686687011
4.501747076763372,18.109124797677858,-1.582055473773347,-0.1179812671901333,-1.8271032458427527,12.895587505261204
4.50179267246083,-15.13839351976308,-6.998454109337108,0.1209401749263735,-0.6608520621340681,12.73686101559238
4.502017072847329,-13.354061598517024,-8.191749312845126,0.1180087045593705,-0.4267884031489022,12.894088299896888
4.502263922776651,0.3049058955275932,-1.5254413533927518,-0.0490667987055223,1.7169072482449117,19.996372301112544
4.504268971164513,-18.283619516448884,0.0013557368263722,0.1200866135177616,-1.5234410949984023,12.782046537018426
4.504385299817877,14.859265286882016,7.410749105531505,-0.1200800300404736,-0.7295467657465088,12.782396921919698
4.523725109362424,-1.836797043373263,-5.65133084242238,0.1207269205439104,0.9948854870220798,12.7481052787378
5.232499340083995,-0.2574007906123015,14.88056614322347,0.0003333333333333,1.5881914045695478,40.0
5.232503555153036,-0.3450336838164762,19.880100569980705,-0.0003333333333333,1.589257773951186,40.0
5.232927011002186,5.82724625550324,-8.272334071690304,-0.1108665446095419,2.749276839702953,13.302929419451075
5.235241144240811,-4.958153524256492,-8.232822845509421,0.114822531258222,0.5033749361124872,13.07175959431625
5.235476788994776,15.324970265048492,-6.521825847975409,-0.1177839078369808,-2.464804698264352,12.906386849699713
5.235514292628998,0.2500429013439156,-11.444375536920449,0.0078341219906934,1.5980761267842507,40.0
5.2358204702451125,1.9397543239380424,-5.392704563782348,-0.1165345320449641,2.1812164630607205,12.975387000829466
5.23639494327781,-13.889337296390448,7.729946389852726,0.1159184820626924,-2.531668319223768,13.00981993065768
5.236995109196456,-0.9980940638577104,4.061512483265926,0.1065611573829505,2.07285738728949,13.56900490175948
5.237119865699886,5.988482856387882,8.837455150685557,-0.1160194301119772,0.2903752098111577,13.004158851217092
5.237445947156199,-3.187920330379173,-7.062384789983603,0.1155209301128088,0.765389560455677,13.032186407638209
5.237498846613269,-7.763281962299391,-9.151245191087304,0.1180359109597773,0.2094569167182645,12.892602231078364
5.237570848165852,0.6268087010532923,3.478589989168394,-0.1053196380822263,1.1723915905087134,13.64874628281644
5.238403452959159,10.879971202073191,-8.735873257565492,-0.1138745455081907,-3.0131128697697624,13.126056409338744
5.238564539839035,8.034801425657417,9.331601868905649,-0.1159433673059583,0.0599408899414119,13.008423701090733
5.238642186114005,0.1471652549918598,-6.4502367422271485,0.0063309562551687,1.597726305422959,40.0
5.238826603354881,0.054390805617519,1.3655249049318123,-0.1161555699056196,1.3871261976274103,12.996535939543325
5.2388770421743125,-11.856134041657343,8.656463590761794,0.1160567804568599,-2.7763664502732004,13.002066148337445
5.23905584416917,0.801136333786868,-3.5339077115838142,-0.1160828180653119,1.935158275794676,13.00060788439077
5.239164059584654,8.791433440998167,-8.905837146259215,-0.1161134297864263,3.042611212619708,12.998894069765218
5.239357237164482,-9.104434008751388,9.076446849636982,0.1161466691498294,-3.081745352202715,12.99703391241371
5.239379061436149,1.968063175465664,5.934523784348,-0.1163082674350072,0.8393197673728163,12.988001835792955
5.2394362930021465,16.780529049835646,5.289672174516741,-0.1161992331176086,-1.0476365259757394,12.994093931439757
5.239445040873999,-0.1965672435920673,2.0114667274515896,0.1162058597942796,1.861803460310338,12.99372343314528
5.2395034480865466,17.119067994644894,-4.247962157233047,-0.1160798413296821,-2.1441513517401254,13.00077457479446
5.239890362411769,3.991271780215933,-7.327260487692181,-0.1161525053264792,2.483367918898,12.996707387878516
5.239933045209638,-2.595002823584087,6.352923052757787,0.116032429984988,2.410776567857539,13.003430366551347
5.239953839264878,-4.253630077441677,7.6885829805806845,0.1159449994286954,2.645444511932838,13.008332143732485
5.2400572167024935,18.2910949920565,0.5672273650840765,-0.1160831207780527,-1.5963782645479554,13.000590933527102
5.240109272224181,12.946307602152336,8.569843056324304,-0.1160576999844718,-0.4894210424405239,13.002014640856672
5.240127345237523,-6.901844226105954,8.80567338435667,0.1160568235165663,2.958414719778958,13.002063736327704
5.240177126503944,13.609687019011329,-7.7484202830148865,-0.116119344524668,-2.692683170141373,12.99856300790326
5.240332073437373,-0.0423662612771966,-1.410528408560968,-0.0369438523899721,1.5794654953763605,23.04477826139812
5.240487961623321,-0.4088945084690678,-2.9253223030676265,0.1160773923213053,1.3154602278191734,13.000911718483604
5.240686453066342,-18.15121106692281,1.3722818055083867,0.1159178045884726,-1.6678084443670729,13.009857947805813
5.240855146290013,-17.58254772487313,-3.551535621645015,0.1153882107189761,-1.1225388898584845,13.039678992113028
5.241111679431788,-16.070111591540066,5.874912999272762,0.1161890359988472,-2.218314826679119,12.994664115495658
5.241167572088591,-0.0746856350066966,4.895627889271942,-0.0003333333333333,1.5904348434490063,40.0
5.241252294269729,-0.1735384345856587,9.890070224967165,0.0003333333333333,1.5873318246524393,40.0
5.241259800433851,-0.4359887989150124,24.88809117954496,-0.0003333333333333,1.5893263238480548,40.0
5.242117667566817,3.466852737780557,7.435110907554922,-0.1168238989885114,0.607171798728632,12.959307483564402
5.24238346176456,-0.0896755449741828,-0.0986763165697331,0.0419081866650995,1.504622714784426,21.63689239581607
5.243099469205671,-9.878470165700012,-9.202933754974763,0.1136796509572297,-0.0210241874741347,13.13730327211378
5.243837196764385,-16.557297628811703,-5.411724662188465,0.1158714072203714,-0.8844317685658323,13.012462376113485
5.244334236933144,17.972026249309923,2.6601642361551345,-0.116020904411314,-1.368398325433863,13.004076228527122
5.245370672276238,-14.551361344885628,-7.454854665283449,0.1169539539635711,-0.5750016961095084,12.952100045288375
5.246366535445606,17.92035643006878,-2.302350303435776,-0.1146282517691043,-1.911421346302278,13.082832246355071
5.246747405531542,-12.676133665568289,-8.500030006609412,0.1146668894504323,-0.3424401203888985,13.080627911321043
5.247835461716794,0.196356939531709,-0.7878140465298773,-0.0209231511643672,1.7031780018217286,30.62143768453415
5.248012823838748,10.933877929427814,9.218231780027908,-0.1157498385331518,-0.2582214858859875,13.019293829138723
5.248600460012858,-17.2563698379721,4.1021475602883335,0.1157989890749024,-1.984407458538266,13.016530559187922
5.2503009352085686,-18.24830420252247,-0.7438398884813116,0.1162986641287846,-1.4381588992099203,12.98853805911345
5.250431846518839,15.415425510530127,6.913485337018141,-0.1162985789622561,-0.8148320071742322,12.988542814885156
5.267850051524373,-1.4315473925781408,-5.0272357774859895,0.1155890341599722,1.0821553380405446,13.028346650106434
5.979999328109354,-0.2704029552993194,15.627953041564192,0.0003333333333333,1.5882464725952632,40.0
5.980003979752643,-0.3588328395237443,20.62747361477049,-0.0003333333333333,1.5891883037020136,40.0
5.981009435352634,5.135998544349172,-7.986320233832226,-0.1137945310952057,2.663848314145088,13.130670338946944
5.981389497344264,-14.50000289700534,7.303209457054163,0.1121930897494224,-2.449223336758881,13.224050888766428
5.982201938014511,6.702373197276733,9.050780900819609,-0.112284406056335,0.2078544134388282,13.21867255356327
5.9822089445855005,-7.034848261949609,-8.996398575959512,0.1139251802195072,0.2937432547512617,13.12313913456651
5.982580476187107,-2.65059449414151,-6.546142199658464,0.1119068702947655,0.8476791401978053,13.240951235293858
5.982763359651662,0.2296606245120429,-10.697404499357818,0.0060425736355439,1.6025931824337118,40.0
5.983109804949056,14.742124226864696,-6.990062564090609,-0.1134676260906252,-2.5478380000666943,13.149571575186055
5.983614291661203,-1.3573920543159108,4.715993313907303,0.1085720186891092,2.1542302898646017,13.442763097688532
5.98371526218772,0.9162743163901652,4.166297153674975,-0.1071810055470955,1.091957748707646,13.529712307291966
5.983807311615731,8.778705803023197,9.376245639147914,-0.1122700307541809,-0.0226218027796473,13.219518792920292
5.984062748895368,0.190500133836089,2.0982261833474647,-0.1124404530809873,1.3044377532433975,13.209496886442142
5.984082814565425,-12.552188272561269,8.390305459483066,0.1123328601402507,-2.693755107685229,13.215821375158852
5.984340173934541,0.5355518755365658,-2.8375503121618566,-0.1123811882937226,1.8525091005358356,13.212979443828786
5.984478596830807,8.049766968471538,-8.832185242275996,-0.1124222262671665,2.9599292339856973,13.210567649533118
5.984694024458254,-9.848436408204876,9.031867077308563,0.1124713628214861,-2.999016512552036,13.207681639714115
5.984697099352222,2.465912670432812,6.489181208353143,-0.1126027470282477,0.7564997096511282,13.199974137561613
5.984709001736906,1.5104826007315788,-4.779059861812806,-0.1142995988548472,2.091718642427574,13.101627531077892
5.984791887533511,17.152923454352926,4.644011760844489,-0.1125051597508528,-1.1303814388239366,13.205697692290046
5.984797713486712,-0.4104217152002078,2.725481343229248,0.1125119360198421,1.944554494753853,13.205300019318788
5.984896486168313,16.714726853913703,-4.874156235081892,-0.1124125874674153,-2.2268337803802813,13.211134001384456
5.985298606838263,3.4015946502431333,-6.871284245716757,-0.1124518649101992,2.400656055527818,13.208826612958292
5.985301071123475,-4.909105372144275,8.043399319090929,0.112179294736776,2.727943176052974,13.224863956434456
5.985352818813387,-3.150064698518534,6.850474008815275,0.112340655024474,2.4934078851317314,13.215362873881984
5.985483015075463,18.272027635567756,-0.177954530023762,-0.1123853755261571,-1.6790449608137676,13.212733300418789
5.985565088431157,13.604250769334858,8.219393113144625,-0.1123780771089413,-0.5720868017393754,13.2131623414691
5.985612076934469,-7.634856835403273,8.94146734521062,0.1123901705677221,3.0410893283423626,13.21245144428718
5.985613397903018,12.938107899541391,-8.071927193311002,-0.1124175126631761,-2.77537551643925,13.21084460005578
5.9858432082361634,10.138691979961246,-8.831640175828822,-0.1099626160934823,-3.093399543104688,13.357494223737104
5.986003297331038,-0.2205992341646592,-2.203977721435507,0.1123952791867616,1.3981430495853444,13.21215117568184
5.986390323286327,-0.048833885004198,-0.6644981933477977,-0.0505988385380976,1.5385245747178666,19.691324812139715
5.98661013096962,-17.25934065514665,-4.223612765471008,0.1119574141365038,-1.0401080657425057,13.237962071418572
5.986834501656831,-16.51993835594829,5.280137067001366,0.1125905365499149,-2.135467855821457,13.200689882427804
5.986837580962577,0.1270188043191034,-5.702312635517182,0.0050047968544576,1.6038773409379197,40.0
5.987697948248327,4.07917166891245,7.860499531660708,-0.1129836068586852,0.5240601689803865,13.177707459503813
5.988178615326499,-4.298610766081684,-7.869617413964026,0.1168109873332127,0.590748877543314,12.960023683551327
5.98881258428209,-18.22367457894076,0.6276733529416254,0.1119905033704108,-1.5861982988637888,13.236006269546856
5.989267348787345,-0.0402876033694798,0.646572884649774,0.0347883561632719,1.5293180597359082,23.74795983840448
5.989905401978197,-0.0893887902084333,5.644221340442142,-0.0003333333333333,1.5902419521515248,40.0
5.99000217679279,-0.1859188224661316,10.638717747219276,0.0003333333333333,1.5874354626179823,40.0
5.990010296933561,-0.4498623494380176,25.636713133941463,-0.0003333333333333,1.589187205551266,40.0
5.990776379829653,-9.130958491739689,-9.218651896507875,0.1097703389726665,0.0589486641564681,13.369187698794802
5.991273124115423,-13.925406436969318,-7.860503430738483,0.1130154502604996,-0.4923006246440319,13.175850859889486
5.992010594838515,-16.083158328184066,-5.990477940525724,0.1118123073657596,-0.8029532869407707,13.246549131198854
5.992567188581047,18.12243525782741,1.9272047010588784,-0.111962492682483,-1.4500001387106558,13.237661838012922
5.99301008556404,17.67092054005004,-3.006096228968577,-0.1113357839065019,-1.9931674869189893,13.274866599285032
5.993487417270113,-11.97275078949173,-8.750775245394903,0.1113866454032812,-0.2606486629245171,13.271835488094164
5.993699914788043,0.0979062993096171,-0.0484756572958715,0.0077919892679148,1.7146684580015883,40.0
5.997098433171601,11.658128107932612,9.026944224119688,-0.1119623103054422,-0.3399487269091904,13.237672619422488
5.9977331808899095,-17.557460186829264,3.416185144908508,0.1120305560326065,-1.902608238727121,13.233640040343962
5.998286868702628,-18.149383914467435,-1.4852559210272018,0.1126360825492316,-1.355768339975062,13.19802069307049
5.99843125497989,15.928546100810312,6.369233212641398,-0.1126432811586749,-0.897230372240163,13.197598972085888
6.012642521773424,-1.0819221790350522,-4.369605156396435,0.1092369252241316,1.1645189158048297,13.40178912396457
6.72722755338535,4.473331273349772,-7.643226124838066,-0.116496123277758,2.572391896229761,12.977525798482992
6.727499342207378,-0.2834462775424882,16.37533924883685,0.0003333333333333,1.5882989353055206,40.0
6.727504387915326,-0.3725800747038192,21.37484759995347,-0.0003333333333333,1.5891191318265094,40.0
6.728162467219029,-15.074820706778675,6.826497432763857,0.109003142683858,-2.3692885834409267,13.416152918429676
6.728283821762779,-6.32073017967417,-8.780382171669606,0.1102313763812678,0.3745243923002914,13.341200667450632
6.728712783193834,-1.7678616585769706,5.337834504294343,0.1102414767944026,2.238656111360905,13.340589493205458
6.728984436998256,1.2596561116259035,4.827746385002262,-0.1087240263440818,1.008773947655542,13.433362697063712
6.729066308375232,7.433162008097062,9.204904557972316,-0.1090818174456711,0.1278532416313572,13.411313920648633
6.7294669585677855,-2.15636104902414,-5.9861665579646495,0.1088149969853389,0.9275542784319448,13.427746348514406
6.73002841358286,0.2059039490988006,-9.950517171041083,0.0042074553409626,1.6057543077701917,40.0
6.730822307997776,9.5255296666028,9.359348254507092,-0.1091184050243305,-0.102714825826516,13.409065335067142
6.731086750096047,0.3871319223008846,2.818906971307716,-0.1092507940621297,1.2242611368446574,13.400938459941662
6.731089150763797,-13.225529019112972,8.066838760495818,0.1091387655927459,-2.613668275639933,13.407814512669916
6.731408624688263,0.3278658653858457,-2.119930781143336,-0.1092039943931378,1.7723573004394546,13.403809630394411
6.7315708434109816,7.314968475573733,-8.69721117167232,-0.1092524484945637,2.879732796135915,13.400836993894252
6.731637201800232,1.1387511279466302,-4.131203822101072,-0.1087513578055689,2.000856738704996,13.43167456581947
6.731697233348456,-0.0247856999164017,0.0804206444998843,-0.0627420636648598,1.4854771614472788,17.68343543400313
6.731725963227259,14.121636805320616,-7.408896077721973,-0.1097155389048817,-2.6270445402011484,13.37252603292557
6.731793985221454,3.009233643942616,7.001973638698857,-0.1094133821869252,0.6761810955454575,13.3909779618722
6.731799611872197,-10.587961285624935,8.925708166133017,0.109310407925873,-2.9187606065647094,13.397283806308469
6.731923945352346,17.471436907392054,3.968174878117821,-0.1093299138359657,-1.2106395590541048,13.396088637160084
6.731926018919921,-0.6832107461054342,3.421029220371639,0.1093358401564229,2.024817734566003,13.395725582082637
6.732056896513966,16.258972702209054,-5.466217745392992,-0.1092634121008633,-2.3070568264224427,13.40016465610477
6.732468488717518,-5.593256691861752,8.343726010616981,0.1089496466589255,2.807876991113388,13.419446257173291
6.732490288964341,2.850289206601266,-6.3669453540484255,-0.1092724710198925,2.320438287977069,13.39960919867563
6.732556205244083,-3.745721071073677,7.301590830190792,0.1091713808181718,2.573553394148133,13.405811572204843
6.732695215956071,18.191300807651416,-0.9207931749523957,-0.1092104757925735,-1.7592191794473666,13.403411884953575
6.732799198083611,14.232505061619092,7.814849717629963,-0.1092199808518954,-0.6522795745257429,13.402828649956092
6.732837126526601,12.240433612680912,-8.339497539335838,-0.109238071811781,-2.855570799702432,13.401718790310335
6.732864869485517,-8.378338833862724,9.016442367331855,0.1092412481071168,3.1213053623584783,13.401523956685752
6.733297829930998,-0.0922164396869877,-1.4677936571310035,0.1092350823648842,1.4783521458419504,13.40190217043383
6.734049011908252,-16.881041613359226,-4.868248100929367,0.10902840246812,-0.959906364451363,13.414598710338591
6.734278602714342,-16.919924369588344,4.648722881938969,0.1094901540528936,-2.055004302420408,13.386282465478978
6.734358384474253,9.3910458771501,-8.867699488218866,-0.1068563615754809,3.112545792211872,13.55024906972726
6.735026157062547,0.1022724815652953,-4.954533413475899,0.0023135224073586,1.6104579631591749,40.0
6.735116171272734,4.726282341500185,8.234507255554231,-0.1096673808170869,0.4435822517902715,13.375461813480111
6.737292793528535,-0.0092697000990256,1.3939549527093174,0.0282785890395453,1.5479816032397589,26.339829204183783
6.73780633806224,-3.6760271013147854,-7.452087411378113,0.1181236477204478,0.681979246624957,12.88781336907181
6.73818590734207,-18.235215949610318,-0.1216110884269548,0.1087798271115466,-1.506804439477177,13.42991683200952
6.73864323618741,-0.1039475480594447,6.392817618115321,-0.0003333333333333,1.5900566792885291,40.0
6.738751982974449,-0.1983767973158965,11.387363906041797,0.0003333333333333,1.5875361795837242,40.0
6.738760627775536,-0.4636317497694513,26.385336845528588,-0.0003333333333333,1.5890512167759898,40.0
6.7394221258634674,-13.266101781831306,-8.21411946619211,0.1096715394022676,-0.412049089246894,13.375208224364384
6.739655036193449,-0.0090459898511454,0.6897724385325066,0.0333065619441631,1.751354362483334,24.27046401074148
6.740772665763969,-8.382264926423709,-9.17446621817522,0.106881926390707,0.1361688195647963,13.548628463228525
6.741602319768458,-15.562503073158773,-6.529742123925655,0.1084892617297469,-0.723859008807149,13.447889226571773
6.74166934090634,17.364026855364013,-3.6889629413726297,-0.1085703912311962,-2.0729742185187097,13.442863849133934
6.742213556233413,18.2127696179495,1.1830210006758888,-0.1086352066665226,-1.5292285973703557,13.43885305430201
6.742219349217811,-11.249308763870442,-8.943728974260397,0.1086318563523301,-0.1807781707902417,13.439060284575111
6.747394970212227,12.365486497083568,8.776766281860741,-0.1088835561125459,-0.4195579297036239,13.423518294685907
6.747839151172594,-17.98944836808307,-2.2175463314237,0.1096156011512436,-1.275489995620405,13.378620528341658
6.747998423890763,16.396108939674782,5.783369804992431,-0.1096306700686549,-0.9775204765027942,13.377701048342336
6.748074619677886,-17.801888893492215,2.706772090248892,0.108963846270324,-1.8229077132597844,13.418571859893753
6.758507198297951,-0.7871620453401231,-3.684455114966688,0.1017778457262229,1.2425603026776273,13.88419616074509
7.472126045839428,3.8458794340492073,-7.241756383240152,-0.1181798260895912,2.475715226377692,12.884749833203466
7.47281627445619,-2.22869017348212,5.922066551993836,0.1112505752252306,2.325879254394903,13.27994930202851
7.474111600098141,1.6567333199050802,5.458257431578369,-0.1097091838612583,0.923142896649639,13.37291333405234
7.474999383360701,-0.2965288101472456,17.122724797844096,0.0003333333333333,1.588348792700571,40.0
7.47500478098526,-0.3862756123142628,22.12222251918027,-0.0003333333333333,1.589050258324732,40.0
7.475632131123025,0.8285605108072804,-3.454956651388515,-0.0991513671924445,1.909684585132092,14.066885678143125
7.47630194236701,-5.624563389572144,-8.506734754156984,0.1071872759046059,0.4523397096190238,13.529316567304564
7.476690592140589,-15.610995011319895,6.304183859372999,0.1065084917718047,-2.2912691537474217,13.572359211344663
7.47732494889335,0.1797852915560636,-9.20367720999506,0.0023937226042266,1.607559561361857,40.0
7.477682100991409,8.175667525130155,9.300356965641088,-0.1065724225798928,0.0497733662615672,13.5682877363141
7.478005565950184,0.0388114807406516,0.8240143009569886,-0.0728608838625368,1.4220047615962328,16.409649451243236
7.4781193093965665,-1.7073248105584111,-5.387128329680335,0.106399514628703,1.0055886832847207,13.579307948422224
7.479611274189803,10.270372116996148,9.282571695695443,-0.1066467513254948,-0.180922963460157,13.56355866524385
7.479907540640185,0.6414621702069425,3.523214220561329,-0.1067479026173799,1.1460080823446068,13.557130980231316
7.479921548491266,-13.872411261129368,7.6896208859854625,0.1066372586528692,-2.53552157090088,13.564162348942606
7.480267220003463,0.1779451637291718,-1.3862326286363087,-0.1067114728982907,1.694115652637322,13.559444863118657
7.4804327910916575,13.469876128822548,-7.777365797864011,-0.106811104878594,-2.703462036780108,13.553119411863875
7.480440162569419,6.591627981333353,-8.503345789076805,-0.1067633634721004,2.801433764716027,13.556149321114855
7.48066528046721,3.593329547462128,7.470631501467401,-0.1069006388901031,0.5977723631987667,13.5474426077065
7.480672264639555,-11.318318436501311,8.760212902676436,0.1068222655742616,-2.8403904388806454,13.55241139104372
7.480820476278764,-1.0116631780127552,4.094053668840609,0.1068370307794757,2.1031843882655274,13.551474875048246
7.480822755430263,17.73536453552876,3.2673242272354432,-0.1068328294174222,-1.2890020959732575,13.55174133602262
7.480976639827397,15.756056842982405,-6.021155958587015,-0.1067895233205161,-2.385408132554529,13.554488834206996
7.481460777743344,2.3399581341134503,-5.818749230826732,-0.1067743347173116,2.242124384217919,13.555452851001297
7.481470221501767,-6.300937333158894,8.589065990333037,0.1064217211303695,2.885836022217275,13.577891123830804
7.481541530843277,-4.377083819681623,7.70453015271113,0.1066841198236264,2.651800954071732,13.561183009628955
7.481695225475747,18.05100569424311,-1.65653653741938,-0.1067185041333351,-1.8374890115119027,13.558998172445296
7.481812560617126,14.827747601556148,7.360198933067739,-0.1067418464223755,-0.7305858021713029,13.557515565555407
7.48184990343724,11.521850341316393,-8.550822459992277,-0.1067414683524901,-2.933857715337532,13.557539575136111
7.481874912323582,-9.127194745388111,9.031636709889517,0.1067672188885641,-3.083534337831982,13.555904561608468
7.48236988347103,-0.0230676755520189,-0.7219200821779241,0.1067551388385601,1.5566749314472286,13.55667150285663
7.482922728328977,-3.0975733827067504,-6.982417601327831,0.1181900446507824,0.777353474720482,12.884192826321264
7.483203926554177,-16.451328834762695,-5.481909256657014,0.1067410537545401,-0.8813803777133773,13.557565904602608
7.483234403162546,0.07260509763503,-4.206913573006981,-0.0021361377984707,1.6164528626403043,40.0
7.4833739109257404,8.642346308231074,-8.845945997329707,-0.1047550299952738,3.037466695352141,13.685478472922815
7.483394718590747,-17.268643561752807,3.9857222182274494,0.1070382785889055,-1.9763316822320525,13.538729611110028
7.484352594130401,5.403007692538523,8.556062875313224,-0.1070461971120966,0.3651268231482414,13.53822885662999
7.485920680281073,0.0078085565211143,2.1423880131592075,0.0226624178849312,1.5611956001505738,29.422989593745157
7.486146704074192,-0.1430998926630486,1.4241288651784982,0.0543842824389443,1.8112427621829603,18.993666464690666
7.487381100404007,-0.118367611663702,7.141416610284881,-0.0003333333333333,1.5898790248706494,40.0
7.487501722712553,-0.2109101723596751,12.136008739903549,0.0003333333333333,1.587633975546054,40.0
7.487510810526495,-0.4772993428489638,27.13396227461112,-0.0003333333333333,1.5889183575308723,40.0
7.4876347573823905,-18.187290028016637,-0.8695259798859734,0.1063631071252504,-1.4287277126955185,13.58163178874479
7.489263698429676,-12.579020365288743,-8.514421832134227,0.1071022809357579,-0.3335017941369093,13.534683796868434
7.491471075312295,-15.000659734087552,-7.026365938177613,0.106004785111884,-0.6462421922052122,13.60456682028761
7.491960180966781,17.002885103753044,-4.346620131648813,-0.1064811921938195,-2.151484205334501,13.574098919768996
7.492131563686639,18.24393303054501,0.4337507826516968,-0.1061392697215058,-1.6069899045034963,13.595945282116691
7.492552093677237,-10.511203382287526,-9.078635138264692,0.106548232210119,-0.1021855340310799,13.56982788476664
7.492610792670717,-7.637386307480142,-9.072405392628031,0.1052474930802605,0.2114787467023739,13.653423405082018
7.497775100769989,13.050785490982223,8.471093860308889,-0.1065879735460625,-0.4979351789982859,13.567297916855509
7.498135982914864,-17.771087279168675,-2.9353650902832094,0.1073455844804135,-1.1965193451382348,13.519336757122357
7.498314866619506,16.815595909075753,5.161272186662395,-0.1073694643045588,-1.0565063327850528,13.517833283430807
7.498508814892198,-17.989084069258986,1.980060698074116,0.1066716698334748,-1.7444245961059903,13.561974363539695
7.505014712486826,-0.5465076340894779,-2.977801789009709,0.0931506143028683,1.3167564722808929,14.5129035404059
8.216751872294038,0.5821835633068311,-2.7559882182717184,-0.0852166072986053,1.8322753373270373,15.17346731370506
8.21700016620724,-2.7387159042443816,6.463992209904734,0.1114728014956263,2.412036059703605,13.266705715484584
8.21734780953706,3.2598556265415333,-6.781396117662401,-0.1182972805008673,2.3814213064809806,12.8783518258525
8.2202412274142,2.1068857657849387,6.0532970909517445,-0.1100726963403861,0.8385776436084187,13.35081340844725
8.222499452245467,-0.3096486059190297,17.87010972138861,0.0003333333333333,1.5883960447807226,40.0
8.22250516026034,-0.3999196753126401,22.86959836610154,-0.0003333333333333,1.5889816831967196,40.0
8.223436365327654,-2.5697557797031028,-6.463024662850138,0.1166167568886872,0.8706678179236961,12.9708118515319
8.224658851885255,0.1523170683357051,-8.456848274244555,0.0005799441877373,1.608009124716013,40.0
8.22626503355828,-4.950026377144788,-8.178947541144119,0.104980837361047,0.5285026073107993,13.670752376263644
8.226595964891196,-16.105737636128236,5.74063456846937,0.1047931307522698,-2.2145367439591515,13.682990382753571
8.22766356596941,8.924720184346272,9.337670656584375,-0.1048405965258253,-0.0270098044134809,13.679892627322536
8.227779934149844,0.1499604010724216,1.5655043688056962,-0.0809262051644008,1.3556252889455425,15.570488224495149
8.22791697785724,12.792994569781456,-8.094484016348385,-0.1048776333186477,-2.779228573766326,13.67747695850945
8.22820687122899,-1.3055845298566116,-4.753696330743316,0.1047441242151889,1.0823539952387953,13.686190901949969
8.229824570099655,11.00834045850365,9.147580154136014,-0.1049408592620021,-0.2578333080837108,13.673356097292634
8.230175050236902,0.9506683096078614,4.206802473322624,-0.105019807526884,1.0690660906669605,13.668215731711577
8.230242052142058,-14.489094006710452,7.262206275213493,0.1049179033324976,-2.45868119405774,13.674851859358975
8.230565607535812,0.0856532121426543,-0.6416321545523911,-0.1049908179786304,1.617180804967153,13.670102583751646
8.230732396488346,5.884326242251165,-8.25302062819527,-0.1050413975501755,2.7244430683841907,13.666811002441625
8.230951459248137,4.21350963868804,7.892894458067557,-0.1051519722728263,0.520689905865517,13.659623372396242
8.230959242587241,-12.034827884917352,8.537626381053014,0.1050933489557539,-2.7633362866080664,13.66343261999236
8.231119134889088,-1.3925090253950323,4.740509017371449,0.1051018281441503,2.1802349726650005,13.662881459009736
8.23112624527354,17.94400859842289,2.546614173267808,-0.1051000543190324,-1.3660502805624948,13.662996754998993
8.231299264446555,15.210227676494329,-6.535990458233566,-0.1050758447420369,-2.4624547647831005,13.664570633251495
8.231484069882459,0.0384544773954544,-3.4594436412480425,-0.008506834668517,1.6158014038362472,40.0
8.231851139223807,1.873195519503956,-5.231196376858948,-0.1050441323781226,2.165123028163248,13.666633095007423
8.231952201547742,-7.027007756881808,8.778921046016455,0.1046855111035111,2.9624884320617944,13.690021758350795
8.231953617539858,-5.039270611004433,8.057555581339038,0.1049652327628362,2.7287431199055407,13.671768506235166
8.231968733903528,7.897806032986177,-8.768138622824472,-0.1037193502414735,2.962539627851111,13.753635619151982
8.232129452119475,17.853234389956825,-2.380441254712528,-0.104996403455495,-1.914450725849636,13.669738979249672
8.232254191651869,15.386664236738628,6.859424696004391,-0.1050296695604746,-0.8075879104091518,13.667574016450606
8.232283493924216,-9.876338955579538,8.988093723352732,0.1050528196415245,-3.0064934150577423,13.666068012764448
8.232297621636835,10.787536813820596,-8.705597849145915,-0.1050149502178492,-3.010833580716985,13.668531826456936
8.232866039007835,-0.0124699748622791,0.0285012449547847,0.1050412027434016,1.6336927275277986,13.66682367537715
8.233788853568386,-15.973891800457984,-6.061073836837164,0.1051731724233417,-0.8041003966939105,13.65824660536601
8.233803487646146,-17.56468788830128,3.2961781098531557,0.1053145507985772,-1.8989742681454207,13.64907593121485
8.234482714496735,0.014995185583416,2.8909155486793177,0.0180137604340174,1.571923806611252,33.0016197492848
8.235013851905938,6.104184222363599,8.824099809237667,-0.1052128361819822,0.288037984095,13.655671903775168
8.235187690980524,-0.3214736986666882,2.151621260600876,0.0707249986524595,1.8790360545941716,16.655587536486102
8.2358434167257,-18.0813502740278,-1.6101965992851075,0.104701481168665,-1.3514867410464126,13.688977662382596
8.236119017145276,-0.1326546841251747,7.890018204944241,-0.0003333333333333,1.5897089889056393,40.0
8.236251405244106,-0.2235167608221946,12.884652287273347,0.0003333333333333,1.5877288505017306,40.0
8.236260861797145,-0.4908674716161982,27.88258938149382,-0.0003333333333333,1.5887886278238168,40.0
8.239956947621517,-11.869688952801496,-8.76016418021662,0.1053646568152659,-0.2561345802953909,13.645830176513282
8.240300946093612,-14.402829649545907,-7.477304254792306,0.1043332804796789,-0.5694460298046443,13.713110919235897
8.241006697150109,18.216834477517097,-0.3146339004783918,-0.1044481566719202,-1.683910017642015,13.705567807364192
8.243267042564325,16.59071876668952,-4.974776888259126,-0.1051254999822842,-2.2289672504386178,13.661343104136018
8.243867454904763,-9.76380718267928,-9.155275159321558,0.1051904239081045,-0.0246221980367597,13.65712657729759
8.245424873359674,-6.901343730454624,-8.914385251857327,0.1048889653548177,0.2869558203525159,13.676738099222067
8.246973539592181,13.709009226628686,8.113267345688705,-0.1050375849182015,-0.5755430346696324,13.66705903533271
8.24778320720121,-18.118526611259,1.242052064458889,0.1051159146930674,-1.66672445758115,13.661965957936838
8.24816650237372,-17.496876376767478,-3.633472647271417,0.1058139313810227,-1.11843846789255,13.616830271981
8.248372882470013,17.184562056970353,4.508240021413684,-0.1058477773943262,-1.134609202455855,13.614653051431334
8.251211032259995,-0.3589764143095095,-2.255554608848472,0.0833908580317417,1.3836628537830455,15.338669022517893
8.959010549702228,0.3903025909286715,-2.038959880877046,-0.0671971273408631,1.7751567825429322,17.08720053418916
8.962064679915656,-2.0938457600373184,-5.898151721125342,0.1133110417883412,0.9583669739747954,13.158654041698876
8.962357365755969,-3.294357353050321,6.960801967546387,0.1110190054968097,2.4957399216010563,13.2937919977653
8.964121110263461,2.718655606889447,-6.266835235544079,-0.1166610572228421,2.29207354541604,12.96834890053944
8.9679309197511,2.6067322495673624,6.609348679095503,-0.1099436887208738,0.7561172726005475,13.35864394453354
8.969999549246511,-0.3228037176632785,18.61749405227304,0.0003333333333333,1.588440691546325,40.0
8.970005526992356,-0.4135124866565132,23.616975134367895,-0.0003333333333333,1.5889134064425092,40.0
8.972030521879448,0.1245116958896037,-7.709994021814376,-0.0012334912068329,1.6071032027080547,40.0
8.974167462435014,12.095204543381836,-8.359019202646508,-0.1039188975344374,-2.8553521049560584,13.740424388254818
8.977343512952146,-16.556329880203368,5.140144343320897,0.1039172876026428,-2.1384594488201527,13.740530823132302
8.977620767670768,-4.3011833015562,-7.800083314217824,0.1037568521552903,0.6040679846890342,13.751149858982815
8.978479987463501,9.675262751112514,9.317393717536897,-0.1039465025428199,-0.1031233727778841,13.738599766656623
8.97919636559839,-0.9531820069010468,-4.09052389278486,0.103912649540003,1.1584628459781705,13.740837465868058
8.979714352259323,0.0047916823353677,-2.711970985096324,-0.0167313006336748,1.606261966161133,34.24298944626774
8.97991294468952,7.1618193648435655,-8.634931390420906,-0.1037386752264355,2.886710645716738,13.752354522117024
8.98045993209006,0.3106685134004578,2.300827482770736,-0.087243640172893,1.288310913400813,14.996162009108424
8.980930874779585,11.7346187367279,8.956058501288203,-0.1040649140791487,-0.3340626999700938,13.730781300111426
8.981350585864488,1.3119411094788085,4.865396923192039,-0.1041319011720544,0.9928023937366608,13.726364189473172
8.981499720932572,-15.07187366932184,6.788121947521557,0.1040473086131099,-2.3824972152698027,13.731942907552236
8.981767224449955,0.050821610422691,0.1087614946585048,-0.1041069671395524,1.5409255708036274,13.728007834672058
8.981917065903405,5.197557524326196,-7.948673563737753,-0.1041510722723733,2.6481434817774483,13.725100836715816
8.98212846455084,4.8651377922347,8.266589042990736,-0.104232598812421,0.4443223858811074,13.719732227742126
8.982138325846659,-12.732906098302228,8.260215452782623,0.1041887145283945,-2.686993405113758,13.722621271269334
8.98229804770358,-1.8224892864436537,5.3564527925374295,0.1041944568208377,2.2565785842003963,13.722243133908387
8.98230952861904,18.09673806967611,1.8111211183798368,-0.1041956743394553,-1.4423939275484132,13.722162962754169
8.982501338413366,14.625706435866435,-7.007837335076967,-0.1041861919358731,-2.5387999989989045,13.722787397122318
8.982836745140567,-17.918837544651115,-2.339297858018668,0.1037638719132048,-1.2749230519283887,13.750684714209324
8.982865606825067,0.0141513991561819,3.639297965331516,0.0142746858488904,1.5812056767149762,37.07242629143193
8.9831311713952,1.452515486981813,-4.608741561650149,-0.1041462535209465,2.0888168448314257,13.725418353894597
8.983259608463738,-5.72745281186201,8.358995377021254,0.1040789702851641,2.804999273168725,13.729854084207316
8.983357579305583,-7.766393405409399,8.912782558314943,0.10380602810402,3.038498375184292,13.74789234377416
8.983463334238845,17.60008742039893,-3.087844403012149,-0.1041088996712503,-1.9907267251055687,13.727880421556264
8.983568054308183,-10.62077778834572,8.886904223200519,0.1041616137536679,-2.930155325043584,13.72440631423187
8.983592469229682,15.90602191562744,6.316491174537148,-0.1041480067741829,-0.8839010658741739,13.725302825978533
8.983645975864711,10.042602565490824,-8.803563736404156,-0.1041234356927221,-3.087121223495332,13.7269221655614
8.984255235560948,-0.0596984974949705,0.7784046996385637,0.1041575888966101,1.7100196020488745,13.724671478346442
8.984857005888365,-0.1468144685478343,8.638622290086815,-0.0003333333333333,1.5895465713986807,40.0
8.985001039164452,-0.2361943759281732,13.63329458662002,0.0003333333333333,1.587820804447896,40.0
8.98501079726427,-0.5043384790108014,28.63121812648148,-0.0003333333333333,1.5886620276620076,40.0
8.985022320402946,-17.80681980106239,2.585050926072971,0.104379955157443,-1.8223940990117329,13.710044619451551
8.98529572663776,-15.452526831001244,-6.602314216792209,0.1043907189228153,-0.7275225660753466,13.709337784133329
8.986563720468636,6.824772546293231,9.037593772508044,-0.1042329385228751,0.2116702074566938,13.719709870627309
8.98679659507369,-0.5494981596684614,2.8678061458763047,0.0826825996261442,1.9476870927600185,15.404223594576784
8.988036275774421,-13.773087114877246,-7.880457405942039,0.1034415688248437,-0.4931920480626702,13.772090028211846
8.988791010148047,18.13243009118346,-1.057639471341383,-0.1035296147405801,-1.7602494085132598,13.766232658414674
8.990939116366897,-11.14320646566508,-8.950420359242697,0.104471719231933,-0.1794552241989135,13.704022157566303
8.99501319171517,14.336537340121923,7.706116528516617,-0.1042033845916158,-0.6525414598007567,13.721655290767908
8.995040163150147,16.13088104717401,-5.569513886054052,-0.1045355181427885,-2.3058291150125485,13.699839719020416
8.995628754096922,-9.012273750609385,-9.173783304672376,0.1045892173512714,0.0523022180865126,13.696322348945056
8.995921804385496,-18.19018412914229,0.4973530912303237,0.1042683415862263,-1.58965978237851,13.717380513852811
8.997709611443874,-17.169260490359726,-4.307625970579856,0.1049847639242919,-1.0409667609375768,13.670496724574663
8.997860219243806,-0.220067424274081,-1.521940745217936,0.072732724667058,1.4400392132096702,16.42410025715965
8.997948321957553,17.501247689568086,3.8288479773116704,-0.1050295229293262,-1.2121133102969233,13.667583556969488
8.998177421388464,-6.179371291265039,-8.701330809015888,0.1056762042222501,0.3640244011599953,13.625700665130218
9.701743439857465,-1.668636260518225,-5.292906688574251,0.1085208003018947,1.0402750311376183,13.445934973864771
9.705383508482976,0.2388329420571135,-1.3081182160344784,-0.0458044631794447,1.7382517536083628,20.696211886230437
9.709490294785148,-3.8910078594730777,7.410486064246714,0.1102170920997728,2.577451364033577,13.342065150259796
9.71241680097885,2.22452277228009,-5.704892905314238,-0.113401583862247,2.2067686419228245,13.153399973886868
9.717056250429556,3.151724998786835,7.123325005751029,-0.1096087951021003,0.6751008282828511,13.37903588417394
9.71749967447261,-0.3359921981854281,19.364877823300045,0.0003333333333333,1.5884827329977655,40.0
9.71750588238724,-0.4270542693034489,24.36435281763,-0.0003333333333333,1.5888454280621136,40.0
9.71943899175468,0.0973815906696327,-6.963078110729343,-0.0030462739455374,1.604841998788174,40.0
9.720026784058156,11.37969265274321,-8.569610897655762,-0.1038542576939366,-2.9320112400268044,13.744699764881156
9.727502194935802,6.43838244168656,-8.446440793050844,-0.1047587008611907,2.809653794756282,13.685238695622154
9.727865755415364,-0.0217364234776908,-1.9642900493715152,-0.0265189237298051,1.5878297685864082,27.19965316347795
9.728298135758443,-16.960090513626298,4.506969646722824,0.1039102144484609,-2.062391657726808,13.740998468707092
9.72930452703456,-17.70118598435609,-3.053330033559014,0.1035688743770623,-1.1987872542480495,13.763623267798588
9.729505605115182,10.422298541755248,9.240082619576262,-0.1039192260686761,-0.1792111682354078,13.740402668693555
9.729573120723936,-3.682302576376156,-7.372977953372496,0.1035771463972115,0.6797210790634037,13.763073657450285
9.730426343037257,-0.6521278520162728,-3.402255867354788,0.1039406445232094,1.2345692014505314,13.738986906254535
9.731158290832676,0.0063622994315757,4.3875501092407685,0.0112799847538412,1.5890399338325314,40.0
9.732281139892786,12.44443289412271,8.709702898860385,-0.1040535236732367,-0.4102644099718053,13.731532804645406
9.732776160177451,1.72247859099686,5.494761181789859,-0.1041185995057199,0.916560288654208,13.727240958526464
9.73301480254788,-15.617066963283094,6.270880040755545,0.1040602247093922,-2.3063084171636272,13.731090675603411
9.733216656440094,0.0732646351880568,0.8598757066646971,-0.1040944095676118,1.4646942123365223,13.728835850277765
9.733348107279763,4.535768942102136,-7.592745927297667,-0.104127067010164,2.5718809836799856,13.726682810083544
9.73356099476818,5.543607833704122,8.58958943044765,-0.1041777282443436,0.3680171140100185,13.723344819364526
9.733572627673642,-13.40802253166093,7.930258923265128,0.1041442319973574,-2.610709273039085,13.725551562692536
9.733595083200656,-0.1608526680356536,9.387228753706015,-0.0003333333333333,1.5893917723526692,40.0
9.733723511134542,-2.2983509616337905,5.937998915538583,0.1041494680929569,2.33286673185572,13.725206536862313
9.733737697953062,18.19295833992924,1.0658789072423485,-0.10415413350203,-1.5186848542619753,13.724899137610672
9.733750632446426,-0.2489408309023346,14.381935676412397,0.0003333333333333,1.5879098373820295,40.0
9.733760631692672,-0.5177147079724218,29.37984846987889,-0.0003333333333333,1.58853855705194,40.0
9.733946253960283,14.00669951826734,-7.433865382352943,-0.1041556241785999,-2.615096058713237,13.724800922739876
9.734243579987533,0.5207807397783188,3.0247353775779127,-0.0923720168772482,1.2193066775783206,14.57393867099679
9.734657498064308,1.0803887092256392,-3.955814704373188,-0.104115046809276,2.0125524083594404,13.727475160196684
9.734810812358765,-6.436830912823233,8.607212866237282,0.1040596484745953,2.881223217301742,13.731128693439208
9.735009403068087,-8.514054326317058,8.990136365674427,0.1038149351600257,3.1145224502139284,13.747302569798189
9.73504505285509,17.293669883968747,-3.7741266868620302,-0.1040905381408368,-2.0669721630389937,13.729091152915531
9.735094167478955,-11.355567624801624,8.729184867956223,0.1041284660491943,-2.853868637042387,13.726590596850144
9.7351773290453,16.382631638379618,5.735351799101139,-0.1041319923079533,-0.9601806612357012,13.726358182900302
9.7352437216867,9.292119590614451,-8.84448409741683,-0.1041015379474186,3.119809386079821,13.72836580394874
9.735257652130914,-13.114915019927276,-8.234221845524736,0.1033312730409393,-0.4172042679948841,13.779438160092948
9.735889201370917,-0.1640057099003726,1.5227659184022986,0.1041392716631156,1.7863107138745735,13.725878441581996
9.736072019709017,17.991700793315243,-1.7915496647383529,-0.1033878857985916,-1.8362840119743504,13.775665033004364
9.73647660965364,-17.993895657018875,1.857255506362586,0.1042707509846744,-1.7459516288875556,13.717222029767054
9.73706234069447,-14.891089301332844,-7.102255155594118,0.1044384833883212,-0.6509828223087756,13.706202503985892
9.7383703105626,7.559799850378246,9.19554316680326,-0.1041378615343704,0.1353714741568362,13.725971371300728
9.739295533403666,-0.8264412811556525,3.567489759839553,0.091191817598155,2.017896343165939,14.667942011118278
9.741762793398973,-10.404440207671144,-9.084437559786508,0.1044115721291709,-0.1028635709392989,13.70796870606386
9.7425668285025,14.930500978177466,7.252196230951299,-0.10410667549926,-0.7291901619170832,13.72802706302096
9.743589622431484,-18.20428689142036,-0.2501817094564253,0.1041514165106185,-1.5129669595702404,13.725078155011976
9.746343298364389,-0.1224765849652893,-0.779847120523026,0.061596968324555,1.485869967045614,17.84704453831729
9.746719229458126,15.626796437095344,-6.127116006393882,-0.1047285639981742,-2.382705261653386,13.68720757853511
9.746933611938042,-16.790612958304962,-4.954126279462476,0.1048297880868131,-0.9636811637009284,13.680597832715284
9.747204469249333,17.764267592087318,3.127274527747555,-0.104885746161404,-1.289443589630574,13.676947981447414
9.747293852522478,-8.261636516052747,-9.134487474254078,0.1047618863280158,0.1292192298587618,13.685030634319268
9.75000098606282,-5.476813555035927,-8.433653205051195,0.1073536567737298,0.4433762952183429,13.518828469421631
10.444319434418734,-1.2929053938781756,-4.652402649904254,0.1027488918417308,1.116557573813029,13.818433562066431
10.456296925354476,0.1136752656788218,-0.5677085215536342,-0.0219953290341748,1.7211091496525468,29.86581686966926
10.458618356905294,-4.52405707215785,7.811037618700165,0.1095174748338635,2.657706636180789,13.384612671851686
10.46133203380767,1.779697067686767,-5.102394674199741,-0.1087720920733666,2.12444772482949,13.430394335548076
10.464999827771695,-0.3492121002909147,20.112261067272293,0.0003333333333333,1.588522169135465,40.0
10.465006227605224,-0.4405452462110091,25.111731409538464,-0.0003333333333333,1.588777748055546,40.0
10.466415667629756,10.649636185393724,-8.724897471449017,-0.1045878691783373,-3.009354779736113,13.696410622925494
10.466886047478225,0.0719391691276705,-6.216064199014255,-0.0048433508279774,1.6012257648942774,40.0
10.467189658773552,3.737312098082613,7.592140405937648,-0.1094181884456858,0.594819637430293,13.39068385800964
10.475211636655292,5.731488744591264,-8.202779736984398,-0.106715786253913,2.7310946771163533,13.559170832664826
10.475839345161232,-17.429829675111524,-3.748801088390624,0.104191603939257,-1.122810129372965,13.722430995931369
10.476069149383996,-0.0344802861694386,-1.2161951939488396,-0.037571100942054,1.5605258367927262,22.85160777891044
10.478771579076678,-17.31433867063854,3.8453665690551366,0.1047599109035484,-1.985686321703952,13.68515965962403
10.479419828383923,-0.0072879327921757,5.13568712860206,0.0088139026857275,1.5954253983413724,40.0
10.48005892677778,11.160831459921145,9.10629391510492,-0.1047468710183218,-0.2559189304173083,13.686011454300404
10.481182937478366,-0.4044323565478223,-2.693537019276473,0.1048228741854258,1.3113283548653043,13.6810489930328
10.481292240714494,-3.0976544800867902,-6.9004652669136055,0.1044108860882018,0.7561395850824449,13.708013740269443
10.48233326287014,-0.1747749856926006,10.135837483795262,-0.0003333333333333,1.589244591768522,40.0
10.482473846812562,-12.431791025814803,-8.536998413743518,0.1040500111286494,-0.3411942482568481,13.731764576608285
10.482500192459524,-0.2617539389694059,15.130575595119293,0.0003333333333333,1.5879959493019122,40.0
10.48251037895714,-0.5309985014407008,30.1284803719908,-0.0003333333333333,1.5884182159994833,40.0
10.48316973700761,13.133009297214612,8.410209622838892,-0.104900070391852,-0.4870936785209296,13.67601415664291
10.483358943182576,17.79562772633743,-2.512655134417023,-0.1040741550455636,-1.9123038422673035,13.730171699743794
10.483738033894356,2.179478847773149,6.0906592444505865,-0.1049718179796069,0.839681427296364,13.671339666784116
10.48405602676046,-16.120990804378778,5.713992545077915,0.1049476830712292,-2.229452839222593,13.67291156627284
10.484202390771568,0.1527963897485236,1.606638234638562,-0.1049455811946197,1.3878292236318055,13.673048486545913
10.484321210256043,3.903407135142839,-7.187679085291316,-0.1049626701636071,2.4949993213743475,13.671935397548816
10.484551460660237,6.24431389635341,8.85977028400189,-0.1049813275159175,0.2911184632373533,13.670720462350893
10.484563558557191,-14.055647187672555,7.550035721454449,0.1049549844497742,-2.5338284658491186,13.67243597243245
10.484700664718885,-2.8168411123875625,6.481261880203918,0.1049605412948816,2.409753730570844,13.672074046466046
10.484715099691954,18.232075168249292,0.31592095397785,-0.1049689950757763,-1.5955776136042177,13.671523493684486
10.484937151009076,13.357413170561664,-7.8112439272295315,-0.1049787747894647,-2.6919978870053742,13.670886672450312
10.485727755010096,0.7592854259115054,-3.2768454765627557,-0.1049434613110558,1.9356739379966048,13.673186583992974
10.485901138874052,-7.162605692792866,8.80057172262838,0.1049001249500394,2.9580708285734656,13.676010600252836
10.486165576657497,16.936086924348828,-4.434669242846622,-0.1049341084264039,-2.1438441912560973,13.67379591717714
10.486166823674472,-12.075765348165936,8.516052575364393,0.1049479292254609,-2.7769791280601788,13.6728955315832
10.48618117696788,-9.264950889221478,9.010468254964238,0.1046996072416832,-3.091967683364837,13.68910016420227
10.486300892369409,16.813304843522673,5.119959893278097,-0.1049754553012303,-1.0370842578843618,13.671102816101731
10.486382005530368,8.541159511316689,-8.828123145222447,-0.104942033874713,3.042930303125016,13.673279575096636
10.487061455233158,-0.324643854389059,2.2565609453053934,0.1049800074733197,1.863223473446276,13.670806410643156
10.48751720615318,-18.12477279166288,1.117706215768809,0.1049870589667027,-1.6690014420434025,13.670347305004809
10.487542431548112,0.7801390954218981,3.731978195229919,-0.0969391087867392,1.147883000966306,14.226489581086106
10.488366727394972,-14.293435208957115,-7.55752196455559,0.1053237190919798,-0.5738140093309242,13.64848185673132
10.489738483259064,8.304293955537652,9.296946610157608,-0.104915417821112,0.058486984986935,13.675013839721055
10.49022265165834,15.488038552950725,6.754058616817618,-0.104824520579218,-0.8057656394756315,13.68094155506134
10.491185355756382,-1.1515226706169963,4.245472351934278,0.0974738406515903,2.0903967862968,14.187413758213705
10.491363081201971,-18.161067724054742,-0.9967051512945238,0.1048431307586301,-1.436364605715675,13.679727295024453
10.491912936755735,-9.65825520339278,-9.161464678181725,0.105150094185076,-0.0257521995341565,13.659745358082546
10.49593653538178,-16.36330639444711,-5.569280308800871,0.1053379094495119,-0.8861479878373866,13.647562522359094
10.49623626293043,17.972240352369,2.407694122979649,-0.1054043458927188,-1.367035152412602,13.643260850460187
10.496771556087165,-0.0588220271600956,-0.0321234635083054,0.0505147448691014,1.521402890723591,19.707708092011472
10.497690457664682,15.081890165780152,-6.643870243024253,-0.1056989203833258,-2.4602363865253394,13.624236424467531
10.498263677900727,-7.516927671839401,-9.037717561682744,0.1057039425936052,0.2067663223582707,13.623912766030704
10.500351057304446,-4.799016023904636,-8.111759222186274,0.1095866943042455,0.525632686443511,13.38038490635642
11.190650908296702,-0.9654312728495108,-3.98175268982272,0.0965458082018362,1.187608615297284,14.255437197304085
11.209299207274888,1.3864184380827762,-4.466166089427456,-0.1028556844111853,2.0444965781805693,13.811258096139715
11.20968282051839,-5.188894639749837,8.160449749601195,0.1093238421392499,2.7371247949434734,13.396460628815856
11.210533915348636,0.0007302107804534,0.1780239047558671,0.0031592190427786,1.7233603821573464,40.0
11.212500008746092,-0.3624614767851799,20.859643816992453,0.0003333333333333,1.5885589999598484,40.0
11.212506563761046,-0.453985640336759,25.859110903743925,-0.0003333333333333,1.5887103664227988,40.0
11.21436958076202,9.90821242886152,-8.82351729409914,-0.10603508632196,-3.087487209422607,13.602622839204804
11.214380346531485,0.0491968477155886,-5.468915944693927,-0.0067284450844892,1.596254925974813,40.0
11.217723735573289,4.358941632093951,8.01270921467467,-0.1096433370771874,0.5145461584230402,13.37692827542791
11.222984634386696,-17.106202698886246,-4.422218984997986,0.1056830545801173,-1.046645105695552,13.625259054336905
11.223756040630972,5.045131754633786,-7.904061128491694,-0.1094874823058909,2.6508188143814,13.386445791068663
11.22482305467314,-0.0267903518655892,-0.4674807787035157,-0.0494281633687495,1.5244002848389662,19.923143895053908
11.227683805079334,-0.0257151167168476,5.883724171610382,0.0066810966593471,1.6003617307051228,40.0
11.228121275156871,-17.616393485481595,3.1595912006978226,0.1063727719188934,-1.9077091627688776,13.58101478209036
11.229501399679934,11.885865409256873,8.916584156525303,-0.1063366290395475,-0.3338800423710261,13.583322597682496
11.230172631893094,-11.727192793658624,-8.787187950801508,0.1056192146160564,-0.2648128823023862,13.62937618595132
11.230800065799745,-0.21210581184123,-1.969012113373293,0.1064692110730408,1.3893825269183415,13.574862646739929
11.231071556035792,-0.1885871246226482,10.884448368347972,-0.0003333333333333,1.589105029645421,40.0
11.231133693493645,17.545192032675015,-3.2172465341251115,-0.1056134028602795,-1.9886621915801133,13.629751179862978
11.231249725989064,-0.274631513354107,15.879214381209533,0.0003333333333333,1.588079140205633,40.0
11.23126005206455,-0.544192202355287,30.877113793122017,-0.0003333333333333,1.5883010045098904,40.0
11.232017466538,-2.551509291170248,-6.385379063146633,0.1061176682062663,0.8339839860544069,13.597329006958203
11.232934729972111,13.79557431253015,8.05927494921005,-0.1065136202688907,-0.5651932651954762,13.572032464451324
11.233567469934044,2.680139973418809,6.648855106508713,-0.1065980333622502,0.7615201511494024,13.56665772463666
11.233941802291696,-16.579962108393442,5.120971450651112,0.1066136893186795,-2.151281885609363,13.565661582352456
11.234057445769071,0.2892309774138581,2.3439768317524683,-0.1065677376514727,1.3096857077726416,13.56858597461373
11.234174317641369,3.304918743012162,-6.735914404135006,-0.1065666260111287,2.4168545190538127,13.568656743518
11.234440418605606,6.962650113439663,9.075006267217065,-0.1065530480312729,0.2129824682268966,13.56952123005105
11.234451230855363,-14.671250069016184,7.121824776304524,0.106531701559296,-2.455707299184632,13.570880657211337
11.234573736117296,-3.3747068001271128,6.9823561803624505,0.1065377549693606,2.4878820869895346,13.570495110784918
11.234585621486694,18.21349431370328,-0.4337193272911428,-0.1065501627298994,-1.673714881794809,13.569704953495227
11.234817303686304,12.682053639614038,-8.137142296874769,-0.1065664026410362,-2.770148461043664,13.56867096376945
11.235681024882696,0.4916758767154778,-2.5762635497535484,-0.1065400795622722,1.8575378023626017,13.57034706437434
11.235867500492429,-7.899977930675671,8.937435619835822,0.1065086291956454,3.0361856156565734,13.57235045548688
11.236130710771022,-12.776427841657348,8.248624263169585,0.1065308400212593,-2.698844467726226,13.5709355319147
11.23615927882942,16.529443685221715,-5.064853207550389,-0.1065474142703692,-2.221987525340176,13.569879970386117
11.236197070675436,-10.014043463739345,8.973264013053713,0.1063612393674135,-3.0139578885064093,13.581751037305178
11.23629821598348,17.19485296958415,4.474268780649743,-0.1065871412896265,-1.1152570419182497,13.567350884516046
11.236395017520412,7.794793949722749,-8.75424509285952,-0.1065526774441757,2.964781889053199,13.569544827008148
11.237108058521928,-0.540865173271591,2.974765824407255,0.106588467245004,1.9414029762004612,13.5672664964509
11.237519700676902,-18.19830854048652,0.371317419338454,0.1064489230417774,-1.5909077644848315,13.576156185095137
11.238530016617304,-13.663420551378437,-7.964739954989323,0.1069649275136881,-0.4953614442310605,13.54337085625296
11.238534091159137,16.006288476597128,6.214255849940448,-0.1064038605680513,-0.8826178194195202,13.579030632841782
11.239083215518454,1.0885855955470856,4.417306077729441,-0.1013963488198893,1.0733501969788206,13.910290556462696
11.239780456876682,-18.060759453006938,-1.7383700479771302,0.1063910799473192,-1.359497814003472,13.579846216242531
11.240010081965549,9.053282682690456,9.340802720605367,-0.1064697777593618,-0.0196265846381012,13.574826520868736
11.240900004062103,-8.909516477403063,-9.180750610761995,0.1065913351738723,0.0524771191794621,13.567083977619156
11.241264379567829,-1.5239619355412373,4.896554171604143,0.1025974874115636,2.165881487393782,13.828625723896716
11.244817786153217,-15.889713412630076,-6.149394793476644,0.1064711788715432,-0.8079365352366729,13.57473720214917
11.245142226634556,18.12378455825408,1.6742812132662566,-0.1065461974006254,-1.4453187289095155,13.569957460595234
11.247385725636535,14.499587462555086,-7.11606358969082,-0.1073637202638827,-2.539050668827247,13.51819488240641
11.2479809986952,-6.783179410799368,-8.883803460574462,0.1073353605454758,0.2855690231499921,13.519980609435912
11.248191954838212,-0.0217218816354591,0.7183804970816676,0.0400180013269428,1.5470959445020112,22.141976128167293
11.249121969147756,-4.15132420000851,-7.736055642644145,0.1119866509244728,0.6111515001318448,13.236233931077589
11.940731393177368,-0.6849920101645814,-3.2860698930370384,0.0903134943603671,1.253968680004923,14.739093507933736
11.95483666629243,1.0463175166993928,-3.8027224474558814,-0.0954187742826386,1.9697046956132784,14.33937785972891
11.960000216767687,-0.3757383804736598,21.60702610526317,0.0003333333333333,1.5885932254713582,40.0
11.96000689192418,-0.4673756746382604,26.606491293897022,-0.0003333333333333,1.5886432831638684,40.0
11.961941534603492,0.0301670428852673,-4.7215970057931695,-0.0088408966754044,1.5899302789318208,40.0
11.962359788669396,-5.88083956406037,8.456650424998601,0.1098393026474701,2.8168592974701454,13.364990090746636
11.964928663211506,9.158751671423431,-8.864106816241481,-0.1080673952663808,3.1165580171869047,13.474111914551097
11.966025699197862,-0.1140840682363837,0.924740394996662,0.0284596535406671,1.7449093645058211,26.25590952913341
11.96799131162091,5.012061685460102,8.381945766981412,-0.1103710863939442,0.4335532205979897,13.332754285832973
11.971198252242948,-16.731737977847793,-5.069984213026733,0.1079502357375148,-0.9688189536509736,13.481421661891444
11.97397568789438,4.38346172841258,-7.550476208648579,-0.1127816643100392,2.568327182734948,13.18949982887154
11.974930792722816,0.0079991937981631,0.2818197659342877,-0.0615654800380681,1.4790553371117094,17.851607906353628
11.975850398919402,-17.863574092396988,2.4538996320308755,0.1085300939370336,-1.8278557240456248,13.445359266551415
11.975963036450286,-0.0478350715442186,6.631676386460728,0.0047502068245695,1.6038490295474166,40.0
11.977337336148324,12.592404293409109,8.67150989623984,-0.1084715143816018,-0.4136985414108341,13.448989296077963
11.978760598005554,-0.0771585092420359,-1.2333259144686228,0.10865819274771,1.4693437732048138,13.437431532118586
11.97878688006684,-11.004674121359884,-8.983121768067464,0.107923890428498,-0.186744252393208,13.483067021668164
11.979809971317914,-0.202294787929766,11.633061295357546,-0.0003333333333333,1.588973085981089,40.0
11.979818146963732,17.241367742734163,-3.901511988250734,-0.107893518603941,-2.0666944401310694,13.484964599677433
11.97999923925535,-0.2875713672811617,16.627852073151935,0.0003333333333333,1.5881594100915482,40.0
11.980009663175764,-0.5572981536558252,31.625748693577307,-0.0003333333333333,1.58818692258785,40.0
11.9810592244402,14.427354306595854,7.658595153960191,-0.1086728960378044,-0.6451763755449423,13.436522476934126
11.98116042148506,-2.048137288108673,-5.830553150377059,0.108419201352547,0.913880636371695,13.45223349094401
11.981742565776248,3.221660061544971,7.165112763298738,-0.1087722164255739,0.6814606364676165,13.430386658567874
11.98214242000454,-16.990297791111644,4.495328747637588,0.1088290016599708,-2.0711775326224737,13.42688235298944
11.982261077527507,0.4823825014938379,3.066819251178785,-0.1087368203269127,1.2296484987047116,13.43257239582864
11.982389227751243,2.744750405273954,-6.239893250245031,-0.1087169177912158,2.336831972422503,13.433801862060392
11.982708151966646,7.69401061821997,9.233172043656731,-0.1086714693805151,0.1329938353314651,13.436610674294188
11.982715973926227,-15.250301178370927,6.647905016769276,0.1086537875909082,-2.375730831343665,13.437703924133087
11.982827438759806,-3.968695086274561,7.437396309843185,0.1086615327494566,2.567865464457363,13.437225014800529
11.98283412971707,18.136621535358195,-1.1780085224421195,-0.1086778544101115,-1.7537104051170007,13.436215958976984
11.983071624500733,11.98482717228908,-8.408729818456704,-0.1086990333645834,-2.850161713607296,13.434906948944192
11.983999392404243,0.2800303013136282,-1.858498595480259,-0.108683104002186,1.777529592081049,13.43589146118033
11.984191307113564,-8.644148405376427,9.016168231500862,0.1086627688963676,3.116181647364261,13.437148584396892
11.984471618633092,-13.452611988494525,7.928016849116341,0.1086581271089272,-2.618851275370932,13.437435590758389
11.98450563935646,16.07584531026995,-5.660059717557788,-0.108707213574899,-2.3020173413660903,13.434401456174346
11.984533190683711,-10.756292419487345,8.878009426812186,0.1085701497837762,-2.934020462009204,13.442878796672929
11.98464911645801,17.524087455091557,3.802231784797791,-0.1087442733088604,-1.195314693829023,13.432112079568792
11.984761733950627,7.058094527957845,-8.622614153366563,-0.1087101184320573,2.884748683800608,13.4342219654355
11.985509450673536,-0.8119219088585385,3.672356599767288,0.1087417819094966,2.021464868515005,13.432265949845185
11.985984998647018,-18.213360238981945,-0.3769965178816782,0.1084492095409637,-1.511061308822239,13.45037224472246
11.987020019455466,-13.004901326101134,-8.320534438208009,0.1091404229325506,-0.4150003201900107,13.407712711775034
11.9879749230005,16.482281812474234,5.635384616735984,-0.1087377874130386,-0.9611872456751948,13.432512663310044
11.988013605587108,1.4459622553697722,5.075469167079159,-0.1058709537977991,0.9950815762156552,13.6131627796858
11.988356381664806,-8.163089054275066,-9.141544253860989,0.1085324047745626,0.1323959419528845,13.44521612994646
11.988665439481382,9.801793852755663,9.326110116180828,-0.108577116964936,-0.0995841177337107,13.44244749211075
11.988735369406802,-1.942978683417108,5.51553546829281,0.1072045453186958,2.244980412932299,13.52822682526071
11.989299105269254,-17.903563124692237,-2.4712189537227864,0.1086895511226417,-1.280934702651456,13.435492971641178
11.99370743218781,-15.372237028999248,-6.69073931808383,0.1081033604974232,-0.7284968784974117,13.471870377494133
11.994053778198486,18.21750978345817,0.9312575970693444,-0.1081839506015007,-1.5248328637369055,13.466851649392902
11.995383872324547,13.88331355674678,-7.539983040139224,-0.1095087512420476,-2.6197454566639946,13.38514577310982
11.99603139351714,-6.065423925762689,-8.673075064545316,0.1094469986403413,0.3662226475037458,13.38892131504592
11.996721020412169,-3.539049684552486,-7.30707515453945,0.1141259313017157,0.6980909772977836,13.11159214956401
11.99894478933531,-0.0039304181611541,1.468922489466416,0.0305443245256177,1.5659655674399695,25.344114951791365
12.693816052786143,-0.4503657185557355,-2.570467344254583,0.0841837700996847,1.3162630866743563,15.266262876331956
12.699438041243983,0.7571049222841406,-3.116583042661679,-0.0859137224228489,1.901620389859925,15.111782903791516
12.70750045099323,-0.3890408641617924,22.35440796488713,0.0003333333333333,1.5886248456704388,40.0
12.707507213119008,-0.4807155720730822,27.353872573648395,-0.0003333333333333,1.5885764982787167,40.0
12.709604358601457,0.01586217108858,-3.974071040336791,-0.0114522253775475,1.5822532655281696,40.0
12.71536294179739,-6.594487635740393,8.696900666222382,0.1109861786204691,2.8981767635050977,13.29575781673633
12.717205328882704,8.40671073175362,-8.845275810588033,-0.1104566217136674,3.0354381209160564,13.32759102844007
12.717384764894735,5.692120342820318,8.696764397877189,-0.1114704763504398,0.3511332342304376,13.266844077588903
12.719712958871424,-0.2446488198279173,1.6670323396088094,0.052611997338169,1.7861442025037595,19.3109206583926
12.719752233389023,-16.30785179610931,-5.686955498923258,0.110696068927077,-0.8877017501406099,13.313168866353127
12.72170969333531,-18.05319962562622,1.7325479534342807,0.1108922908425951,-1.7455740920345275,13.301385050984278
12.723315573765223,13.275452016024529,8.37162768665097,-0.1108143637298086,-0.4959265494202557,13.30606110101328
12.72425428116987,-0.0725636164760619,7.3795589213480834,0.0029865545359356,1.6058875206954504,40.0
12.72479938021964,-0.0016007400957782,-0.491123187385841,0.1110404612722482,1.5517710325848,13.292507601864516
12.724881997091028,3.7525995542997697,-7.143200868780098,-0.1160816535543765,2.4824281914205515,13.000673093582735
12.725246087876082,0.0767373453865332,1.0289797947481605,-0.073371348342332,1.423805976646559,16.35246739603076
12.727274527578208,15.02357564593827,7.209866513075651,-0.1110295220386527,-0.7276038331400999,13.29316240498362
12.727617171395984,-10.268863063595294,-9.122150155396984,0.1106583474241385,-0.1054955066564704,13.315437766182614
12.72799192966748,3.801237205762768,7.635196210155158,-0.1111413149422735,0.5989398806568001,13.286475234991505
12.728384176003305,-17.348314768317938,3.840576426199791,0.1112350535632939,-1.9885755577969224,13.280875798820086
12.728410228660008,-1.5918087493842084,-5.238821336910355,0.1109139342506242,0.9963981759705216,13.300087203442096
12.728542321152291,0.7320650652982312,3.7700932460898864,-0.1111008451963262,1.1471550981405845,13.288894867716063
12.728548514948557,-0.2159036787179271,12.381676152817407,-0.0003333333333333,1.5888487607720143,40.0
12.728694998720496,2.2273487614920717,-5.702056990037694,-0.1110638890267507,2.254369279494516,13.291105583497217
12.728710206378128,16.885028596573726,-4.560193800332702,-0.1106107149399393,-2.1479039473398323,13.318304456717607
12.728748737932856,-0.3005713139752952,17.37648870941533,0.0003333333333333,1.5882367589582569,40.0
12.72875922362768,-0.5703186982819624,32.37438503366145,-0.0003333333333333,1.58807597023751,40.0
12.729078010697268,8.433789543951441,9.332142276884506,-0.110986568385073,0.0505885713595777,13.295734470786847
12.72908161218638,-15.78827051841586,6.13055537180264,0.1109717514962315,-2.2933354948480624,13.296622052835966
12.729189669548472,18.000862592281056,-1.9119132173525728,-0.1110054924499397,-1.8361263078238053,13.294601113357276
12.729190126169703,-4.595553032252045,7.842496762475141,0.1109854617144879,2.6502660254184205,13.29580075797783
12.729429939401795,11.269940015451407,-8.623175819143375,-0.111029827176783,-2.9325997931615686,13.293144138644386
12.730411291402593,0.1268189393820247,-1.1279802852775784,-0.1110234971857498,1.6950868999601707,13.293523083318728
12.730601770367436,-9.390317895799893,9.035133231264776,0.1110128295165869,-3.084564575207303,13.294161776264817
12.730919606130508,-14.099374671896168,7.555347250949215,0.1109837207985122,-2.5364378152649314,13.295905037111984
12.730920753776346,-11.486658126082183,8.724190283108998,0.1109703161840245,-2.851595932700808,13.296708042364113
12.730932769086271,15.577396943176083,-6.215669909453276,-0.111062571702864,-2.384496392046686,13.2911844060971
12.73108181306434,17.79781973857243,3.1078022293039727,-0.111095770707519,-1.2778204815152527,13.289198357987726
12.73120947900214,6.336132868147187,-8.432994539782088,-0.1110632193651231,2.802267587876361,13.291145652792402
12.731994098504677,-1.1370663034604718,4.344309315444904,0.1110887628317323,2.1039724487706284,13.289617512644083
12.732641452335926,-18.16878522264125,-1.122321230844776,0.1106546454573076,-1.4289012378812882,13.315660497234775
12.733318955704826,-2.407792521733354,6.09721649144394,0.1114250542099901,2.32822262660618,13.269547875454684
12.733556690857284,-12.321733530629562,-8.621530725524345,0.111490307341354,-0.3321590599351051,13.265664136430896
12.734014935257823,1.8521110901058444,5.701217605281769,-0.110148479345193,0.9125516416091451,13.346219928539192
12.73413418756158,-7.423837958581885,-9.043094503812362,0.1106642694583707,0.214527000362458,13.315081486684909
12.73542662837329,10.54485528665228,9.251867414918278,-0.1108889465418796,-0.1819495146719776,13.301585625957676
12.737762089647152,16.91157020571455,5.020655187883611,-0.111504702354146,-1.043089109455693,13.26480783238384
12.739141532119676,-17.689243443777812,-3.189780530400573,0.1114193073840745,-1.1990759205929895,13.269890078775294
12.74151373782878,13.236493677681883,-7.911915588115104,-0.1117893013843872,-2.7028632669830857,13.247912103573633
12.742245901060324,-5.368693409559402,-8.405862267211395,0.1117013116313528,0.4492685057903233,13.253128875863837
12.742254016992042,-14.813689572777154,-7.189083304472658,0.1099968468576444,-0.6471067839521476,13.355415670267025
12.742620101331694,18.25190437044933,0.1834818602906786,-0.110079104345836,-1.606292703784435,13.350424812657533
12.74342053614087,-2.9670251242976318,-6.827129252114273,0.1155683300736497,0.7853845494521041,13.029513603024244
12.748455029143866,-0.0003097286408344,2.21842398391808,0.0223734132294567,1.5802415289315197,29.612404569642568
13.444970770839127,0.5149391046746743,-2.4114768324499662,-0.0735685902816379,1.8402841254377944,16.33053199370062
13.448541832872158,-0.2603305107553204,-1.8400581281827328,0.0779878461954705,1.3751612084505074,15.861098198181717
13.455000710379473,-0.4023669806550156,23.10178942866698,0.0003333333333333,1.5886538605575258,40.0
13.455007528325025,-0.4940055555987825,28.10125473664868,-0.0003333333333333,1.588510011767322,40.0
13.457422771914604,0.0072946487774014,-3.226301706349603,-0.0149189111099456,1.573226318263114,36.26322158097556
13.465476000130211,6.394565688813857,8.954079442381307,-0.1126272873456397,0.2666212810305709,13.19853600328099
13.465801475406272,-18.18258921941081,0.9997922552880296,0.113046557846582,-1.6603955787800593,13.174037918846397
13.467045405011625,-7.3240107581103935,8.878070584893619,0.1124087226732885,2.982114292723922,13.211361107514728
13.4673862639199,-15.835947986376976,-6.266837761083388,0.1134320714030955,-0.8024132219026912,13.151632227660087
13.467533292733853,13.930012480749795,8.017494080161118,-0.1129549676672596,-0.5810338298771764,13.17937791116564
13.468790860012614,-0.4047172403344454,2.3988081268104877,0.0743042844530016,1.847793240863039,16.24948685896797
13.46900855424802,0.0125572042520119,0.2529513030516753,0.1131877425050321,1.6371389589350491,13.16581911382909
13.469044273061902,7.659103966676989,-8.765614510095592,-0.1128477966266411,2.9511592699662432,13.185634568307714
13.471665582203633,15.579464697083932,6.714785302542746,-0.1131564720897066,-0.8129531159665057,13.167638137289684
13.47240066921916,4.41606949968333,8.05486944241247,-0.1132732589988501,0.5134789319444041,13.16084840257555
13.472542955316232,-0.0988165707141544,8.127386924467446,0.001385058713582,1.6064773375549968,40.0
13.472755875844328,-17.650329955796884,3.1602264765001715,0.1133938505232292,-1.9029972010107103,13.1538484861718
13.472985834933002,1.038092772136812,4.448726569658138,-0.1132287604571802,1.0617268249341116,13.163434211429944
13.473173629261282,1.7571604512303676,-5.124846989929303,-0.1131787144641881,2.168987206081187,13.16634420431481
13.473621001279907,-16.28062809183009,5.572054770358543,0.1130553028688533,-2.208039770812961,13.173528396245636
13.473622007291093,9.177381023891169,9.36979163046396,-0.1130677691058154,-0.0347153503155882,13.172802161871887
13.473730908915822,17.805623243538854,-2.6303999978999872,-0.1131076301884659,-1.9214423631634676,13.170480816345078
13.473739186846966,-5.2520276994816975,8.193772032087322,0.1130841463399489,2.735563752394352,13.171848270562927
13.473841321041933,-1.1867939534789915,-4.613017431052007,0.1131336557300779,1.082014860212008,13.168965857868097
13.473914748592373,0.1863885593730838,1.7695750788338749,-0.0841902694869589,1.3581414044859357,15.265673603416484
13.47397251211205,10.54159841596566,-8.77764962610282,-0.1131326752260172,-3.0179422646945024,13.16902292397373
13.474514915455035,3.1600115553840515,-6.684083263110257,-0.118667517443526,2.391904327129025,12.858246382109554
13.47499712150556,0.0345120305967352,-0.3891382906802001,-0.1131332929813854,1.6097302080882967,13.168986970040152
13.475181489039532,-10.133687180850838,8.992694292768821,0.1131302765603936,-2.999203850923158,13.169162531322424
13.475372407575112,-2.9176230579787106,6.636397490501195,0.1149517092348402,2.4159822981701846,13.064412842251228
13.475451605650456,-12.200100953140533,8.511292368813486,0.1131288392639842,-2.766209714889587,13.169246187102477
13.475455215057185,-9.525182619545015,-9.200897451758168,0.1133398261090246,-0.0202000658504026,13.156983033194471
13.47552322913151,15.036203727622665,-6.727064919821317,-0.1131835384800403,-2.4699039413223587,13.166063621247607
13.475554409400248,-14.711772775080949,7.13173238641275,0.1130825299344387,-2.4511247240234417,13.171942408816545
13.475678864688724,18.012861258554295,2.394933437750005,-0.1132109964437825,-1.363254169702896,13.16446690344589
13.47581978221276,5.633980592415988,-8.185150465144607,-0.113181715276801,2.716858916245871,13.166169663557673
13.476607461449104,16.476974148673825,-5.186964788566688,-0.1132831547792789,-2.233154789151431,13.160273566180324
13.476644435401294,-1.515550599387952,4.985600015499508,0.1131986449906239,2.189405595873902,13.165185085296889
13.477287190901851,-0.2294195000910992,13.130292828720972,-0.0003333333333333,1.588732054013705,40.0
13.477420690146229,2.306874114971195,6.289301534339955,-0.1137672488306948,0.8253909258355444,13.132244648787315
13.47749822716938,-0.3136291666612276,18.12512432846854,0.0003333333333333,1.5883111868046005,40.0
13.47750874395524,-0.5832561791733433,33.12302277367923,-0.0003333333333333,1.5879681474625222,40.0
13.477549067628614,-18.0634408269566,-1.859742354504027,0.1126514256236581,-1.3439446439671403,13.197121888148605
13.478219973726675,-11.617773162468076,-8.864354128251025,0.113567118222488,-0.2463511130482435,13.14381042678084
13.478404696633836,-6.696628214896595,-8.884650256949778,0.1126137988541294,0.2993153481176681,13.19932641010186
13.48036295804388,11.277494805299307,9.117073234852008,-0.1129796044964742,-0.2672051592879791,13.177940868997007
13.485959199531026,12.562553054687038,-8.228148227364109,-0.1137797895680244,-2.788859905248819,13.131520921304514
13.486555607574358,17.288628015918167,4.373724635000031,-0.1141831445601644,-1.1292442341779596,13.108306882132975
13.486805611525078,-4.69802005501953,-8.082494962188774,0.1136810698607456,0.535162386444533,13.137221286344214
13.487988220219004,-17.41724819010668,-3.88748386582166,0.1140625607372928,-1.1130078305476898,13.115233863082915
13.489120526277064,-2.43972842609975,-6.299846910897796,0.1159054011200412,0.8736850810478997,13.010554039841846
13.489921900338269,-14.217176659239724,-7.639837791716557,0.1118202723507994,-0.5631016940936615,13.246077349567594
13.490304416845554,18.22536985915135,-0.5637314662604516,-0.111899673560697,-1.690364584162683,13.241377015004272
13.497180833749804,-0.0073814900616699,2.967116391167691,0.0156079595452199,1.5899489246964764,35.453778248742545
14.1922894801438,0.3159746477745315,-1.6911308057605463,-0.0575841485358465,1.7855207287141674,18.458408617537863
14.202500993698449,-0.4157147827587657,23.84917052940538,0.0003333333333333,1.5886802701330511,40.0
14.202507838477036,-0.5072458481729285,28.848637776548504,-0.0003333333333333,1.5884438236296343,40.0
14.20303707568956,-0.1136644994956803,-1.0999553295288702,0.0713489504286267,1.4313539676270204,16.582601477956217
14.20547402497512,0.0054768924036086,-2.478252661856416,-0.0196240395255813,1.5628532773078687,31.6187161251807
14.20868505264907,-18.24906200799228,0.2598886279721071,0.114583558623986,-1.5719744670163638,13.085383444885574
14.210541248680489,14.551089591231584,7.609665629172726,-0.1144861265203886,-0.6693683427312087,13.090950294787746
14.211944402066738,-0.0366949675442089,0.9942527920205512,0.1146729551494005,1.7257973885004705,13.080281955692463
14.212138231593231,7.11484580807997,9.150805235513095,-0.1134412949791313,0.1794256433357292,13.151097561353811
14.212289213941329,-0.6080404524081136,3.1139650842168694,0.092273475648325,1.930409757579097,14.581718453024514
14.213483594766055,-15.317430081000662,-6.8033080854256776,0.1155633971582703,-0.7122347107528341,13.02979168521802
14.21477794166975,16.090247826559374,6.175047798347815,-0.1146275109971991,-0.9015780639752606,13.0828745193412
14.21551794591731,5.06335503691779,8.419896455405171,-0.1147371130449728,0.4247235592765431,13.076624405954856
14.215816933809988,-17.892660269333035,2.4577908887011795,0.1148691670669826,-1.8140904288621664,13.06910584189994
14.216009875554752,-3.471689899641921,7.12787871490824,0.1172838465490021,2.508410433271822,12.933871728898966
14.216115618550848,-8.06357546215256,8.997025338252719,0.1135683441070423,3.069645656496291,13.14373948845767
14.216139306025791,1.4002797253193515,5.0976469750559135,-0.1146904862323417,0.9730093749784742,13.079282229039366
14.216367294508322,1.3386321140526984,-4.510704616336156,-0.1146330797741547,2.0803300005514345,13.082556740827563
14.216863142158887,-16.722843901292695,4.974682141390909,0.1144731902763827,-2.1194841631873667,13.091689950350393
14.216867993230782,9.920179191296247,9.343994767958693,-0.1144836307958986,-0.1232780225980231,13.09109298305501
14.216993129502756,17.550309248198605,-3.328435449961856,-0.1145589465939302,-2.010015993955551,13.086788999638184
14.217007988523212,-5.934866149385647,8.487336612508757,0.1145321528764573,2.824116508980551,13.088319662216689
14.217237113313498,9.804008620696449,-8.86932056650308,-0.1145815623455778,-3.1065460237457057,13.085497432363791
14.218022955864589,-0.8373631788751688,-3.9559752411074856,0.1146254051904625,1.171075734516064,13.08299469182119
14.218296421851162,0.0055798146338279,0.3535977167771851,-0.1145850312026388,1.5211031040636604,13.08529936256755
14.218473589824418,-10.869457039434028,8.887215089654255,0.1145873576263239,-2.9105664299742533,13.08516653011621
14.218685296015051,-12.891581270279094,8.238801470794986,0.1146157833628146,-2.6775129113749454,13.083543824655733
14.218719176690922,6.922981465141356,-8.6237126994514,-0.1147728595526905,2.8626136969739133,13.074587879261124
14.218821415538017,14.45437080729222,-7.189625885246366,-0.1146410041303537,-2.558595307672471,13.082104582685542
14.218912391634635,-15.284863181267554,6.6582891732514975,0.1145296147286048,-2.362554999112969,13.088464688533342
14.21898467218551,18.16602345356468,1.66757873371761,-0.1146599245706476,-1.4519715310838868,13.081025185360955
14.219135805584616,4.956709322889462,-7.878846142492643,-0.1146360866521516,2.6281668466253585,13.08238516498282
14.219336753386424,2.81009334518171,6.834471096256404,-0.116210291235587,0.7334554881915116,12.993475688407724
14.220004364316946,-1.9466270389515508,5.591204743990506,0.1146412885924779,2.2781203079621344,13.082088352350242
14.220307739766746,0.3439190980509785,2.499154839146672,-0.0933767229830407,1.2817281222429076,14.49532181826266
14.22080784526374,-0.1255097534602693,8.875175544013796,2.6538009992779488e-05,1.605618392759788,40.0
14.221205217699662,-17.896184387420096,-2.584345523812627,0.1140225409431254,-1.255824878881585,13.11753524273218
14.221559283375916,-10.896876219121022,-9.045629957700744,0.1149212894975962,-0.1572164585290078,13.066141791927954
14.221639582493449,2.613190053692403,-6.174984536550324,-0.1197038042291273,2.295688735506691,12.80246835910856
14.22171561232981,-8.77907447013423,-9.215970935771734,0.1153891467488692,0.0698544743896676,13.039626103914037
14.221758624785108,-5.986324847792277,-8.665460409606895,0.1140137807402484,0.3870918485101821,13.11803916889869
14.222929613039174,16.018002211678315,-5.7754726602257005,-0.1153319653769471,-2.3231567765281103,13.042858186395977
14.223998056158424,11.994740229615765,8.9207261940163,-0.1144240784869311,-0.355712117406726,13.094499156836113
14.226026001024405,-0.2428479551532572,13.878911211061652,-0.0003333333333333,1.588622965700872,40.0
14.226247711605192,-0.3267427385636843,18.873758968780397,0.0003333333333333,1.588382693629618,40.0
14.226258233913375,-0.5961129392696147,33.87166187393542,-0.0003333333333333,1.5878634542660637,40.0
14.229365246894012,11.864916917088877,-8.484967951631887,-0.1150583238634037,-2.8780637981671684,13.058358659579143
14.230347274528905,-4.058436054973113,-7.703303043093546,0.114972509362148,0.6242343862420082,13.06323103200952
14.233676896811994,17.607905225798287,3.6982601399425383,-0.1161427559148692,-1.2204111617741578,12.997252865291031
14.233817008892023,-1.961629142836516,-5.728888132558868,0.1147854402847334,0.9636497035141484,13.073871364342049
14.235173803006791,-17.087018015508555,-4.557733317079042,0.1159936301955102,-1.0219773384263322,13.005604985221265
14.236567815406769,-13.585810289275845,-8.038406015948135,0.1132029142191147,-0.4759147147381281,13.164936835430426
14.236961856473137,18.136305902898087,-1.3050579421452235,-0.1132745655587311,-1.77761740289145,13.160772501448848
14.245468230728497,-0.0217122615129365,3.715266548199522,0.010219817295806,1.595068806857726,40.0
14.941350400760795,0.1563661195514623,-0.9592719528974776,-0.037602280712714,1.740755590622191,22.84213180186425
14.950001299552664,-0.4290823232784824,24.596551299905,0.0003333333333333,1.588704074397418,40.0
14.950008144465356,-0.5204366727530836,29.5960216869985,-0.0003333333333333,1.5883779338656,40.0
14.951481034260365,-18.24993712561211,-0.4829068381334941,0.1151949807670658,-1.48090955871926,13.050610800644536
14.952044655726551,-0.868369578701067,3.806400539443131,0.1054998797539566,2.030848942831048,13.637082283087096
14.953447953141684,15.13368725111657,7.148698886088221,-0.115100639790997,-0.7603366060496801,13.055958053657577
14.95386273050863,0.0114213184190781,-1.7298875648820369,-0.0258505140454429,1.5501238221485854,27.54904254750437
14.954733146495524,-0.151367546829972,1.728136514697408,0.1151744678217657,1.8171085450161872,13.051772916813311
14.955019370157654,-0.0091457975091664,-0.3552720330003721,0.0639086943653849,1.4844032926517552,17.521292153937758
14.957216560024252,-4.06921265421172,7.56646041410873,0.1180582971775954,2.604122923686038,12.891379835673089
14.957669704636302,7.848408785257914,9.283856112291868,-0.1135607151621005,0.0899563295259292,13.14418097166681
14.957723772014049,16.551151400891147,5.592350276477185,-0.1151208193658226,-0.9928446117904456,13.054813721373344
14.958266252004943,-14.753701612330236,-7.29004355786868,0.1165602801270385,-0.6177531336591466,12.9739538071433
14.958463545182155,5.740291911077282,8.726041244467757,-0.115207650694137,0.3333209819574331,13.049893168624807
14.958704437177015,-18.071622624710947,1.7367816529652644,0.1153322970795946,-1.7225194549218446,13.042839430521424
14.95911987937134,1.8184400281556217,5.711782215455582,-0.1151615361310982,0.8816495978323855,13.052505693104145
14.95938463543627,0.9762103895229152,-3.862071235674554,-0.1151034876783684,1.9890380077546517,13.05579653898164
14.95989943533666,-17.110387949482767,4.340716413853676,0.1148986449207505,-2.028305024839496,13.067429274911705
14.959905983481583,10.657578179423782,9.252626352932284,-0.114907006524507,-0.2144644689622843,13.066953822169864
14.960074308819308,17.234326365327313,-4.000986159415666,-0.1150377165972544,-2.101216626539613,13.05952820071428
14.96009192548244,-6.640815443386023,8.719304997568438,0.1150074832442543,2.915295304472428,13.06124462792904
14.960325165785807,9.0613768765084,-8.895357967512203,-0.1150546714643865,3.0854104987003845,13.058565924276412
14.96141411533934,0.0424925311693762,1.0957980655598825,-0.1150558104222462,1.429849040147307,13.058501290148936
14.96158791696116,-11.59282825045424,8.717059295562354,0.1150612668976268,-2.8193010517640182,13.058191656776147
14.961755104447048,-13.556059447114553,7.906203375922832,0.1151076235775312,-2.5861762105771704,13.055561986863202
14.961755639792502,3.3616107951584464,7.331476433515067,-0.1171311094813095,0.6386446669560202,12.942301689208536
14.961817617726114,-8.807348278849073,9.050630083540078,0.1139293555831757,-3.1225848555734537,13.122898661427834
14.96193998909558,13.834003325867313,-7.598733942312885,-0.115111232730957,-2.649918118823823,13.0553573174962
14.962092576240911,-15.813702773674668,6.136134529210005,0.1150041376176949,-2.271368525291157,13.061434609568249
14.962112026188862,18.254117762131106,0.9296914407885152,-0.1151183217732087,-1.5433169551873172,13.054955337172396
14.962127562975146,-0.5477867040548805,-3.270528575382273,0.1150569046827202,1.2628361648366266,13.05843919343413
14.96226882484106,4.309390681692819,-7.513845784864696,-0.1151021908545321,2.5368440455765744,13.055870086119386
14.963185809115888,-2.429547864461832,6.156099544977303,0.1150925137290107,2.3694565486302626,13.056418946927783
14.964649649583691,-17.66587323952388,-3.291216373723766,0.1144511106319308,-1.1651500610998062,13.092952687743605
14.964702038195874,-10.162898698092754,-9.1619835251862,0.1152165750640867,-0.06547698819954,13.049387758188704
14.965167163327086,6.20539331609452,-8.418160163342693,-0.1157536963973144,2.769797847472925,13.019076874288752
14.965304997462972,-5.297792881842016,-8.384773858117377,0.1145899172417905,0.4773158575366153,13.085020387723448
14.965332335956036,0.5562952237133789,3.2132682966417967,-0.1004080852411766,1.19624975451225,13.978578067920765
14.966016371463231,2.1196273712517915,-5.617765834011548,-0.1183992784673577,2.194979944006688,12.872803491273476
14.966626498558862,-8.035980296288102,-9.163977886058404,0.1162927035924914,0.1640585452740675,12.988870913163684
14.967416125350011,12.691619380520647,8.661824910445446,-0.1148997805257972,-0.4468294403556578,13.06736469973984
14.967908325145215,15.508910598231044,-6.319365122582764,-0.1162435848906351,-2.417302209456513,12.991614822038796
14.969025819277991,-0.1515589839161837,9.62293992818213,-0.0010324085321385,1.603553364191569,40.0
14.972942358791633,11.147010494214046,-8.678661754664072,-0.1153183520097482,-2.969724504827024,13.043628013727218
14.974067253049832,-3.454973602250183,-7.268616403541797,0.1152747720800341,0.7157508574569797,13.04609334823474
14.974764945165647,-0.256194747008367,14.62753118783286,-0.0003333333333333,1.5885214958276757,40.0
14.97499719539222,-0.339909842907387,19.6223926688197,0.0003333333333333,1.5884512794325476,40.0
14.975007702499065,-0.6088913215104217,34.62030229473479,-0.0003333333333333,1.58776189065088,40.0
14.977748122818468,-1.537196827385607,-5.117912918766345,0.1119610956149318,1.05453660806656,13.23774442779482
14.97931254868789,17.863851818068085,2.9979288845684344,-0.116829129198702,-1.315844189907533,12.959017401454885
14.980888467826809,-16.69799357181317,-5.193933241265711,0.1166626814794641,-0.9267281408624872,12.96825862394424
14.98257660179608,-12.92270246377444,-8.3801912133,0.1138279979834853,-0.3859320657966952,13.128739921434878
14.982975601275218,17.983112155023427,-2.0351731269248168,-0.113887080569111,-1.867662296748409,13.125334031529045
14.993563335053029,-0.0398686020839136,4.463141291997843,0.0061465483559595,1.595900641223859,40.0
15.691565167403644,0.029473143467495,-0.2198665372359898,-0.0141382255005734,1.7198077378444736,37.25089323127212
15.692916057841382,-1.1973129643839435,4.470242902875202,0.1135445769875302,2.130922658110828,13.145115026325875
15.695796776957476,-18.183123046140928,-1.2242177065356574,0.1147486808532171,-1.3920102415832858,13.07596526819093
15.697501626390332,-0.4424676550196,25.343931772968485,0.0003333333333333,1.588725273351025,40.0
15.697508447136034,-0.5335782522968113,30.34340646164932,-0.0003333333333333,1.5883123424751568,40.0
15.69784658648531,15.673081533931152,6.63568511142832,-0.1146662082934242,-0.849158712493772,13.080666762655584
15.69900566925655,-0.3328428815381699,2.4499455552542635,0.1145579029214375,1.9060638327179324,13.0868486121617
15.701579530347637,-4.708625535124426,7.947547542350505,0.1172142387835542,2.6961863936033086,12.937711520973538
15.702119200250245,16.957821676100465,4.968857020025982,-0.1145006087325806,-1.081759173739704,13.090122394126924
15.702562831047532,0.0268977223580151,-0.9813474380564402,-0.0336576293592259,1.5297230568886797,24.14355890884761
15.702825177903536,0.0553790788971948,0.3897447899125172,0.0555198684212947,1.529780655964971,18.79842120260386
15.702865582092462,6.443722795008306,8.969596954908374,-0.1145478768539484,0.2443219173859775,13.08742132295579
15.7029150359301,8.590640834133524,9.35080526790355,-0.1127775035647368,0.0026354149797986,13.189743127202217
15.702929484611053,-14.146665616429068,-7.721356239893749,0.1161299427951105,-0.5257294542289833,12.99796986095188
15.70306917594693,-18.184127168584773,1.0009680951044828,0.1146455474012843,-1.633398511612856,13.08184536801377
15.703551954919662,2.2918086541734617,6.2863266080025495,-0.1145056493270707,0.7926885873936518,13.089834276688537
15.70383985658748,0.673846684003081,-3.1817847034812363,-0.1144536541412063,1.9001301151321224,13.09280720553551
15.70432996751124,-17.439213631052507,3.67284630045293,0.1141933524099786,-1.93954568499616,13.107720992307634
15.704334943743346,11.384952650581203,9.094193857575837,-0.1141988348581573,-0.3032305720031024,13.107406354096144
15.70438717533519,-9.549783696648362,9.036516321287,0.1131345765324089,-3.0336176822463927,13.168912267125451
15.704575297351171,16.85768634227034,-4.643188631348444,-0.1144075635735849,-2.1900637119837643,13.095444220337448
15.70458947256496,-7.366331161861048,8.886348524403678,0.1143734042161191,3.004120085064922,13.097399634085903
15.704841177255348,8.31803556402435,-8.853551454993172,-0.1144165801652752,2.996549938643188,13.09492822183579
15.70595925688543,0.1470870295298247,1.8329598244110936,-0.1144095196597253,1.3409783822896115,13.095332272911165
15.706138251732702,-12.299043225972856,8.481229676214708,0.114416369034325,-2.7304245812644763,13.094940303669985
15.706298338736207,-14.18868363092226,7.5136078209462145,0.114468628953561,-2.4972508334719548,13.09195078298271
15.706497109693172,13.177643804176808,-7.950241387637719,-0.1144584252336708,-2.738839561998089,13.092534324361033
15.706679843847612,18.274575442999527,0.1854047229259706,-0.114450844227341,-1.632244061401849,13.092967925683562
15.706695242987683,-16.293714772077003,5.566905565860282,0.1143714483875497,-2.182549014140788,13.09751161979242
15.70683608072782,3.696876111364752,-7.090518134368581,-0.1144439751640697,2.447927232828091,13.093360844094754
15.707121072416344,3.960067995270977,7.775794571546814,-0.1164663932633521,0.5476593892955213,12.979182044920677
15.707806215697262,-2.9630103164905397,6.675596765540542,0.114417330513806,2.458363153682124,13.094885283889496
15.70785081403466,-0.3217465048463275,-2.5598887260123337,0.1143032712436685,1.3519504744652349,13.101417063628055
15.70843556058773,5.512907383268223,-8.14813952856805,-0.1154651288724733,2.678514227354433,13.035335055359909
15.70890466878031,1.6854574330861487,-5.014956173269529,-0.1141898304834997,2.100500872674578,13.107923127949764
15.709298782433414,-9.419897514665134,-9.21070264827254,0.114321950288146,0.023565140021278,13.100346710088228
15.709414567940255,-17.371979572231915,-3.9755418050357534,0.1138026336712604,-1.076802194380067,13.130202892761664
15.710578530057528,-4.635817672324412,-8.04239766097439,0.1142230800588989,0.5655282211832781,13.106015191376782
15.711246713516616,0.829188426526791,3.907471118956592,-0.105035803526136,1.1107057671259362,13.667174929412118
15.711367867396776,-7.301238901735402,-9.042344051993512,0.1157662505043213,0.2557279390593801,13.018370943575256
15.71220277453032,13.36328411161331,8.339996319727577,-0.1142674178994676,-0.5355851568926189,13.103472280562992
15.712723684264924,14.951066413633177,-6.812882888109964,-0.1157333947578985,-2.508931216981302,13.0202186999959
15.717180348048595,-0.1760619272059891,10.370693099148395,-0.001769982469195,1.6013246686311324,40.0
15.718370115218892,10.41256513277729,-8.806147248412227,-0.1144515747253608,-3.058666327554086,13.0929261424278
15.719622853460695,-2.8923767846457675,-6.779394598911841,0.1144806578238216,0.8046316089139367,13.091262963128518
15.721743291665597,-1.1699379103923135,-4.47088146732308,0.1073592538584697,1.1398188950489765,13.51847607171382
15.72350402130824,-0.2694655787604052,15.376152647028007,-0.0003333333333333,1.5884276443878629,40.0
15.723746682213218,-0.3531282929170594,20.37102546705529,0.0003333333333333,1.5885169442128002,40.0
15.723757157973326,-0.6215936688354127,35.36894399638214,-0.0003333333333333,1.5876634566192995,40.0
15.724687853192052,18.05183479378489,2.276647562610542,-0.1159485557852303,-1.4082151479978289,13.008132649127033
15.726349721320656,-16.25037870442386,-5.790048507764289,0.1157788574379046,-0.8345313562251281,13.017662157913358
15.72891413196784,-12.231259563323412,-8.661129684070302,0.1135192617711301,-0.2978013191874618,13.14658063641266
15.729311541674177,17.764790452748553,-2.7488628145671408,-0.1135618713408651,-1.955836922166671,13.144114061322709
15.741647265991215,-0.0586467637442336,5.210989504118855,0.0032185036799869,1.5952488539842526,40.0
16.437543022499778,-1.592928228491477,5.101081930917619,0.1167169684570255,2.224525684499322,12.965242424065396
16.44196023140386,-0.0819309365450813,0.5222128945180788,0.0113286685684902,1.7258919987512735,40.0
16.44236483234745,-18.05035701193682,-1.9588856869802136,0.1133021701370128,-1.3066183323215623,13.15916919368177
16.444468018041288,16.16631081739473,6.075177809073835,-0.113239181811854,-0.934505621182866,13.162828490162378
16.44500197252062,-0.455868830787562,26.09131198139853,0.0003333333333333,1.588743866994217,40.0
16.445008747291016,-0.546670809761677,31.090792094151585,-0.0003333333333333,1.5882470494582268,40.0
16.44557234514225,-0.5784795881749769,3.154945136740414,0.1128921661209629,1.991248349810902,13.18304319164207
16.44587149738279,-10.28694988392855,8.95661005011147,0.1111088405344942,-2.948725077675877,13.288416732209356
16.448160168871684,0.0859409229060883,1.134452935733595,0.0463320755064657,1.565910903739436,20.578036684162388
16.448777152361487,17.308583750804427,4.309718139060574,-0.1128335025917496,-1.1669151271765807,13.186469729306948
16.44884889238136,-13.501476583112431,-8.095691482926451,0.1142950632070385,-0.4385387070282875,13.10188748656983
16.448872038617104,9.336595246332624,9.352771171887046,-0.1110635308965729,-0.0813539066258775,13.291127012220365
16.4495502584213,7.168232112593648,9.150218810164942,-0.1128255943897461,0.159147494054471,13.18693185191044
16.449750867799246,-18.230840548018374,0.2557490607734135,0.1128788702661776,-1.548164071959926,13.18381956862738
16.44990934222695,-5.383945082542951,8.269946388846222,0.1149945659918526,2.7830489064384505,13.061978180803328
16.450260818578666,2.8159481926284933,6.818164808299468,-0.112791453825659,0.7075415734386423,13.188927442989492
16.450510998810625,4.848986148537435,-7.816651142516218,-0.1138505936570055,2.5912819391737814,13.127437052358564
16.450555347790548,0.4323494167696893,-2.475199185145736,-0.1127512498238383,1.815016901388525,13.191278617376971
16.450843617715833,0.0576234202626437,-0.2336977425537891,-0.0428464233875344,1.4998467685069636,21.39868797205928
16.45100021911974,-17.70835028254064,2.976368068587168,0.1124252816611219,-1.854644394027272,13.210388137402196
16.451000812050417,12.097553237315235,8.87123573890539,-0.1124259671464796,-0.3881356118139026,13.210347864406884
16.45131179690389,16.424251545436878,-5.251259085044545,-0.1127342195401516,-2.27515704495652,13.192274946360934
16.45131828939867,-8.106014979706107,8.988680217969403,0.1126953171605877,3.0891875416100563,13.194551713775295
16.451602147615294,7.579115783250859,-8.745618584955436,-0.1127350224250631,2.9114557359708977,13.192227969817262
16.452752370651947,0.3172066938476998,2.560118166576995,-0.1127136137544144,1.2558881091200866,13.193480756145108
16.452943920585195,-12.983606072211751,8.18274614806027,0.1127208450283475,-2.645329445134089,13.193057558655717
16.45312823819375,-14.785770618377876,7.065007745004469,0.1127667562017231,-2.412116113034645,13.19037163833378
16.453130371904734,1.309416261138372,-4.372721843611587,-0.1068507579911449,2.015948054861992,13.55060437023611
16.453316153501486,12.490581187133568,-8.242959074934644,-0.1127514396955988,-2.823963396416884,13.191267510511542
16.453515041265188,18.2287129861406,-0.560020958918042,-0.1127278735471257,-1.7173538735378169,13.192646266076954
16.453534048984128,-16.722626662982876,4.955511427859483,0.1126998319416783,-2.097479744593572,13.19428742509101
16.453663339984903,3.122634909038852,-6.613026776624012,-0.1127302994102793,2.3628146833973296,13.192504319134024
16.454692662703945,-3.5422491231588964,7.147106860418352,0.1126867953735171,2.54344713838139,13.19505061001389
16.456004182478125,-0.1593200532087149,-1.8295798115646755,0.1124628839616492,1.4369818292713217,13.208179506081605
16.456011074404014,4.599429534114611,8.165734384498238,-0.1144286084167394,0.4612844426280598,13.094239968021544
16.456252818695567,-8.673150866503708,-9.19310220089193,0.1123306549344146,0.1084566808542685,13.215951095776845
16.45631264272188,-17.017840629201466,-4.633145289775436,0.1121429538097239,-0.9921481689796364,13.227006581474203
16.457325120816282,-6.579540610823061,-8.853654357459398,0.1138300232316464,0.3425826716848227,13.128623129571398
16.45812525472766,-4.004659738107517,-7.641815874518613,0.1129557170514521,0.6505433822332973,13.17933419338545
16.45875339476868,14.349425772349528,-7.254005170147633,-0.1138206740024999,-2.59577468695708,13.129162306255893
16.45887403931354,1.161156828298573,4.5773543912536,-0.1073488500378316,1.0275472576002684,13.519131128021948
16.45917642624638,14.00565915119952,7.958782541284769,-0.1125880483268678,-0.6206101254716144,13.200835749542849
16.465274783578472,-0.1988964625868678,11.118438957354712,-0.0022211798663927,1.599211942709943,40.0
16.466366960470822,9.66713871720478,-8.868104810287742,-0.1125584820793476,3.1395927755719466,13.20256938203304
16.467515446492687,-0.8583848396465523,-3.793304319668045,0.1011064457941941,1.2175019131616016,13.930218608028945
16.4677042398397,-2.3736745550194644,-6.240345660848298,0.1126866197117649,0.8896211341842009,13.195060894483529
16.471359573338408,18.172695471218788,1.5398223768869976,-0.1135508937469377,-1.495108465209415,13.1447493975324
16.472243225698424,-0.2826661535133379,16.124775476640515,-0.0003333333333333,1.5883414113749967,40.0
16.472496175300925,-0.3663959018174285,21.11965740195599,0.0003333333333333,1.5885796879699217,40.0
16.472506607883165,-0.6342223241842309,36.11758693918223,-0.0003333333333333,1.5875681521732836,40.0
16.473101075179226,-15.748916491862278,-6.343377735134803,0.113392185412272,-0.7477723310219417,13.153945064007395
16.476369174263933,-11.516704551449791,-8.880447205623284,0.1122750987297464,-0.2128851437064628,13.219220434876895
16.476766236620968,17.484048890956444,-3.4415912581007726,-0.1122992501601137,-2.0407755723232235,13.217798887513858
16.489777662419403,-0.0769386196139461,5.958896248351476,0.001295675009909,1.594614851175734,40.0
17.185816012334605,-2.0479912491143075,5.6950769768380205,0.115965248502543,2.3128145779497444,13.007196390092544
17.188161460205514,-11.015476774747714,8.814332299705011,0.1080718475351586,-2.867805527084607,13.47383436571704
17.19061285626566,-0.1975787689631918,1.261879259556704,0.0365811557894791,1.7592339761883151,23.158736111388663
17.19088742420621,-17.854905885358384,-2.681440133124015,0.1110532554332305,-1.2238897802430542,13.29174188883568
17.19250233612879,-0.4692839033877991,26.838691957997764,0.0003333333333333,1.5887598553273383,40.0
17.192509045688343,-0.5597145681052424,31.83817857815592,-0.0003333333333333,1.5881820548147327,40.0
17.192864001099426,0.0895791017052172,1.8791478809223687,0.0367769880685745,1.5926004059346108,23.09699698919265
17.193024896355215,16.611115389108544,5.473109463241252,-0.1110158561312211,-1.017215396286013,13.293980557933546
17.193299491779147,4.215861407791564,-7.428208343713199,-0.111147015868161,2.507969782600056,13.286134490348774
17.19419896038464,-0.8840488708475238,3.83836976501793,0.1103980605849015,2.0734910597871874,13.3311253669413
17.19596154306502,10.081213823742468,9.292059543409684,-0.1085485852459276,-0.1625711380639692,13.444214016296131
17.19648131377706,-12.82459028562451,-8.413148846670133,0.1113623945439688,-0.3555036946922055,13.273280468720428
17.197476680660163,17.60281534454682,3.621256990615384,-0.1103378202846503,-1.2491356974788832,13.334763983939304
17.19811724863255,0.1105976841882085,0.511695849332403,-0.0530080159616512,1.460400515662153,19.238651622198123
17.19830056258731,7.907520267737237,9.268878161473976,-0.1102620212416499,0.076972436551834,13.339346611404473
17.198532376230418,-18.213895380796288,-0.4928406858009538,0.1102575627626426,-1.46598647114355,13.339616307445018
17.199032451855356,3.3849862316006334,7.3048419795357855,-0.1102411745445482,0.6253853664174008,13.340607781072531
17.199320470336854,0.25129793413128,-1.7486528553248375,-0.1102170140542853,1.7328780609631815,13.342069874023888
17.199722166507954,12.790581905274877,8.587872135020186,-0.1098107100261163,-0.4699874612768713,13.366729956326232
17.199728588518916,-17.91803300957443,2.257600146983248,0.1098181170478582,-1.7727933732232593,13.366279172657702
17.200073375783603,-8.853742149910055,9.027900854452032,0.1101906443623883,-3.111872103444894,13.343666207519632
17.200075751263103,15.939391833314795,-5.821836440806705,-0.1102353081070921,-2.3573137217387123,13.340962749418855
17.200195906867275,0.9877337065648516,-3.698461324515356,-0.0964841389230596,1.9408255264889835,14.259992210183116
17.200399508920743,6.850060335778217,-8.574809794758709,-0.1102303159059522,2.829309933713697,13.341264841500651
17.201396694100712,-6.087644475588505,8.533651535276014,0.1118429358681898,2.865856112493674,13.244735220861706
17.201587016623726,0.5491426523878591,3.2721287269928787,-0.1101884195900187,1.173760374227008,13.343800914055674
17.201795710328383,-13.642122330856164,7.8261857182555294,0.110195788682516,-2.56319658245541,13.3433547424914
17.202018824138797,-15.344086058846411,6.565887540392852,0.1102220207284884,-2.3299455965989293,13.341766851319605
17.202189121394504,11.779167963723005,-8.47684354983088,-0.110212671538854,-2.9061097181023583,13.342332716068857
17.20240257974969,-17.099059655118033,4.308130335454749,0.1102100223854885,-2.0153446306788863,13.342493070598069
17.202411821214596,18.119349001535014,-1.3008893047729464,-0.1101741393620075,-1.7994662864599211,13.344665656984654
17.202545411271817,2.5896012933406105,-6.087004418514932,-0.1101838329396566,2.2806872526325472,13.344078641537529
17.203641136388633,-4.161166148442106,7.568847932699922,0.1101265446413513,2.625527483672599,13.347548982078976
17.20498853869087,-5.875323738729676,-8.602498661750703,0.1107780726417598,0.4252808842022574,13.308240447171816
17.20517757943179,-16.608291883828617,-5.260097057136422,0.1096899479596389,-0.910398329521898,13.374085849986134
17.205409594178604,-7.928395883674728,-9.112010340612692,0.1095046973737938,0.1900102066334327,13.385393527868914
17.206289914410135,-0.059220306597842,-1.0860014900213473,0.1097988132906787,1.5187907037715866,13.367454074783195
17.206482241775714,13.71033971648259,-7.642164212091665,-0.1107980174552208,-2.678491172458813,13.30704259214862
17.207467210307748,-3.4083672550125765,-7.1880002280309006,0.1109439074245925,0.733243219359022,13.298290488454263
17.207664397847335,5.272521204219624,8.50029427790842,-0.1114057266308394,0.3784338447671122,13.270698870202144
17.207871317439256,1.5483285221904426,5.218521297829911,-0.1077202849331111,0.9460130328754364,13.495803272302242
17.208149297341613,14.614966408025552,7.523231133967823,-0.110073823930232,-0.7027122190645578,13.3507450264156
17.213316765458472,-0.220149675821494,11.866178957342782,-0.002410947430197,1.5972152671662367,40.0
17.215847221558576,-0.5994690623049355,-3.0911910340674584,0.0934851304222654,1.288075205438172,14.486914921275783
17.21654343619872,8.91696374164632,-8.86660454984448,-0.1098885899293665,3.057794960580066,13.361992546059875
17.217912289316427,-1.9012637544484436,-5.657559119305411,0.1101342449332121,0.9716060976773642,13.347082365695533
17.219915121509352,18.229297961132072,0.7934099126066112,-0.1099926215648249,-1.5771803470739552,13.355672185141298
17.22098255297639,-0.2958021743711381,16.873399564663796,-0.0003333333333333,1.5882627967825833,40.0
17.221245677457212,-0.3797104828332092,21.86828851199061,0.0003333333333333,1.5886395107036322,40.0
17.221256059083675,-0.646779630496523,36.86623108343986,-0.0003333333333333,1.5874759773144382,40.0
17.221724720086247,-15.200021504786452,-6.852447135980015,0.1098567076619612,-0.6657978822826027,13.363931325433612
17.22502160877788,-10.7849526400435,-9.038623081966344,0.1102427175237062,-0.1304947990866475,13.34051442268328
17.22542715026573,17.145004484083486,-4.109080624149081,-0.1102491790833064,-2.1231658503574287,13.340123485485686
17.2379525658424,-0.0947573568534867,6.7068589337276885,0.0001626297188756,1.5940128217680225,40.0
17.932399569635695,-11.731994873768244,8.613105618312568,0.1044447013246827,-2.7905647347163702,13.705794514177342
17.935973368814146,-0.3372030022637666,1.9940454750718504,0.0591323434217661,1.8202673579112456,18.21517231823154
17.936470027062608,-2.55526593144678,6.248388685092742,0.1125305084158027,2.397132609653972,13.204210261506446
17.937943499178218,3.615761875882894,-6.987328258476473,-0.1078013264928327,2.428243113663167,13.490729510845055
17.93801834703166,0.0733329847289923,2.6241251040271365,0.0274523782720887,1.609795855757294,26.7332404392535
17.940002715291513,-0.4827109256257547,27.58607173556887,0.0003333333333333,1.5887732383506727,40.0
17.940009343042412,-0.5727097502850746,32.58556590731299,-0.0003333333333333,1.588117358544578,40.0
17.94051283977461,-17.600040541172813,-3.3864095792699205,0.1082419281707581,-1.1428955851017903,13.463244578168972
17.942681435400733,17.00523734577001,4.835416112318536,-0.1082351627163393,-1.098210387216864,13.463665341165054
17.94404891381061,-1.245318064410288,4.495453871076996,0.1073445520479019,2.1537140157698347,13.519401770385487
17.944050008977236,10.819438288069618,9.170976955479851,-0.105445662300351,-0.2416788050112324,13.640587718177224
17.944432046348425,0.1928204624842386,1.253467506932619,-0.0636216387247496,1.4113659056583885,17.56077436833569
17.945436878818544,-12.122465945567605,-8.673832274425456,0.1077844426836498,-0.2757856563822016,13.491786082020187
17.947396011361736,17.839896682294047,2.909799724258592,-0.1072806787639299,-1.3293372611958376,13.523425757075762
17.948286547342267,8.655285607238184,9.32654942268694,-0.1071277675783253,-0.0031234561360205,13.533073705689745
17.948572483745334,-18.1354276324794,-1.2387649281708235,0.1070568175647308,-1.3859396277139326,13.537557323771985
17.949041872700555,3.993047056274346,7.743904805169746,-0.1071266179152925,0.5453021527238143,13.533146322037986
17.949317001443326,0.1302687404028422,-1.0084861640064664,-0.1071212884239148,1.6527990322908752,13.533482964816262
17.94969763116173,13.459240505254655,8.24822691680605,-0.1066270900369736,-0.5496908903438522,13.564809108481192
17.949714175897412,-18.068499746865676,1.52286336265542,0.1066472941629272,-1.6930881103078057,13.563524146094776
17.949820125460466,0.7166376135376336,-2.9995740822174097,-0.0833807433546439,1.8743120837601368,15.33959932796189
17.950048657657288,-9.603386225418724,9.005614457788079,0.107126475872245,-3.031779166031407,13.533155294006631
17.95005871995671,15.408480573976956,-6.35156060302586,-0.1071779148186661,-2.4374441737462016,13.52990738467765
17.950422160820377,6.136312735045831,-8.344379022483556,-0.1071723109597918,2.7492010708170924,13.53026110474005
17.951651657884756,0.839182573695858,3.9638467404331,-0.1071039768918735,1.0936835215914822,13.534576638819892
17.951879321695547,-14.270197765805335,7.416128805065405,0.1071118438867187,-2.483113310665172,13.53407960038864
17.952138036598274,-15.860396530327533,6.021734685084926,0.1071029242111529,-2.249819824369127,13.53464315156901
17.952299867331362,11.049758939335776,-8.65185385327734,-0.1071142864188061,-2.986192709102244,13.533925291824218
17.952494823877185,-17.421636922719554,3.6309432998973934,0.1071723048846524,-1.935234669333726,13.530261488222772
17.952552693625904,17.949305338232932,-2.031503074854519,-0.1070643910009395,-1.8794957900841447,13.537078515265332
17.952667676813018,2.1007083195524485,-5.518086961021114,-0.1070772308266107,2.2006314560646887,13.53626687064936
17.953834997925398,-4.813660459460953,7.939039780226959,0.1070123173208953,2.705517801704284,13.540371749126356
17.954006608231452,-5.193026039686998,-8.2934712869449,0.1070462768524756,0.5046407911992269,13.538223814261176
17.954391945080385,-6.812195279091121,8.73865880622428,0.1082307614653993,2.9458519978194837,13.463939088753223
17.9552531824924,-16.148172092931393,-5.852467877089119,0.1067127733628548,-0.830670583087631,13.559362241959638
17.955558830926993,13.040162395601918,-7.976795494239223,-0.107099609685624,-2.7578981664072044,13.534852583491483
17.955942824060873,-7.191370520110482,-8.970257941618883,0.1061614293731717,0.2691416962819243,13.594526243682765
17.95754621740901,1.9868295031102283,5.826575033429854,-0.1066537021590686,0.865291627740174,13.563116680159505
17.957633685848165,-2.8509878004708025,-6.685926643105896,0.1083688548293549,0.8145817033236563,13.455357950890868
17.957752302653,-0.0201576505207068,-0.3355550696528671,0.1066230763425444,1.598335581935154,13.565064418952591
17.958336580708497,15.187428410082829,7.038392793563557,-0.1069871906711035,-0.7827922107001088,13.541961663879626
17.960585354133887,5.9721687981162725,8.77847265731646,-0.1078029416408475,0.2979340830559546,13.490628449574617
17.961313382571447,-0.2399086551622335,12.613914553625229,-0.0024270927933039,1.595334709882105,40.0
17.966279079776474,-0.3901212589086338,-2.370551407734359,0.0848373052671404,1.352224144275668,15.20734887494054
17.967869785147634,8.168273776274283,-8.803718793300364,-0.1067279886431603,2.9781466409212736,13.55839569644426
17.96922982705036,-1.4775402307864844,-5.037126674955445,0.1071003587071703,1.0515616488062565,13.534805254895195
17.969721996306667,-0.3088793444377771,17.622024799091264,-0.0003333333333333,1.5881918006042337,40.0
17.96997268298033,18.22450961097477,0.0433676356497961,-0.1057856722030585,-1.65526863797216,13.618648907197985
17.969995191072304,-0.393069849189132,22.616918835627985,0.0003333333333333,1.5886964124137422,40.0
17.970005517759898,-0.6592679307119322,37.61487638945978,-0.0003333333333333,1.587386932044063,40.0
17.971842258206472,-14.610110924352924,-7.315784840131239,0.1056804299293135,-0.5877751017095895,13.62542824832451
17.97442555570071,-10.04192040314513,-9.136139083695898,0.1076373069074031,-0.0498492317121834,13.50100420588722
17.974851839199616,16.751776975683114,-4.747053578921371,-0.107629981008602,-2.203788487438681,13.501463670748686
17.986169409771346,-0.1121267689827298,7.454874140164883,-0.0004044758453691,1.5934427539205405,40.0
18.67853986790396,-0.5205362849237396,2.7136244582555005,0.0768847535968846,1.904567447225364,15.974473888502663
18.67907163403282,-12.433134685652533,8.356352554179093,0.1006898246458697,-2.716571048994619,13.959007888345289
18.684140667004403,0.0442419414118333,3.369680083596199,0.0189475841333667,1.618370976794672,32.178153519061
18.6849215718026,3.050916267663692,-6.498528013123515,-0.1043043187733285,2.35162632297286,13.715014597453328
18.68736722349669,-3.1075161806832305,6.757177700138111,0.1075898437637391,2.478500512088116,13.503981826584251
18.687503107992026,-0.4961479503068648,28.333451346914494,0.0003333333333333,1.5887840160644715,40.0
18.6875096400241,-0.5856565792587372,33.33295407527341,-0.0003333333333333,1.588052960647654,40.0
18.690000475638406,-17.289031854147296,-4.068322559720777,0.1050685488941466,-1.0629987954651454,13.665045047100609
18.690679953821927,0.3112917035002542,1.990251399577339,-0.0740664544187928,1.3532833899933037,16.275554439550078
18.692217246235188,17.346418784076548,4.168033794693664,-0.1050972056398061,-1.1781205266189263,13.663181921011342
18.69257608363918,11.546210361020613,8.991829981105917,-0.1019821973004053,-0.3190250930786051,13.870278769692929
18.693848782698108,-1.6580545037177463,5.121431885907793,0.1039610328213202,2.232575555858523,13.737639643758548
18.694651700656635,-11.40156278454403,-8.8778457094931,0.103983436772617,-0.1985724078848759,13.736159643486946
18.697277211705675,18.01920798901249,2.181672489558369,-0.103891259444704,-1.4081683064444983,13.74225192493135
18.698231076217965,9.405226477895608,9.324207007655312,-0.1036559363834823,-0.0817902809363267,13.757841983800246
18.698573065185336,-17.9975732686286,-1.9759874498884056,0.1035143129271277,-1.3073705837952423,13.76725009503395
18.699018407364576,4.634254951834094,8.132899968659592,-0.103681807610615,0.4666419723005635,13.756125428909918
18.69928374616273,0.0688383398993615,-0.2610395611785449,-0.1036968759138945,1.574131537459738,13.755125943632931
18.699669304260087,14.09873088804909,7.85642395514882,-0.1031133561482438,-0.6278927362084429,13.793990874451884
18.69970013528866,-18.15998842912615,0.778478542617927,0.1031519555635159,-1.6148794835210127,13.791409805409058
18.700000484482675,-10.348820759177933,8.923425051914045,0.1037331729904007,-2.953076187650121,13.752719241355926
18.70001558141547,14.836891135496234,-6.837071476092944,-0.1037921077769256,-2.516191774725585,13.748814219735827
18.700234874897923,0.4923558262287582,-2.2834595829543254,-0.0679492357782315,1.8165649305714004,16.992372405262948
18.70042039444217,5.443316494493105,-8.057580206210549,-0.1037930779153439,2.670481799958905,13.748749966146814
18.701693701562714,1.1836141263172557,4.630127441672014,-0.1036932296434104,1.0150150421464954,13.755367781915576
18.701939544298504,-14.863438140958523,6.957155826754805,0.1037023442903613,-2.404437547805821,13.754763278382692
18.70221289482724,-16.331468610820863,5.438036657054258,0.1036413158381112,-2.171107080291653,13.758812340637526
18.70238867626272,10.308708919362545,-8.76794902622496,-0.1036910731124413,-3.064856029527109,13.755510819476164
18.702568561321804,-17.688981640024526,2.9301313324387444,0.1038192170322444,-1.8565062080841732,13.747019075881552
18.702673217096788,17.72140384528451,-2.7461650293785524,-0.1036355000355075,-1.9580901901098269,13.759198389056916
18.702770610634865,1.658889042956786,-4.911910305122334,-0.1036459561328668,2.122003943078373,13.75850434481337
18.70335500167772,-4.537085267926777,-7.931166555119463,0.1030538116169394,0.581419283971114,13.797975346884122
18.704009575826078,-5.493631123336215,8.255902200841168,0.1035819630944907,2.7840646887071627,13.762753656322
18.70496406564288,12.345247959277058,-8.257334496887474,-0.1031427872140683,-2.8347507823210782,13.792022744191556
18.7053518011861,-15.642320013327812,-6.406328519603939,0.1034442208941363,-0.7523282451180396,13.77191348660439
18.70652185126701,-6.467812729743269,-8.77067587809457,0.10257468528271,0.3465530874777981,13.830162660174643
18.706630558048147,-7.550069057880858,8.884964026275432,0.1045080646163194,3.024102047248826,13.701639008952464
18.70699512878465,2.472785765965749,6.397118792797734,-0.1046243049457442,0.7850836291947505,13.694025527430666
18.70732661240577,-2.3365689519133905,-6.140571041338229,0.1053689102931467,0.8951726641559734,13.645554752426747
18.70851850764605,15.71926768536276,6.509318215858802,-0.1035575762294667,-0.8614626660353898,13.7643740467862
18.70895035384574,-0.0408424704843106,0.4153581412702366,0.1031955722920288,1.676332189497223,13.78849498111694
18.70927120312249,-0.2582604888614668,13.361647200714646,-0.0023390484217292,1.5935703300091657,40.0
18.712751360162503,6.691198108334829,8.999267928261437,-0.1039320951029404,0.2191117863639987,13.739551971489892
18.717303589824954,-0.2272721099988075,-1.6373952378817782,0.0755020448915755,1.4103267848818382,16.12008280728965
18.71846154750846,-0.3219033668172244,18.37065106791632,-0.0003333333333333,1.5881284228338075,40.0
18.718744718143885,-0.4064718141099188,23.365548411336945,0.0003333333333333,1.5887503931001798,40.0
18.718754989448968,-0.6716895677701107,38.3635228175468,-0.0003333333333333,1.5873010163631402,40.0
18.718849925383296,7.427302391261032,-8.681519866873323,-0.1033050133698032,2.899918790766562,13.781189367554733
18.720194176461284,-1.1048998318873604,-4.385140028470659,0.1038047233349262,1.1302055665430024,13.74797874444694
18.72036294678294,18.161197768196917,-0.7043469881030247,-0.1014135327425008,-1.730242789791841,13.909112009974258
18.7222948563754,-13.985601931718222,-7.73191897741979,0.1013430225590419,-0.5128406414025927,13.913949806459488
18.723752369570125,-9.29352441479531,-9.173476981408356,0.1046596173059979,0.0295835700897937,13.691715159066147
18.72421110527388,16.308486109308774,-5.351232788626941,-0.1046452493607842,-2.283178893821385,13.692655064043484
18.73442558456501,-0.1290706495215481,8.202938447580447,-0.0006375464926783,1.592904636398191,40.0
19.42172540836445,-0.7640100775811884,3.415796274721063,0.088703449927227,1.9895870275398504,14.872254134424
19.428105321949456,-13.115526715062988,8.04749565554952,0.0971834023419202,-2.645299462844029,14.20859768461752
19.43135104056681,0.0087070775769859,4.11604501833758,0.0117076066043742,1.6228825843855703,40.0
19.43415586902,2.5235532979862407,-5.966324733971805,-0.1010376383576789,2.277548730660943,13.934961048734138
19.435003512135395,-0.5095930302365641,29.080830824837317,0.0003333333333333,1.5887921884689598,40.0
19.43500993726099,-0.5985552779837882,34.080343075687814,-0.0003333333333333,1.587988861123868,40.0
19.436403021681357,-3.69782576067915,7.218251692819528,0.1020884338611655,2.555580151578047,13.863060029200298
19.43815994182092,-16.925236416872178,-4.722077457718723,0.1016805810562383,-0.9858607795526624,13.890835116162684
19.43828038771229,0.4726252467556318,2.7202362600872814,-0.0835637368552542,1.288642574045702,15.322794479910224
19.44046247735562,17.632743743047044,3.476738674093922,-0.1017495879031087,-1.255295321087037,13.886123962497534
19.44093001808849,12.256803583278291,8.757115508422181,-0.0983762674077926,-0.3931716262663767,14.12219239831678
19.442342441187463,-2.118019917970418,5.711918612676608,0.1004197546859615,2.3086064475936245,13.97776585044318
19.44283469037279,-10.668082190754753,-9.025439763015374,0.1002534792534647,-0.1239899910541372,13.989352346147426
19.44588130765045,18.14041605538677,1.4429460874912063,-0.1003436357199599,-1.484150292717385,13.983066439639977
19.44687503785977,10.151367752119622,9.26304345476555,-0.1000255161345661,-0.1575442979100044,14.00528432896855
19.447254280344843,-17.802624436082713,-2.6988418713466364,0.0998139434605058,-1.231768910621101,14.02011961722162
19.44770886957879,5.302898471918543,8.469728190843554,-0.1000856251747408,0.3908663932902194,14.001078119439994
19.447975987500623,0.0663412981807347,0.4876485160754028,-0.1001215487667217,1.4983325837557715,13.998566127147582
19.448383245230573,14.704640520235507,7.41659889557709,-0.0994540898794331,-0.7031702427062849,14.045460878300547
19.44843266831096,-18.19298423337493,0.030473407001886,0.0995164800654663,-1.5395726390937083,14.04105744935794
19.448701626945457,-11.084257412805602,8.783117072005526,0.1001869648953806,-2.8772247047496093,13.993995311028453
19.448718881256603,14.229896031358448,-7.275379101791788,-0.1002534911868716,-2.592093431036789,13.98935151356309
19.44916109157372,4.776140128888634,-7.717744468360844,-0.1002687700674812,2.594590948010265,13.98828564009781
19.4492156409188,0.3101273795856087,-1.5569852330263745,-0.0507822332821613,1.7734872406445463,19.655736769372925
19.45047974155732,1.578678997442732,5.266212562778784,-0.1001344770351401,0.9392102869372988,13.997662436130714
19.45074206369553,-15.417839429830604,6.453822513777896,0.1001457832594494,-2.328625437845794,13.996872270070549
19.45100419291918,-16.754460007958,4.820163946824891,0.1000170949376788,-2.09533398595095,14.005873916154792
19.451216341148893,9.56208491220196,-8.825355155081986,-0.1001228166355899,-3.1406477385748017,13.998477494877184
19.451400617334063,-17.90003143798096,2.2116555632620143,0.1003270618422554,-1.780586001887673,13.984221371063937
19.45152694469812,17.438573702327595,-3.4395545415413604,-0.1000682433590204,-2.0338214668204557,14.00229404545556
19.451614440495245,1.2667072706492473,-4.273975716790833,-0.1000706197769419,2.046253383442726,14.002127787029163
19.451807223751665,-3.9116157165977423,-7.520108689256654,0.0991203257269994,0.6553036641571921,14.069088143461748
19.45291903536234,-6.195183141510942,8.517990247836577,0.1000170643131875,2.859749455053626,14.005876060381103
19.4534789998127,11.631694485835812,-8.483423079560687,-0.0992452197471987,-2.908733856452519,14.06023290373282
19.454289567235616,-15.095520651403437,-6.918107998690719,0.1000597268125159,-0.6766956998146515,14.002889926850962
19.45537033612865,-1.868754306284707,-5.556859751455549,0.1020379400977628,0.9730191640493392,13.866489658593466
19.45552435264964,3.002242309728928,6.926242376893424,-0.1020044886612973,0.7075088507507118,13.868763143978134
19.45579506736452,-5.763084504052143,-8.516179354984043,0.0989482605094326,0.4211570754760906,14.081315365863333
19.455919640953688,-8.294192477940523,8.97279605619694,0.100859819634399,3.0999440766356363,13.947239383440545
19.45719630477852,-0.2752922651715668,14.109378353123647,-0.0022014220128175,1.5919221787226714,40.0
19.457505117448573,16.207103860702702,5.940990134823589,-0.0999659640749698,-0.9371990686090628,14.009455303640854
19.458479556559013,-0.119797925588319,1.1607171566643724,0.0996975870226863,1.751619444740731,14.028298546975558
19.462537788670957,7.423057817304128,9.162243554545958,-0.0999971259718946,0.1434561560484566,14.00727228663915
19.46718955663231,-0.1074540302034723,-0.8971435300358852,0.0658051128418464,1.4607986084512157,17.26697986591663
19.467201197186096,-0.3348799446134531,19.119278259132408,-0.0003333333333333,1.5880726634655224,40.0
19.467494260296267,-0.4199141908202914,24.11417727758629,0.0003333333333333,1.588801452762964,40.0
19.467504479062,-0.6840468846106997,39.11217032800568,-0.0003333333333333,1.587218230272406,40.0
19.46803488491333,6.699889696102074,-8.502218794630016,-0.0997708581361027,2.824401066702243,14.023146503825735
19.46939959987589,-0.7853832865262262,-3.707483814956503,0.1003908835440183,1.206210909558061,13.97977559982668
19.469659809162312,18.04223062001117,-1.4441392600443608,-0.0972303137237588,-1.8023316826143203,14.205169646146397
19.471669887317503,-13.332630812299229,-8.099603154675465,0.0971958550332668,-0.4407695202053849,14.207687465100149
19.47216455967294,-8.545439701349263,-9.151339506330148,0.1014662433309887,0.1063648748350739,13.905498761521285
19.47266341708217,15.81926866290691,-5.917666503360814,-0.1014534240973342,-2.359924802072708,13.906377245671797
19.482718439728394,-0.1456127919898158,8.951048435891748,-0.0006647631290114,1.592398458588245,40.0
20.167474872206657,-1.0672735397790074,4.097099096758909,0.0946680707240493,2.068734325357,14.39611954878734
20.17896902545824,-13.775801466661992,7.68995747066881,0.0941329558775644,-2.5761641267358923,14.43697972660198
20.179438569380345,-0.0302403859701154,4.8631180039618735,0.0059223912876618,1.62483488720513,40.0
20.182503925563708,-0.5230442182202957,29.82821020213998,0.0002888888888888,1.588797755564297,40.0
20.1825102353376,-0.6114060694178001,34.82773290220684,-0.0003333333333333,1.587925059973082,40.0
20.184384421674057,-4.321008375663855,7.631917745470542,0.096669834341895,2.62768700442201,14.246289586672829
20.18511988810012,2.035901681702816,-5.395235547338818,-0.0981739074185723,2.2053782760155136,14.1367393720372
20.185477124953938,-16.512608487919533,-5.345151421589887,0.098181973419939,-0.9122781497378468,14.13615867409576
20.186300103617857,0.6808925477390826,3.4386777863958056,-0.0912229550684507,1.2178146528787623,14.66543849332923
20.187895009191333,17.864666666248624,2.7661986348702507,-0.0982962136296289,-1.3289555998863591,14.127941822593275
20.189478735520044,12.948236981402651,8.470331550839777,-0.0948207087736858,-0.4637612318916776,14.384527896102387
20.189987460284684,-2.62093764938326,6.265133607060748,0.0968424799339777,2.3810969903976043,14.23358529175379
20.190190326453127,-9.926463941320538,-9.117867133892055,0.096725114421427,-0.0521371912808423,14.242218046222131
20.193670269403057,18.205127961120525,0.6979623960083954,-0.0967630701964927,-1.5565820670031014,14.23942451219615
20.19469475890289,10.8899261329658,9.145715481703336,-0.0963678700146068,-0.2296806065525949,14.268591947516548
20.19510322969043,-17.553912291091358,-3.4041221843932297,0.0960924849533916,-1.1598414721381338,14.289022811815196
20.1955810149715,5.994365591605795,8.754659705853232,-0.0964678922501969,0.3186646054836654,14.261192947900078
20.19585709067248,0.1204881457559441,1.2335669187034746,-0.096523977246666,1.4260891817816144,14.257049174974275
20.19630015101264,15.27514855984369,6.9329665200096064,-0.0957853819042938,-0.7748448532587985,14.311910672977907
20.196365810987395,-18.169634796905143,-0.7170951783000834,0.0958754570922429,-1.4678371097328535,14.305186128645811
20.19661110793819,-11.80618290904356,8.587688901977778,0.0966156750982689,-2.8049108145923203,14.250281962579088
20.196627782296687,13.592089667775806,-7.66598218271726,-0.0966889894038616,-2.664463380625742,14.244878364693175
20.197098301358768,4.137336039526902,-7.328720812016183,-0.0967252033293264,2.522202063064761,14.242211500705324
20.19757686539761,0.159477862446586,-0.8239441391651814,-0.0326722141050377,1.7475055419538403,24.50493597698228
20.198472985479004,2.020313342497737,5.869911989828636,-0.0965570321973661,0.8669438718607706,14.254608640581608
20.19875114893331,-15.931980695341936,5.910521169497697,0.0965715107025101,-2.256348854340089,14.253540048913433
20.199005490762698,-17.1290686895696,4.172727249350298,0.0963649104305368,-2.0231927401247094,14.268811053904956
20.199248366368444,8.81405322092796,-8.826061981669127,-0.0965399535731581,3.070286923883271,14.255869444050374
20.199441574718943,-18.05581410237764,1.4800156003029366,0.0968211702071145,-1.7081309060761125,14.235151550425996
20.199575512510847,17.104452755908486,-4.108837630354068,-0.0964927578048908,-2.106029356707695,14.259355340321354
20.199641381093507,-3.318685749129965,-7.064378527246452,0.0954333212783555,0.7261418240722063,14.338284946743736
20.19966489398233,0.9242910231286992,-3.608896327246864,-0.0964825542025867,1.974047292249968,14.260109318269537
20.201025489555413,-6.913772627440256,8.726058547962229,0.096448242815589,2.931920966964406,14.262645577797056
20.201378322804928,10.903980460251276,-8.65600840425484,-0.0955923963235846,-2.979697429229672,14.326349953903344
20.20240825298378,-1.4483165160095126,-4.93936666345556,0.0984430409925949,1.0471159510390078,14.117402116642728
20.202477975124214,-14.512198409076529,-7.386638739737228,0.0966806532173387,-0.6043794449876271,14.245492469849118
20.20281698286256,-9.04044212793724,9.003894275282864,0.0973229357465664,-3.110353676376342,14.198408592338676
20.203686565735524,3.5708331245917337,7.412504839297442,-0.0990331650248747,0.6331516589031216,14.07527793617882
20.204169526512487,-5.080105609813362,-8.210231383705613,0.0954179587508463,0.4924324088908135,14.339439137873692
20.20509430485711,-0.2910910723449085,14.857109465364845,-0.002048089301685,1.5903902999306598,40.0
20.20578044209287,16.650118488308035,5.337952821550824,-0.0963503267041805,-1.0093281033214392,14.269890875892578
20.206832872282707,-0.2543812860520162,1.8968693177295597,0.0962371292795038,1.8236476577422367,14.278280690805271
20.210859246895104,8.163692368089578,9.269227044027067,-0.0961146576381682,0.0714430009076348,14.287374566979665
20.215940934859294,-0.3478147809304328,19.867906260732923,-0.0003333333333333,1.588024522494078,40.0
20.215956675192636,5.989277904767029,-8.268942378354827,-0.096210328771095,2.752261881189351,14.280269222413924
20.216243818799637,-0.4333947925449717,24.86280547284488,0.0003333333333333,1.5888495914022025,40.0
20.216253990906164,-0.6963422241733461,39.860818881141206,-0.0003333333333333,1.5871385737723471,40.0
20.21662469601918,-0.0251840136327547,-0.1522377155054329,0.0560477981900473,1.502936789221354,18.709679547281585
20.2173719709845,-0.5186847677717275,-3.0086744217483146,0.0969367370326625,1.2789065666238917,14.226663618201622
20.21811289752494,17.87048145924025,-2.172620043081248,-0.0934215640306847,-1.8715642956851453,14.491842661825002
20.22013255956033,-7.801698776931186,-9.071931910967438,0.0981619121396798,0.1798796968444466,14.137603083940338
20.220213620290806,-12.655630174843292,-8.418958532049736,0.0934231667085901,-0.3715303352936573,14.49171835857205
20.22067251843224,15.288376994392411,-6.444612090688798,-0.0981596711240337,-2.4334250535538726,14.13776446430031
20.23104528620944,-0.1617769899074073,9.699200685016178,-0.0006334886275316,1.5919242105162856,40.0
20.91573972380115,-1.4246560150899708,4.754501602437381,0.0959091523273941,2.142723783919536,14.302673052908538
20.92810068393607,-0.0706773217399039,5.610687275666241,0.001566649297979,1.6242370666271824,40.0
20.93000434607132,-0.5364995670634958,30.57558951162517,0.0001555555555555,1.588800717350605,40.0
20.930010534795557,-0.6242091765183311,35.57512354848113,-0.0003333333333333,1.5878615571951775,40.0
20.930767627925512,-14.410589445111944,7.287160547781895,0.091551854153166,-2.5085399632041394,14.639072362303736
20.93246455407035,-4.972459900275947,7.999660584376531,0.091705407141588,2.6949769264883505,14.626811413881118
20.932686897632728,-16.055356792128173,-5.93611955193417,0.0946507114196526,-0.8419912942330031,14.3974396261549
20.933324782426315,0.9391368742191232,4.139645502192867,-0.096210328628596,1.1401643408805102,14.280269232989212
20.93522987259567,18.0436460351753,2.040612124826004,-0.0948143719698911,-1.3993673757381018,14.385008569257618
20.936943095258734,1.590190133665688,-4.789777579542031,-0.0956483686605525,2.1344439833176336,14.32215757582422
20.93725815132664,-9.180411258733432,-9.15679950815602,0.0933819549587971,0.0172582778896338,14.494915747183306
20.937511901489685,-3.1625149573133164,6.78038772857176,0.0933176534469191,2.450292375215934,14.49990877087592
20.9384525905354,13.61810150021828,8.13530414609731,-0.0914731702753476,-0.5311615756524254,14.645367097657996
20.94136194551672,18.215755486967133,-0.0496537476268518,-0.0932423686556516,-1.6257116515186565,14.505761210387462
20.942424952421742,11.61802030341108,8.975482343732676,-0.0927829052499534,-0.2984397116504712,14.5416329261589
20.94286668325625,-17.255192110119463,-4.089626696390631,0.0924557308636088,-1.0913528552740432,14.56733926614262
20.943358043435943,6.704495517899597,8.988937259368457,-0.0929256065657919,0.2497927544885522,14.530463318794826
20.94364467970273,0.2283210915841191,1.973538765533945,-0.0929998549745004,1.357155682106942,14.524661871073468
20.94413948528049,15.80950188835125,6.409774212926368,-0.0922101135609599,-0.8431545150858158,14.586727444999765
20.944213585765343,-18.092772940635875,-1.4609826357095828,0.0923291783913722,-1.399433263810567,14.577319218269768
20.94443630663933,-12.51202223776599,8.340639575241052,0.093114463380387,-2.73588518946388,14.515720494320018
20.944449509038847,12.927786983718851,-8.009405069174106,-0.0931927224564875,-2.733551685522948,14.509624453566277
20.9449369260156,3.5284216059638,-6.894571274267789,-0.0932540570015651,2.453064848505997,14.504852124739791
20.946150470298907,0.0278853658704427,-0.0870276874559154,-0.0145692697135265,1.7386369351741118,36.69574472382736
20.946380497442185,2.504328733752839,6.440082795358987,-0.0930570725574313,0.7979668211559054,14.520195875761702
20.946673124381046,-16.405490698411956,5.331577684906783,0.0930756578217346,-2.187358461474276,14.518746129084947
20.9469394810851,-17.45600718592041,3.500033802464228,0.0927897702315911,-1.954438096531766,14.541094996097296
20.94719286291692,8.068009383395951,-8.772774437180098,-0.0930395170926188,3.001328740976751,14.52156569168934
20.94738456655726,-18.158209951099312,0.7391149259850995,0.0933920142437118,-1.6388868210386085,14.494135108422824
20.94738565724559,-2.759566135388031,-6.567884055930536,0.0920574033302177,0.7942034596387949,14.598820960714734
20.947527587909587,16.722966162000816,-4.752188456701562,-0.0930047096468574,-2.174961198093651,14.524282790074476
20.94762988942444,0.6307816180182826,-2.9209254968198435,-0.0929796655005001,1.905137548874594,14.52623870086282
20.94860938892772,-9.785870663998397,8.980600272402674,0.0938429881525336,-3.040353304983659,14.459266872884124
20.949035115967447,-7.64540032106175,8.881748365006139,0.0929713044888296,3.000826646859857,14.526891859464744
20.94918440937684,10.16595301000797,-8.776546472106284,-0.0922469681780097,-3.0479140978119243,14.58381333225976
20.94936566096773,-1.07478502741726,-4.292513050671218,0.0946452713933229,1.1176781349271132,14.397853384267512
20.95056740342536,-13.896629366787456,-7.811741723626119,0.0933896723601869,-0.5351184683594233,14.494316836225872
20.95195489619445,4.17406214650966,7.855246571556485,-0.0958257927820554,0.5616642804983908,14.308892634686291
20.9523495393725,-4.42082023488115,-7.856513804210756,0.092070046975215,0.5606093173181632,14.597818535668855
20.95297039055813,-0.3057439986338668,15.604841991950826,-0.0018926638679186,1.5889747309377729,40.0
20.954032734621755,17.048510145731576,4.704576487472847,-0.0928194504365165,-1.078104922156596,14.53876998483384
20.954819310647377,-0.4415017919500368,2.621072071279925,0.0928722919756069,1.892625187258939,14.534633379605475
20.958745908106785,8.909671195946553,9.322612869931426,-0.0923552093964212,0.0029183729488669,14.575264732628256
20.9635240865512,5.297655982490352,-7.985188697935236,-0.0926679695814429,2.683318496629707,14.550647995567653
20.96468074909359,-0.3607135788721347,20.616534960711267,-0.0003333333333333,1.5879839999147396,40.0
20.96499339458908,-0.4469114325086867,25.611433035581488,0.0003333333333333,1.588894809018049,40.0
20.96499644831328,-0.3035464308613314,-2.292673126293793,0.0934803256712244,1.3484885887849942,14.48728721555312
20.96500352870666,-0.7085779293976966,40.609468437258165,-0.0003333333333333,1.5870620468632315,40.0
20.966309107790654,17.648825497671652,-2.887229169637213,-0.0900194095022704,-1.9381663406671807,14.76314921885932
20.96640916677332,0.0256569731066136,0.5958210700531825,0.0465030074502858,1.536754715545544,20.540183150985545
20.968251751212232,-7.065650321238547,-8.938084999197399,0.0948060523578016,0.2504247125006894,14.38563971990948
20.968503759806374,-11.958393730506868,-8.690619117312545,0.0900570547024029,-0.304895169640373,14.760063321659748
20.968828334017964,14.720111487179512,-6.931244845142098,-0.0948225099933929,-2.503977227636756,14.38439127482478
20.97940339869362,-0.1775870367941987,10.447391774871122,-0.0005910869775477,1.5914818828611672,40.0
21.665533470083982,-1.830484709515728,5.384972642807624,0.0940530728107309,2.212398530753154,14.443109314660914
21.67702358561915,-0.1106812680407056,6.358541002638145,-0.0015354647747147,1.6210911345924788,40.0
21.67750477142003,-0.5499571295715988,31.322968786095533,2.222222222222225e-05,1.5888010738279674,40.0
21.67751083613377,-0.6369648222429465,36.32251500816131,-0.0003333333333333,1.5877983527900204,40.0
21.678959777036837,1.250398603308792,4.817205596348314,-0.0978999645357888,1.055252456512218,14.156504007940235
21.679956740375967,-15.557690993752274,-6.493561002671721,0.0911645525608191,-0.7746292710996637,14.67013523036872
21.68100239529261,-5.647576647628238,8.322965822790858,0.0874267792366238,2.757760141210534,14.9804471937113
21.682333887148367,-15.016521155075232,6.84252743513372,0.0893135474618872,-2.441775393661717,14.821371752741175
21.68262135284832,18.171143942605006,1.304175903313719,-0.0913802372956129,-1.4669062488761029,14.65281223509798
21.68415575129434,-8.433624887041262,-9.143909981696526,0.0901366408383177,0.0845474876532079,14.753545756933898
21.68508571540172,-3.738459046424613,7.256995547920898,0.0899279527068183,2.516545474450916,14.7706542946432
21.68755080212528,14.263988415884263,7.755859521970642,-0.0884601312136723,-0.5958235748521509,14.892693692104194
21.68851139468164,1.1886473687271355,-4.154467956898917,-0.0932222655469282,2.064049568821098,14.50732517177426
21.68911522990412,18.17471300838696,-0.7962798182031059,-0.0898683064977451,-1.6918942319763337,14.77555511915702
21.690232138141283,12.332771736459254,8.755605159901878,-0.0893648840887304,-0.3641706901309178,14.817114039953234
21.69071527257149,-16.910220425010333,-4.753156687433819,0.0890039466463038,-1.0259579003435568,14.847127204893416
21.691201677848323,7.429128833673718,9.17380656239444,-0.0895492963062592,0.1838997998364628,14.80184962895994
21.69149773052633,0.3868802773505457,2.704389755979504,-0.08963824834041,1.291179764644062,14.79450362003871
21.69205852419885,16.306950709868346,5.851269460262786,-0.0888235643665413,-0.9084437054659412,14.862195110769877
21.69213245538095,-17.965233622455507,-2.197946921034979,0.0889698260299373,-1.334015741143607,14.849973894046292
21.692328750034022,-13.19920332519515,8.045469692010123,0.0897717373671701,-2.6697924604200094,14.78350006457324
21.6923359603695,12.241302046797992,-8.306175309367964,-0.089852100204116,-2.799714423199827,14.77688755058036
21.692831048562155,2.9509110129696614,-6.419358549775648,-0.0899397476655602,2.3868237934383467,14.769685740485418
21.69408961815172,-10.527533790489104,8.905257197286943,0.0903583617549352,-2.9730611127606195,14.735433749701414
21.69435347590143,3.0265363768849864,6.975585133317991,-0.0897237492197477,0.7319244225664728,14.787452920135708
21.69465877798729,-16.838001231332935,4.721317759208588,0.0897473196656764,-2.1212993110219003,14.785510991036942
21.694772084528744,-0.0971746392872834,0.6510741458991001,0.0024975470590892,1.7468694214788938,40.0
21.69495847526149,-17.735990684251576,2.8063900492948504,0.0893914987575086,-1.8887168531328855,14.814908139319808
21.69510333376442,-2.2355258352752205,-6.034532869903553,0.0889919941219588,0.8598417922387801,14.848124219843283
21.69520160195547,7.327346737545776,-8.668199494099756,-0.0897113703399625,2.935308704385274,14.788473101562191
21.695377522619697,-18.209101814764992,-0.0071447342750901,0.090122227193401,-1.5724957774426591,14.754725496467154
21.695538465395398,16.298039895570415,-5.367784055235704,-0.0896921335844046,-2.240969526985324,14.790058880645592
21.69566076644968,0.3853175732620464,-2.2143155650222117,-0.0896525729575816,1.839170372022752,14.793321658966116
21.69656132647904,-0.7476842979027367,-3.6207195739911047,0.0907201048047815,1.1850457211001206,14.706026231724325
21.6969582994178,9.421457830298593,-8.84649443859919,-0.0892065088406783,-3.113739410264144,14.830261046989907
21.697102533868183,-8.386068465549158,8.986703409983763,0.0896741692010168,3.0668185891940256,14.791540232648073
21.698688848917417,-13.253089147418006,-8.193240980845646,0.0902586874018994,-0.4685533178408332,14.74356772183015
21.70029332049898,4.807433260273972,8.253808272601042,-0.0924324882968873,0.492607631854908,14.569170642841028
21.7005214756568,-3.7871700096436935,-7.458709030106783,0.088975443269612,0.6260160037175454,14.849505134136082
21.70082934923201,-0.3193381322908166,16.35257738739422,-0.0017371577216458,1.5876755030633565,40.0
21.70238508709653,17.402479981916976,4.045230903939135,-0.0894755741082474,-1.1438905445698864,14.807946197923371
21.702730869675488,-0.6780677533128081,3.330584753374029,0.0896515185149618,1.958861640247595,14.79340865408482
21.70664163316532,9.657563736130548,9.324795505485792,-0.0887952116587826,-0.0623889164674462,14.864567677319164
21.71110785297563,4.627209892100507,-7.6544568916294145,-0.0891859589549242,2.617279619463953,14.831969495291052
21.712628253045573,-0.1387077065817408,-1.5634396174469036,0.0900572530351761,1.4152601806285547,14.76004706881337
21.713420627630747,-0.3735820415425266,21.36516424706089,-0.0003333333333333,1.5879510957234495,40.0
21.713742988283883,-0.4604619239361582,26.36006000426497,0.0003333333333333,1.5889371056107182,40.0
21.71375309562868,-0.7207563432233961,41.35811895666132,-0.0003333333333333,1.586988649545137,40.0
21.71440443892644,17.38013795054242,-3.5854079622719057,-0.0869787094175153,-2.002441226002842,15.018982985773889
21.716554750023143,0.0511882057000487,1.3455320491854603,0.037427364960383,1.5623407269144924,22.8954441963434
21.71660448183218,-6.340640763691317,-8.752631633384032,0.0914369292574684,0.3183934144423881,14.648269123295345
21.716691003648112,-11.244714059123863,-8.915219826354488,0.0870529088342551,-0.2405592539535606,15.012580990991184
21.7172112646968,14.118772681093075,-7.376743050779315,-0.0914784909937658,-2.57197493101616,14.64494118247901
21.72779001789683,-0.1930667261700609,11.195618285373948,-0.0005484230779906,1.5910714669690569,40.0
22.41510283411288,-2.279086829057931,5.985481068920796,0.0906508799070058,2.278737770923229,14.711640174250418
22.424017529509896,1.6177181121211328,5.465424257732011,-0.0961154504449268,0.9656776638991268,14.287315642880692
22.425005199354352,-0.5634149585500445,32.07034805835372,-0.0001111111111111,1.588798824996413,40.0
22.42501113980869,-0.6496732295492134,37.06990727489802,-0.0003333333333333,1.5877354467574556,40.0
22.42589690752948,-0.1483298307141662,7.106467361310996,-0.0035969536099731,1.6159617610081838,40.0
22.426962316898607,-15.023820757046051,-7.016054927722688,0.0878329695363392,-0.7097471357536291,14.945768335194218
22.429655475376336,-6.341754930833552,8.603319073966892,0.0840342067418486,2.816750065662674,15.279842057031171
22.42973877596437,18.248622481315707,0.5610867296859318,-0.0881005405241645,-1.5320156044796995,14.923055367011216
22.430641522881373,-7.689805570291828,-9.08087165040284,0.0869476725692245,0.149921704959978,15.021663304472415
22.432315826999844,-15.590227263960683,6.359480635402165,0.0872733946025306,-2.3756359076305933,14.993605472986085
22.432393071328253,-4.34447712138118,7.694271635819431,0.0867804541058743,2.5803436676213125,15.036128898564272
22.43602333075236,14.883489096141972,7.335823769599896,-0.085888910462006,-0.6584573128201746,15.113965499444342
22.436602849406857,18.0844149008404,-1.5382932905089537,-0.086750153311679,-1.755629322109041,15.038754609305697
22.43778738228074,13.031301905114107,8.489345049259262,-0.0862291990001401,-0.4273939718558532,15.08411404740578
22.438316412622047,-16.52275376760726,-5.392513437617763,0.0858572042719779,-0.9631173443160568,15.116755926017149
22.438563962933674,0.8335021017394375,-3.4938238057269624,-0.0906354494208351,1.99375939023355,14.71289241935017
22.438784685455108,8.164106121801924,9.310513325936398,-0.0864505163982697,0.1204715558573889,15.064793876237646
22.439089012964367,0.5932058447405115,3.422945589452839,-0.086549365412588,1.227651675615111,15.056188681750738
22.439605401529285,-11.262487211774513,8.78020819966627,0.086883473890325,-2.9082511012314827,15.027212010811592
22.439723853768136,16.76674522850513,5.261699747954293,-0.0857397273520277,-0.9712406821906552,15.127108427674177
22.439792585607737,-17.789851800252347,-2.924745990084629,0.0859084713618677,-1.271062148477802,15.11224473692683
22.43995639079755,11.536948924623616,-8.556820451504477,-0.0867757487546317,-2.863455754154841,15.036536549863468
22.439956709810083,-13.86515409755332,7.705679852499768,0.0866968042134208,-2.606125998828968,15.043380912238309
22.44045625144119,2.4063184453148247,-5.9071453331997485,-0.0868881018788361,2.322979218369323,15.026811807051176
22.442059906583555,3.5827474775711305,7.475279157653795,-0.0866664595630194,0.6683041076346049,15.04601423151903
22.44237606843001,-17.22914408639715,4.084067091606561,0.0866957734006826,-2.0576580849003765,15.043470343839784
22.44245836955948,-1.747833808694807,-5.46823256376014,0.0862494892962198,0.9234854804441148,15.082339685632055
22.44271820229597,-17.96973437180425,2.096102432970337,0.0862890426601158,-1.8254910592741584,15.078882591225277
22.442936591939706,-0.2282266821710514,1.3876713846975337,0.0176070937437982,1.7712405854731188,33.38053789816223
22.442942721452876,6.595458621317288,-8.515044124912958,-0.0866652188980874,2.8717097575599,15.046121926279769
22.443095523159897,-18.21037252399369,-0.7548616550612174,0.0871152568396514,-1.5084594320210458,15.007207872091202
22.443282324981155,15.833599931583125,-5.953801460608353,-0.0866629950360191,-2.3045692421655994,15.04631497233748
22.443424938280085,0.1870374068040465,-1.4933188713664056,-0.0866113750709961,1.775625998391016,15.050798018564132
22.44378260960704,-0.4665387848607416,-2.9284068943038037,0.0867832004913819,1.249610382875507,15.035890978914294
22.44436541506007,8.674340616315838,-8.867309459217736,-0.0864818611573842,3.1055890937560204,15.062063594637756
22.44490293464164,-9.131779304076243,9.042567393910549,0.0866643179427176,3.1304135777094078,15.04620013431866
22.446524445447064,-12.585853373850028,-8.530960541884083,0.0873794469502364,-0.4042084098428056,14.984503952669902
22.44823920062897,5.466450350675929,8.607530641361587,-0.0889278993457408,0.4256366196225263,14.853474088039716
22.448420289071716,-3.181096564489198,-7.020499475001008,0.0862218953358093,0.689167633208435,15.084752897286526
22.44867559867904,-0.3319605615681329,17.100317106207616,-0.0015815993518297,1.586492642213508,40.0
22.450407934239664,-0.9609874802024976,4.022666700120198,0.0866578205443127,2.0227819438310437,15.046764181485202
22.450469789187785,17.712229145807882,3.3642858422991777,-0.0864370486742975,-1.2072320970301929,15.065967436877012
22.454472268250136,10.403939423897034,9.278169423916928,-0.0855498054840368,-0.1249411278891883,15.143890128040209
22.45860487906019,3.980125596425945,-7.280246097695542,-0.0858442195121952,2.5537757623832205,15.117899146475828
22.46015800324569,-0.0229080257196461,-0.8249335840616012,0.0867416465351264,1.4795888032030606,15.03949201007582
22.462160557519034,-0.3864258720455868,22.11379400777517,-0.0003333333333333,1.5879258099168412,40.0
22.462181194163595,17.067294033089567,-4.264597743544977,-0.0842774551982178,-2.064759116309098,15.257775422314388
22.462492600206662,-0.4740440800521064,27.108686417364154,0.0003333333333333,1.5889764811804774,40.0
22.46250269429951,-0.7328798085900914,42.10677039965547,-0.0003333333333333,1.5869183818179664,40.0
22.464556184773887,-10.518383740528169,-9.093395575066149,0.0843885616479234,-0.1781520675466457,15.247727997163857
22.46483510393579,-5.630016533709485,-8.518404675891341,0.0881146259110733,0.384192844544378,14.921862585326569
22.46546702482564,13.488661115957989,-7.780284991659064,-0.0881855923037941,-2.6378250288039355,14.91585734200782
22.466443990950243,0.0575288935184463,2.0953944827932567,0.0290665341817203,1.5805973247702525,25.98037441517755
22.4762023528565,-0.2082398515548718,11.943876796442042,-0.0005057747633078,1.590692954866469,40.0
23.162654509593647,-2.76519819951832,6.5533976499634985,0.0869344966700635,2.3426366593550503,15.022801599126314
23.17054876380581,2.042389625749176,6.079397375459695,-0.0914084076219468,0.8880985413786173,14.650554227306598
23.172505627616736,-0.5768711068042709,32.81772736120242,-0.0002444444444444,1.5887939708559264,40.0
23.172511446234488,-0.6623346213946917,37.81730034234192,-0.0003333333333333,1.5876728390973414,40.0
23.173268262617142,-14.45772778786626,-7.502379217533563,0.0848091410813831,-0.6470437632399395,15.209873732468203
23.174493447570104,-0.1821290245050484,7.854300493941452,-0.0048400323887013,1.610763538732515,40.0
23.17614812427951,18.27756151992894,-0.1847614098816132,-0.085124318869111,-1.5949768590705762,15.181690226405417
23.176467564231707,-6.952345627331425,-8.96947453874752,0.0838893550443024,0.2127098690259719,15.293028057159985
23.17760764113051,-7.050589929615377,8.842035195664465,0.0816671308882022,2.8747197176724,15.49969646887272
23.17899047998192,-4.976539772824667,8.091643621820703,0.0840133959041499,2.6422567727948643,15.281734391198306
23.1798694432891,-16.129003691699026,5.8412563884388895,0.085362895942679,-2.311207421112036,15.160460305698765
23.18320151465715,15.474460070932633,6.87862737256878,-0.083848309837201,-0.7200283184201655,15.296770656273514
23.18337291158173,17.947171724485344,-2.2723435859960155,-0.0840250235425274,-1.817528562512089,15.280677000752585
23.1846282397264,13.71096370966129,8.179779066325352,-0.0835156344099087,-0.4888294599365844,15.327206521831512
23.18518806370339,-11.987863958730156,8.607807268373321,0.0835501187037546,-2.8460626589539264,15.324043174348745
23.185197443527315,-16.096311959113336,-6.005684423799062,0.0831568074445195,-0.902020449592652,15.360239468445249
23.185651778715304,8.905559977997205,9.40027208109755,-0.0837655820331083,0.0588207666334844,15.304322330973312
23.185965084728185,0.8444923535539957,4.126279761139159,-0.0838687168211155,1.1659057483475337,15.294909555774796
23.186004468036288,0.5267045331081377,-2.8122502142858243,-0.0877581396162262,1.9257845713765696,14.95213891010768
23.186666789698084,17.18822695810885,4.645033792070636,-0.0830938015060824,-1.0323238963766768,15.366061751550458
23.18673133628605,-17.569305998548295,-3.638382484818188,0.0832779910651178,-1.2098203502624547,15.349059655505974
23.186858550724637,10.81875122421728,-8.761893364476402,-0.0840982005877695,-2.925404568614783,15.274027483674232
23.186865677489767,-14.507518677022835,7.324575204085085,0.0840243260165579,-2.544243050958324,15.280740425956775
23.18736830043295,1.8960024903002228,-5.361750765032256,-0.0842313307529246,2.260917836666462,15.261952322716228
23.18904670808251,4.169037745135841,7.9381538747993075,-0.0840184765439473,0.6064392398051554,15.281272342606217
23.18906164470938,-1.2975996099575031,-4.872660891539291,0.0838885230617932,0.9854894563346368,15.293103892019005
23.189372940092667,-17.5786300099479,3.4238671858858254,0.0840539720777652,-1.995766962082209,15.278045441316817
23.1897505742703,-18.157949178454043,1.373169136368659,0.0836214987803878,-1.7639976388728555,15.317501484521983
23.18996328357193,5.875478616077633,-8.31587456829402,-0.0840337141841962,2.809846556011392,15.279886837287629
23.190099989209934,-18.1638367376795,-1.5004152030313294,0.0845001324182256,-1.4461794149494551,15.237658530495665
23.19031182668509,15.33333193265938,-6.508585207368169,-0.0840484430951757,-2.366444746661363,15.278547947074058
23.1904210181217,-0.3770543552582612,2.120189842559228,0.0302133655083934,1.803035755574381,25.482542793196043
23.19046811787344,0.0350885289494726,-0.761892148655454,-0.0839884543289824,1.7138057486483629,15.284003260769865
23.190486857819263,-0.2308101682613905,-2.2198878376692344,0.0830144405336181,1.3113720085412113,15.373404808993907
23.191022061502125,7.928167846800026,-8.840432969320492,-0.0841307059138571,3.043376410252903,15.271076543812152
23.19199163415123,-9.878821321585558,9.050918981217144,0.0840717430775046,-3.0908812126264915,15.276430646315267
23.193654157300056,-11.89893184907868,-8.824799996585687,0.0848701205342085,-0.3415716212238158,15.204408643572735
23.19523266505991,6.146794112707823,8.915964753234483,-0.0854696061916763,0.3614176616559812,15.150993415085
23.19564886532645,-2.604403796526782,-6.545340557846414,0.0839158818858508,0.7508644982022473,15.29061073785898
23.196513217475207,-0.3436983747181887,17.84806260290363,-0.0014259987730703,1.5854261694068252,40.0
23.197577977764,-1.287315953235792,4.694807162842031,0.0840210451988368,2.084831420573876,15.28103875739159
23.197805152701875,17.977987385397874,2.6657998341008997,-0.0838385735626114,-1.2689024658730357,15.297658836099933
23.20188892080508,11.14552996766238,9.185029110871197,-0.0827685742772202,-0.1856578206620889,15.396221156162603
23.205612406311552,3.3585008214872154,-6.865996311995453,-0.0827828821755916,2.492491477599113,15.394890600739531
23.20718933881861,0.0451324248505251,-0.0810073018171461,0.0836709941288898,1.5416687730427387,15.31297035535776
23.20935888109819,16.713043132087982,-4.92245851528357,-0.0819610872269881,-2.125416893544605,15.471876736929392
23.21090052524367,-0.3992507734852779,22.86242413084754,-0.0002888888888888,1.5879081424923738,40.0
23.21124223040245,-0.4876557140812583,27.85731231334785,0.0003333333333333,1.5890129357276048,40.0
23.211252326830376,-0.7449506684374274,42.85542272654536,-0.0003333333333333,1.586851243681473,40.0
23.211819940373484,-9.782947042482402,-9.22581907600292,0.0821077778011987,-0.1173774791601998,15.458049999259842
23.212360464676077,-4.936984825892036,-8.238223989709157,0.084959592949875,0.4476678066550534,15.196400616168363
23.21301613399209,12.83398000123504,-8.141148274136896,-0.0850615781167745,-2.701374570355037,15.18728807632568
23.21534548048117,0.0501890290478233,2.844260003037843,0.02162707296605,1.5943339932369327,30.119002774291918
23.22463758322112,-0.2231302064685056,12.692163887992791,-0.0004631406489686,1.5903463392723982,40.0
23.908786400213103,-3.285591806374118,7.088096903883853,0.0837111812733726,2.404187787145573,15.309294316719264
23.919426678110668,-13.862390826841905,-7.952186158175971,0.082280470742056,-0.5864390516114335,15.441819745647331
23.91959446519917,2.5149539129909115,6.660562117335511,-0.0850551687469059,0.8281346716259843,15.187860281224598
23.920006053962734,-0.5903236271397176,33.565106727444274,-0.0003333333333333,1.5887865114064372,40.0
23.92001175578316,-0.6749492207369485,38.56469420414357,-0.0003333333333333,1.587610529809505,40.0
23.92232590709593,-6.223297122539856,-8.812016781614547,0.0811636780237186,0.2727205045826383,15.547693352303682
23.922400616448183,18.259518495863304,-0.9307957464577028,-0.0826337181247234,-1.6558671359841666,15.408779005869995
23.92282010826197,-0.2120295928492375,8.602029553905643,-0.0054499796190878,1.605901312271361,40.0
23.924732135681197,-7.771266418165858,9.039064150917644,0.0803607639351406,2.932975644811829,15.625170717777891
23.92536148413386,-5.631779447629777,8.449037864079967,0.0817854089088936,2.702447855471125,15.48848472394151
23.92598491760662,-16.63232680009807,5.290480436197342,0.0836366429986457,-2.2488153179462804,15.31611465630074
23.929616002531866,16.03560482140777,6.38643720939659,-0.0824080189054065,-0.7807348765270055,15.429865116990118
23.929900275557905,17.76484251891674,-2.9962628950090657,-0.0818468670456198,-1.877767029214931,15.48266861532822
23.93121321653016,14.370110998610262,7.829188166471557,-0.0813764078728069,-0.5486809022177468,15.527358329995138
23.93125126454232,-12.701583766051868,8.390518667009395,0.0806019476928292,-2.786604671033019,15.601776035458656
23.931672024494212,0.2675258938983571,-2.113074601344908,-0.0846740498360431,1.8616984558879888,15.222001873588855
23.931804815919108,-15.633395955504486,-6.591458562962435,0.081052532680241,-0.8424399655904876,15.558349653544028
23.932263835793123,9.650880812401446,9.444163054850009,-0.0816439574617334,-0.0012487785244746,15.501895965353883
23.932588634243228,1.138600949596368,4.812535441206308,-0.0817457630187819,1.1057510423831007,15.49224010401419
23.933328462082883,17.57113386659818,4.004029929024861,-0.0810303833503102,-1.0919143391787218,15.560475888218054
23.93339146494236,-17.305594990269174,-4.336922284570113,0.0812214844754735,-1.1500752149356668,15.54215968166509
23.93351010896682,10.089480049315778,-8.922056103224433,-0.0819689060423621,-2.985742189204862,15.471138815913996
23.93352045059657,-15.124874676550975,6.904616968007038,0.0819032748296806,-2.4839585073350605,15.477336210821749
23.934034657089853,1.4206516219886405,-4.785945068500242,-0.0821171644008406,2.2004610164407383,15.457166500010368
23.935403194500832,-0.8852793413384337,-4.250553420895345,0.082015889093582,1.0459642335176025,15.466706890715102
23.93577459802559,4.782611104806062,8.363747899571552,-0.0819256051379552,0.546137996287033,15.475226778592644
23.936110311025026,-17.886505369345162,2.7435514766574016,0.0819671582945058,-1.9354337892645264,15.47130375499599
23.93651042729489,-18.3013282828798,0.6403030432088084,0.0815355773619953,-1.7040234527371028,15.512195263846886
23.936720916071973,5.169437875612903,-8.07265977741756,-0.081960916088809,2.7495219532184194,15.47189288972057
23.93685740041577,-18.07101880523333,-2.241381776236397,0.0824207306397376,-1.3854792816855412,15.428675212897035
23.936987824906986,-0.0393146226070069,-1.4983664243643862,0.0796559898247491,1.3702086437626748,15.694141218841343
23.937082154476155,14.799900794105564,-7.031191314192763,-0.0819913216324239,-2.42679416181716,15.469023871465136
23.937244988179295,-0.071343944623905,-0.0227386986920082,-0.0819268589629578,1.6535087491109943,15.475108361605187
23.93735097555865,-0.5489658171746665,2.847067281044236,0.0403097797364478,1.837746911080606,22.061696314070204
23.93742216779718,7.185364895825917,-8.767242159095261,-0.0822596580553066,2.982704022420944,15.443773081780323
23.938820994557645,-10.624690595815249,9.013062418706372,0.0820374082976038,-3.0304943117980567,15.464678249150497
23.94053951836584,-11.195194513869223,-9.074982940861789,0.0828660584926023,-0.2804837646681037,15.387162488973058
23.94195458795073,6.845275169205994,9.180006120900542,-0.0823110971661771,0.3003147737510881,15.438946706710388
23.942604600649464,-2.05830496632605,-6.035714284793959,0.0821709916520435,0.811352754704577,15.452103016295414
23.944345975319703,-0.3546386599933591,18.59581533199488,-0.0012703650404578,1.5844761012536004,40.0
23.94472497880588,-1.6546843000508424,5.345398539148423,0.0819063234956706,2.145157501979189,15.477048167789787
23.944838866520875,18.20010213518068,1.9525506437675824,-0.0818191579736262,-1.3291178180387444,15.48529006017819
23.94923436826212,11.8800323091166,9.04707430583334,-0.0806163712819083,-0.2448773969214376,15.600380283716902
23.952446762195144,2.763552085701756,-6.414556884258638,-0.080199225305283,2.433335309633387,15.640898846647122
23.95406380255082,0.0668839749131944,0.6655503547942847,0.0810445483766692,1.601520257954003,15.559116009808273
23.9564171593029,16.31962671757514,-5.5575329958179776,-0.0801463150079075,-2.184515629431415,15.646060766745642
23.958958651440405,-9.040949266488177,-9.31331509873747,0.0803240212994595,-0.058133004910942,15.628743977441363
23.959569816322823,-4.263406173927237,-7.914783709586777,0.0821634961093609,0.5086036217100917,15.452807817406631
23.959640516857164,-0.4120624489655764,23.611054504271408,-0.0001555555555555,1.587898093448309,40.0
23.95999187865795,-0.501294639248334,28.60593773068486,0.0003333333333333,1.5890464692524142,40.0
23.96000199483861,-0.7569712657050491,43.6040758976358,-0.0003333333333333,1.5867872351352896,40.0
23.96024611217362,12.15799186212791,-8.459570440575806,-0.0822948003799057,-2.7624118340658725,15.440475294795409
23.963486109805213,0.0325811704242369,3.592193398842622,0.0152457418223874,1.6041219166035028,35.87244499678629
23.97309286153821,-0.2377615844308334,13.440476139943568,-0.0004213346833355,1.5900316136094983,40.0
24.65462608786048,-3.837674229814525,7.589576551923634,0.0813928036336662,0.0,15.525794355438652
24.666053631676085,-13.240512858518676,-8.36536844277268,0.0804520584389068,0.0,15.616302831682818
24.667506476176293,-0.6037705723618192,34.31248618988196,-0.0003333333333333,0.0,40.0
24.667512068784937,-0.6875172505335438,39.31208885395369,-0.0003333333333333,0.0,40.0
24.66886572506808,-5.504348157078734,-8.610934497759722,0.0790740103668286,0.0,15.751788532022816
24.66910902583795,18.19607199941061,-1.6748038047079294,-0.0808280476317325,0.0,15.579939634777151
24.66918816775788,3.0218674560365244,7.2127662270563695,-0.0787318301000135,0.0,15.785980797047593
24.670927812742622,-0.2382865091787902,9.349676336717003,-0.005605068909341,0.0,40.0
24.67138584418049,-8.501731388169869,9.193701429776254,0.0800425282578305,0.0,15.656201047858149
24.671765918884297,-17.10011898676925,4.709653635889252,0.0822772211677923,0.0,15.442124679588966
24.672083137003792,-6.307648861926346,8.76651819683023,0.0802622664005823,0.0,15.634755232469008
24.67594671935541,16.565795567318624,5.861168409804564,-0.0816261500670589,0.0,15.503586783456194
24.67675526035926,17.539163600988424,-3.708204883042741,-0.0803740793408435,0.0,15.623876385587948
24.67704005401939,0.0537419935443974,-1.3990228221386034,-0.0816891534931614,0.0,15.497607069561528
24.678104065284018,15.007368171342822,7.439638123790052,-0.0799643076287352,0.0,15.663856483685208
24.67826880766804,-13.402025262802024,8.13087098385396,0.0783589976799491,0.0,15.823490632767164
24.678695587036227,-15.136232641953864,-7.1488403563853,0.0796913029089974,0.0,15.690663656270257
24.679181233409512,10.397797627628565,9.443230320686732,-0.0802365045871429,0.0,15.6372649523604
24.67952082265796,1.4735726066363624,5.480144370947291,-0.080332133446708,0.0,15.627954851785198
24.680262440204054,17.915311494792345,3.3411180737058013,-0.0796926336627511,0.0,15.69053265147247
24.68032583822771,-17.000532960125277,-5.018719993395584,0.0798814072315132,0.0,15.67198219774663
24.680474485613896,9.351568971516986,-9.03800014680398,-0.0805404540174303,0.0,15.607730903696632
24.68048358577038,-15.716051601576169,6.448038641072388,0.080485283024717,0.0,15.61307930880661
24.68101589288632,0.9807739544624337,-4.182216152310434,-0.0806970360834321,0.0,15.592581356577703
24.682044120449746,-0.5111616869338746,-3.604404325898933,0.0807760605292619,0.0,15.584952355192607
24.68280052573365,5.4209722351499625,8.751746358246525,-0.0805348526694844,0.0,15.608273660794753
24.683144509166187,-18.15290569499605,2.0456324557921493,0.0805815867682254,0.0,15.60374697319156
24.68355136035078,-18.40056023794573,-0.100117901088963,0.0801747366320722,0.0,15.64328732247284
24.68376985781288,4.47907514113193,-7.787210278913605,-0.0805911672075797,0.0,15.602819493513822
24.68392333041285,-17.933365812014923,-2.9756563551375104,0.0810243100139127,0.0,15.561059053118706
24.68393627073839,0.1095113183887583,-0.7663945533087573,0.0769918939014126,0.0,15.96335529208037
24.683994226514866,-0.7459237833316585,3.5672642706004023,0.0484257187419394,0.0,20.128294581032083
24.68412708603584,6.448065670654503,-8.649097808898407,-0.0810137123499763,0.0,15.562076803332497
24.684144435801805,14.23570043004716,-7.52086467611462,-0.0806350283307688,0.0,15.598575421170343
24.684308026849717,-0.1330649062337219,0.7217703386241492,-0.0805693332887151,0.0,15.604933470236643
24.68593803791474,-11.367201606083306,8.930229598487829,0.0807023062888982,0.0,15.592072223477006
24.68772706130524,-10.47720583863535,-9.281819800632295,0.0815089002557948,0.0,15.514733523771223
24.68927578015661,7.559148820533715,9.401079353699188,-0.0797859903373626,0.0,15.681350423382286
24.689788998600687,-1.5438550444504615,-5.4938417883301405,0.0810984667463981,0.0,15.553942969297182
24.69212066121097,18.37895109737178,1.22698663597887,-0.0805126246150067,0.0,15.610428063956018
24.692177363400617,-0.3648685056460223,19.343576747993957,-0.0011147065269452,0.0,40.0
24.692344816432065,-2.060865098368712,5.973054958449671,0.0804959867973399,0.0,15.612041230156844
24.69700923389378,12.605498848932676,8.865785725724889,-0.0792565531918857,0.0,15.733638630943888
24.69973489379468,2.195989256185681,-5.928437571557292,-0.0783299063609271,0.0,15.826428703467569
24.70142391359192,0.0439257466496414,1.412557754577152,0.0791054706102035,0.0,15.748656017218885
24.703872657822306,15.889158119177925,-6.168586600717601,-0.0790056956181785,0.0,15.758597112947127
24.706486141972597,-8.294684534768148,-9.356746645937475,0.0792054710440894,0.0,15.738711313153171
24.707223949084643,-3.6103861113120033,-7.5507074812254364,0.0799783714310772,0.0,15.662479234385389
24.70791405786325,11.463432135297063,-8.736326909111618,-0.0801335426579929,0.0,15.647307601094996
24.70838051810969,-0.4248666015904536,24.359685016040192,-2.222222222222225e-05,0.0,40.0
24.708741544520706,-0.5149586687780587,29.35456270784405,0.0003333333333333,0.0,40.0
24.70875169946953,-0.7689439433326068,44.35272987323155,-0.0003333333333333,0.0,40.0
24.711228232909217,0.0076668353670434,4.339520341065863,0.0099821420609179,0.0,40.0
24.72156531554104,-0.2521577789617311,14.18881013221176,-0.0003868492409552,0.0,40.0
