s,x,y,curvature,heading,velocity,throttle
0.0,0.3437887939973291,-16.557472116936825,0.0,1.7272964459235265,10.0825,1.0
0.09999999999999955,0.3298461002979687,-16.457615810589125,0.0,1.7095269818150258,10.165,1.0
0.2008249999999991,0.3173629138995475,-16.356735224957685,-0.15486529191384552,1.6939126887578124,10.247499999999999,1.0
0.3024749999999995,0.30627455735430975,-16.254861901785592,-0.14460018850372214,1.679214079596409,10.329999999999998,1.0
0.40494999999999953,0.2962867705651535,-16.152045881073573,-0.1129961417208359,1.6676347999735663,10.412499999999998,1.0
0.5082499999999999,0.2873150940222498,-16.048308112421026,-0.10231310723007743,1.6570658559966993,10.494999999999997,1.0
0.6123749999999989,0.2792726857326243,-15.943666714452043,-0.09184609870842955,1.6475023809686842,10.577499999999997,1.0
0.7173249999999995,0.27214889108276674,-15.838131875774065,-0.0886752701440899,1.6381959113670619,10.659999999999997,1.0
0.8230999999999997,0.26598520372267914,-15.731710219340203,-0.09025394502695565,1.6286493003318356,10.742499999999996,1.0
0.9297,0.2593403219355211,-15.62449092923327,0.03792259801537124,1.6326918492802742,10.824999999999996,1.0
1.0371249999999996,0.2532263450671344,-15.516413726332505,-0.050130740307099665,1.627306554502784,10.907499999999995,1.0
1.1453750000000005,0.24797680759400606,-15.407465123857218,-0.07726420246636868,1.6189427045857996,10.989999999999995,1.0
1.2544500000000003,0.24304144561342075,-15.297675997792199,-0.02955321989380405,1.615719187125883,11.072499999999994,1.0
1.3643500000000004,0.23839046132954483,-15.187048722809077,-0.026439244166473395,1.6128135141919875,11.154999999999994,1.0
1.4750750000000008,0.2339976758637897,-15.075585249258987,-0.02372980137920797,1.6101860319342747,11.237499999999994,1.0
1.5866250000000002,0.22984009181605117,-14.963287185518395,-0.0213702255557622,1.6078021832735294,11.319999999999993,1.0
1.699000000000001,0.23218900754060062,-14.850111558306,-0.5139709431387596,1.550044698538311,11.237499999999994,0.0
1.8122000000000003,0.23390346975763934,-14.73774963751294,0.048537282523253705,1.5555391189199432,11.319999999999993,1.0
1.9245749999999995,0.2373428217660894,-14.624601898438039,-0.13464237495466613,1.5404086820344127,11.402499999999993,1.0
2.0377749999999986,0.24005092983046603,-14.51060906192753,0.058615599589805036,1.5470439679079786,11.484999999999992,1.0
2.151799999999998,0.24160279997751075,-14.395769546955345,0.08980311444522257,1.557283768032595,11.567499999999992,1.0
2.2666499999999985,0.24285977850566864,-14.280101376614581,0.023037686219977215,1.5599296462949594,11.649999999999991,1.0
2.382324999999999,0.2436903752608279,-14.163604337557658,0.032306325625268195,1.5636666805116624,11.732499999999991,1.0
2.498824999999999,0.24412964838535486,-14.046280159895412,0.029060657365039662,1.5670522470946895,11.81499999999999,1.0
2.6161499999999998,0.24420973076587885,-13.928130187035439,0.02613489895665864,1.5701185241147795,11.89749999999999,1.0
2.7342999999999997,0.24395743179735563,-13.809155454548955,0.023685223648652103,1.5729169332888677,11.97999999999999,1.0
2.853274999999999,0.24298038864559077,-13.689359438811037,0.0507258069539914,1.5789520361712188,12.06249999999999,1.0
2.9730749999999992,0.2419933945488532,-13.56873847683654,0.00022300842391440612,1.5789787525804038,12.144999999999989,1.0
3.0936999999999997,0.2407800850125999,-13.447294537588963,0.01498808961400346,1.580786690890093,12.227499999999988,1.0
3.215149999999999,0.23934937342077484,-13.325027908088755,0.014085404852556441,1.582497363309436,12.309999999999988,1.0
3.3374249999999996,0.23763017204419234,-13.201939913765074,0.018526355380330244,1.5847626734135658,12.392499999999988,1.0
3.4605249999999987,0.235371458732941,-13.078035499642018,0.034615082661232546,1.5890237900891635,12.474999999999987,1.0
3.584449999999999,0.2330016966426131,-12.953308009778576,0.006211565483734516,1.5897935583417353,12.557499999999987,1.0
3.7091999999999983,0.2305266749245438,-12.82775740288042,0.005719877754994078,1.5905071130916708,12.639999999999986,1.0
3.8347749999999983,0.22810141330016231,-12.70138067200779,-0.0041601625853683,1.5899847006750132,12.722499999999986,1.0
3.961174999999998,0.2254321599437532,-12.574183676321889,0.01419096758742588,1.5917784389780638,12.804999999999986,1.0
4.088399999999997,0.22266347976930762,-12.446163611839435,0.005041781997163768,1.592419879692653,12.887499999999985,1.0
4.216449999999998,0.21981001538230222,-12.317320205465682,0.0040577144934816735,1.5929394700335433,12.969999999999985,1.0
4.345324999999997,0.2168610031109581,-12.187653735911585,0.004624609284120339,1.5935354665550343,13.052499999999984,1.0
4.475024999999998,0.21388185416947744,-12.057162738917215,0.0006723012553725531,1.5936226640278561,13.134999999999984,1.0
4.605549999999998,0.21088867507894699,-11.925846847346804,-0.00028004340540268793,1.593586111362366,13.217499999999983,1.0
4.736899999999999,0.20789820414971513,-11.793705681510335,-0.0012391810423835782,1.5934233449324489,13.299999999999983,1.0
4.869074999999998,0.20497256757521587,-11.660737863408984,-0.004751097168467452,1.5927953686642067,13.382499999999983,1.0
5.002074999999998,0.20208788071498401,-11.526943957693073,-0.003321107429817495,1.592353661376041,13.464999999999982,1.0
5.135899999999998,0.19925789318566448,-11.3923237004114,-0.004023365611262168,1.5918152344731138,13.547499999999982,1.0
5.270549999999997,0.19657417534204008,-11.25687528482991,-0.008970821731069252,1.5906073133270253,13.629999999999981,1.0
5.406024999999998,0.1939622601888103,-11.120600313176153,-0.0047745068460153675,1.5899604870120614,13.71249999999998,1.0
5.542324999999997,0.19151846837299064,-10.983497091089431,-0.009842852844704953,1.588618906169328,13.79499999999998,1.0
5.6794499999999974,0.18914694009314217,-10.845567477323504,-0.0045981130289350185,1.5879883899202354,13.87749999999998,1.0
5.817399999999997,0.1868524811472352,-10.706811446524314,-0.004767290613868639,1.5873307421800522,13.95999999999998,1.0
5.956174999999997,0.18471899175909767,-10.567227750402488,-0.009014196519883378,1.5860797970580054,14.042499999999979,1.0
6.095774999999996,0.18265115567551804,-10.42681797624509,-0.003992713918886083,1.585522414194929,14.124999999999979,1.0
6.236199999999996,0.18064797898189403,-10.285582181266856,-0.0038727439912143733,1.5849785841199626,14.207499999999978,1.0
6.377449999999995,0.178762859997577,-10.14351968814705,-0.006466479031661047,1.5840651939567405,14.289999999999978,1.0
6.5195249999999945,0.17691884758866847,-10.000631586409236,-0.0025640922396709923,1.5837009005517892,14.372499999999977,1.0
6.6624249999999945,0.17507520995519107,-9.856918411559898,-0.0005366395568490211,1.5836242147591155,14.454999999999977,1.0
6.806149999999995,0.17327007307231695,-9.712379683252104,-0.0023627600671761746,1.5832846270684606,14.537499999999977,1.0
6.950699999999996,0.17152234033755406,-9.567015189460506,-0.003222230634436949,1.5828188536302528,14.619999999999976,1.0
7.0960749999999955,0.16978428234228402,-9.420825521034843,-0.0009219274908560767,1.5826848284212696,14.702499999999976,1.0
7.242274999999996,0.16805297573368436,-9.273810714969512,-0.0007704250441956015,1.5825721922798082,14.784999999999975,1.0
7.389299999999995,0.16632462608990112,-9.125970817419802,-0.0005829840748101435,1.5824864790462092,14.867499999999975,1.0
7.537149999999995,0.16457810849896387,-8.977306076134909,0.00038779602121924987,1.5825438146879465,14.949999999999974,1.0
7.685824999999994,0.1627956600366835,-8.827816702340384,0.0011806072752641305,1.5827193414745964,15.032499999999974,1.0
7.835324999999994,0.16098802161355724,-8.677502571040858,0.0006832379369754222,1.5828214855461742,15.114999999999974,1.0
7.9856499999999935,0.15914146316036756,-8.526363850913027,0.0012763895750367825,1.5830133588090416,15.197499999999973,1.0
8.136799999999992,0.15727352686332613,-8.374400330820242,0.000491919425835969,1.5830877124302567,15.279999999999973,1.0
8.288774999999992,0.15538375672130414,-8.221612017233076,0.0005036046358779481,1.5831642477447943,15.362499999999972,1.0
8.441574999999991,0.153491888401251,-8.067998666708913,-0.00034530750839997906,1.5831114847575107,15.444999999999972,1.0
8.59519999999999,0.15160256616584422,-7.913560222785482,-0.000535532773637432,1.5830292135351607,15.527499999999971,1.0
8.74964999999999,0.14974683388885346,-7.758296312353225,-0.0018215588631608976,1.5827478737687455,15.609999999999971,1.0
8.90492499999999,0.1479128324505717,-7.602207086463914,-0.001303419892400629,1.582545485244953,15.69249999999997,1.0
9.061024999999988,0.1461443568398767,-7.445292051750811,-0.0030708550931976544,1.5820661247649048,15.77499999999997,1.0
9.217949999999988,0.14442129108221832,-7.2875514623503825,-0.0022100903904321094,1.5817193063303863,15.85749999999997,1.0
9.375699999999988,0.14279586670771183,-7.12898479302608,-0.004263752215010092,1.5810466994184684,15.93999999999997,1.0
9.534274999999987,0.1412182736197701,-6.969592599992517,-0.0022269602917171904,1.5806935591902094,16.02249999999997,1.0
9.693674999999986,0.13974313589715603,-6.809374390685025,-0.004331483259488508,1.580003120758647,16.10499999999997,1.0
9.853899999999987,0.13835029273451482,-6.648330413809377,-0.003483677656588972,1.57944494850612,16.187499999999968,1.0
10.014949999999986,0.1368535679556629,-6.486462333447817,0.003711184596050146,1.5800426347853138,16.269999999999968,1.0
10.176824999999987,0.13547100255283984,-6.323768207822745,-0.004624367943232185,1.579294065224503,16.352499999999967,1.0
10.339524999999986,0.13412158110492187,-6.160248775684678,-0.0015093077251134021,1.5790485008576272,16.434999999999967,1.0
10.503049999999986,0.13279461328281109,-5.995904132764993,-0.0010888261864968913,1.5788704505554803,16.517499999999966,1.0
10.667399999999985,0.1314245427099033,-5.8307348149979665,0.001342452124524224,1.5790910825621458,16.599999999999966,1.0
10.832574999999984,0.1300046022903827,-5.664740888093381,0.0015692840759435824,1.5793502890593898,16.682499999999965,1.0
10.998574999999983,0.1224349497077487,-5.498087712351729,0.22190621548117442,1.6161867208292646,16.599999999999966,0.0
11.165399999999982,0.11737669378689668,-5.332164796372534,-0.08940060160338979,1.6012724654667791,16.517499999999966,0.0
11.33139999999998,0.11309547784744532,-5.167045288696791,-0.0274335092208494,1.5967185029361182,16.599999999999966,1.0
11.49657499999998,0.10973796464274078,-5.001079246672887,-0.03447745532827171,1.591023689252271,16.682499999999965,1.0
11.66257499999998,0.10683834858109956,-4.834279447956897,-0.017140379125375534,1.5881783863174586,16.764999999999965,1.0
11.82939999999998,0.10405373323252554,-4.666652575357781,-0.004625210951236666,1.5874067855005185,16.847499999999965,1.0
11.99704999999998,0.10137602741119914,-4.49819885614525,-0.004270814987643426,1.58669078336784,16.929999999999964,1.0
12.16552499999998,0.0986561406549431,-4.328920705706296,0.0010192636977537524,1.5868625038193191,17.012499999999964,1.0
12.334824999999979,0.09586400798740936,-4.158818619827943,0.002048445681040785,1.5872093056731194,17.094999999999963,1.0
12.504949999999978,0.0931730184358757,-3.987889801089752,-0.003943835196788801,1.5865383607102657,17.177499999999963,1.0
12.675899999999977,0.0902090481363626,-3.8161403745839744,0.008855102565096253,1.5880521404937689,17.259999999999962,1.0
12.847674999999978,0.08666677747764645,-3.643576727431452,0.019028567853036697,1.5913207727367242,17.342499999999962,1.0
13.020274999999977,0.08304345214622098,-3.4701895821797275,0.0021426724622398245,1.5916905980037068,17.42499999999996,1.0
13.193699999999977,0.079282094055973,-3.295980183221701,0.003998222069933878,1.592383989666185,17.50749999999996,1.0
13.367949999999976,0.07541614787218154,-3.1209478716757926,0.002845276938507605,1.59287977917272,17.58999999999996,1.0
13.543024999999975,0.07147295880057072,-2.945092074899157,0.0019171556549427682,1.5932154251990092,17.67249999999996,1.0
13.718924999999976,0.06750881266436738,-2.7684115406844034,7.924734424614854e-05,1.593229364806862,17.75499999999996,1.0
13.895649999999975,0.06356108647418075,-2.5909054338657165,-0.001113356279976627,1.5930326069182832,17.83749999999996,1.0
14.073199999999975,0.05976342356509191,-2.4125708651993225,-0.005318725610950097,1.592088267186059,17.91999999999996,1.0
14.251574999999974,0.05621584312308774,-2.2334059839502136,-0.008374947192780981,1.5905943859805467,18.00249999999996,1.0
14.430774999999974,0.05272700751891177,-2.0534147934682156,-0.0023276646189673922,1.5901772684808277,18.084999999999958,1.0
14.610799999999973,0.04944878282951254,-1.8725945077066737,-0.0069611890904229335,1.5889240804148244,18.167499999999958,1.0
14.791649999999972,0.04647034295991729,-1.69094392411019,-0.00958080906007007,1.5871913910963107,18.249999999999957,1.0
14.973324999999972,0.04360174205461084,-1.5084664703553605,-0.0037212376867728804,1.5865153352395662,18.332499999999957,1.0
15.155824999999972,0.04133087594352567,-1.3251555356239448,-0.01825526667440396,1.5831837490714875,18.414999999999957,1.0
15.339149999999972,0.0394066008625652,-1.1410155897528422,-0.010569938462022324,1.5812460151029373,18.497499999999956,1.0
15.52329999999997,0.038305080787968106,-0.9560438695399267,-0.024407742716806863,1.5767513292816373,18.579999999999956,1.0
15.70827499999997,0.03813561014361498,-0.7702439468281544,-0.02726254411026457,1.5717084401848411,18.662499999999955,1.0
15.89407499999997,0.03905715314868226,-0.5836212221039407,-0.03148586223451682,1.565858366981668,18.744999999999955,1.0
16.080699999999972,0.04938664351429475,-0.3964560433745987,-0.2689633069029099,1.5156630898309125,18.662499999999955,0.0
16.26814999999997,0.058400893572054094,-0.210048870977998,0.03634584657046085,1.5224761187705453,18.744999999999955,1.0
16.45477499999997,0.06717329805480607,-0.02280425177736292,0.008061470380261854,1.5239805906802617,18.827499999999954,1.0
16.642224999999968,0.07616437329339142,0.16525594122225604,-0.005107749447745969,1.5230231430462817,18.909999999999954,1.0
16.83049999999997,0.08612633478453946,0.3540933562735342,-0.026196423132525175,1.5180910114810056,18.992499999999954,1.0
17.01959999999997,0.09765844924952803,0.5436679219751763,-0.042577284492629236,1.5100396469834494,19.074999999999953,1.0
17.209524999999967,0.11123816268028691,0.7339339301929825,-0.05525734326679261,1.4995448960635038,18.992499999999954,0.0
17.400274999999965,0.12712191377560322,0.9231935721564551,-0.06541583339213035,1.487066825843955,18.909999999999954,0.0
17.590199999999964,0.1455925622216735,1.1113893349833093,-0.07425618094965503,1.4729637206770918,18.827499999999954,0.0
17.779299999999964,0.16687624924887184,1.2984574516989273,-0.08173086128067651,1.457508414808916,18.744999999999955,0.0
17.967574999999965,0.19120597863004543,1.484321829050368,-0.08961608594671264,1.4406359462272986,18.662499999999955,0.0
18.155024999999963,0.21865227418121203,1.6689175805873897,-0.09304635932478356,1.423194406171868,18.579999999999956,0.0
18.341649999999962,0.24933181958667003,1.8521671521932035,-0.09794572307748953,1.4049152856025315,18.497499999999956,0.0
18.527449999999963,0.2817149098708393,2.034285482101665,-0.0543227805492922,1.394822112976473,18.579999999999956,1.0
18.71242499999996,0.31821914427227793,2.21646418796699,-0.11776092368303033,1.3730392861182046,18.497499999999956,0.0
18.89822499999996,0.358464106435993,2.3970080708471393,-0.11607549458751884,1.3514724592238436,18.414999999999957,0.0
19.08319999999996,0.4023740604953343,2.575846373328756,-0.115919457874047,1.3300302575035918,18.332499999999957,0.0
19.267349999999958,0.44987490604634917,2.7529105574455293,-0.11583900419720908,1.3086985048806759,18.249999999999957,0.0
19.450674999999958,0.5008604015226692,2.9281439140048158,-0.11478404415700637,1.2876557199855927,18.167499999999958,0.0
19.63317499999996,0.5552940447753372,3.1014724578377377,-0.11591649846068747,1.2665009590165173,18.084999999999958,0.0
19.814849999999957,0.6114221320245565,3.2733920911602405,-0.06205215045985062,1.255227634581724,18.00249999999996,0.0
19.995699999999957,0.6713203673524183,3.443160174231258,-0.1306033891895591,1.2316080116467922,17.91999999999996,0.0
20.175724999999957,0.7347487860037016,3.6107593261008226,-0.12557305168194524,1.20900172301775,17.83749999999996,0.0
20.354924999999955,0.8015238614016909,3.7761640718930543,-0.12222926977386975,1.1870982378742727,17.75499999999996,0.0
20.533299999999954,0.8714988457952129,3.939343433514327,-0.1200045050086152,1.165692434293361,17.67249999999996,0.0
20.710849999999954,0.9445512625099466,4.100262885530349,-0.118533463063869,1.1446468179263711,17.58999999999996,0.0
20.887574999999956,1.019038975277948,4.259612785582378,-0.06291501587502805,1.1335281617458568,17.659113376070948,0.8377378917695447
21.063474999999954,1.0975026367900933,4.417814815736863,-0.1316160741705636,1.1103768942992547,17.57661337607095,0.0
21.240066133760664,1.1790759522680205,4.5735053034974396,-0.12571685107228384,1.0881764130355738,17.49411337607095,0.0
21.415832267521374,1.2635866728570675,4.726679512772377,-0.12260673557636681,1.066626301150294,17.41161337607095,0.0
21.590773401282082,1.3494175468048428,4.8781704006605215,-0.06464582540176272,1.0553170871616129,17.421113092030534,0.11514807223739243
21.76488953504279,1.4388227350912302,5.027690400807684,-0.13456585864517276,1.0318870001181253,17.338613092030535,0.0
21.939100665963096,1.5311052861514882,5.174478278935696,-0.1281872764765335,1.0095553497135545,17.256113092030535,0.0
22.112486796883402,1.6260821057340822,5.318550301363612,-0.12455750864033582,0.9879588052133342,17.173613092030536,0.0
22.285047927803706,1.722219364100126,5.460856050429969,-0.06549843918729863,0.9766563204736591,17.256113092030535,1.0
22.45678405872401,1.8221326549041315,5.601549611850558,-0.13604861716525346,0.9532918573446406,17.173613092030536,0.0
22.629345189644315,1.924662108229601,5.739321197688338,-0.12907624074215418,0.9310183152672329,17.091113092030536,0.0
22.80108132056462,2.0296287288233716,5.874201230434409,-0.12543625211126444,0.9094763786525003,17.008613092030537,0.0
22.971992451484926,2.1355931562181127,6.007245704420907,-0.0658700523243968,0.898218453515958,17.091113092030536,1.0
23.142078582405233,2.2451496454741457,6.138424934233978,-0.13664404269404135,0.8749771969808194,17.008613092030537,0.0
23.31298971332554,2.357043366203854,6.266522893595949,-0.1296659781976249,0.8528158380051757,16.926113092030537,0.0
23.483075844245846,2.4698530623089163,6.392710463923237,-0.06761877570482647,0.8413148220679738,17.008613092030537,1.0
23.65233697516615,2.5861745681041963,6.516801556355199,-0.13948970091621252,0.8177046375391606,16.926113092030537,0.0
23.822423106086458,2.7046612307000792,6.637674387162251,-0.13133247093924816,0.7953668056929004,16.843613092030537,0.0
23.991684237006762,2.8251257040307673,6.755398814808183,-0.1268560672616625,0.7738950042840891,16.761113092030538,0.0
24.160120367927068,2.946300153912176,6.87120142231044,-0.06626342779501322,0.76273384888478,16.843613092030537,1.0
24.327731498847374,3.070706863941921,6.9847518547137435,-0.13678625294270996,0.7398069503347015,16.761113092030538,0.0
24.49616762976768,3.196933632228231,7.095025578584745,-0.12919644514756146,0.7180456009853887,16.678613092030538,0.0
24.663778760687986,3.3237636668061836,7.203338808599923,-0.06701329848171549,0.7068134262401684,16.761113092030538,1.0
24.83056489160829,3.453685410705278,7.309234189380209,-0.13760418549961487,0.6838629565422476,16.678613092030538,0.0
24.998176022528597,3.5852195330984866,7.411783631668374,-0.12922578409286462,0.6622032767263794,16.59611309203054,0.0
25.1649621534489,3.717232515337609,7.512360316325803,-0.06684471248668673,0.6510545057582446,16.678613092030538,1.0
25.330923284369206,3.852165470044561,7.610394551169642,-0.13700441014474135,0.628317098909554,16.59611309203054,0.0
25.49770941528951,3.988490029907033,7.705045020553845,-0.12845954134178836,0.6068918290293601,16.51361309203054,0.0
25.663670546209815,4.125166589224959,7.797724359504562,-0.06640558033965568,0.5958710838167717,16.59611309203054,1.0
25.82880667713012,4.264583989366315,7.887757050868153,-0.1360671199673516,0.5734014860798942,16.51361309203054,0.0
25.994767808050426,4.405174821044752,7.974383604437446,-0.127642806646385,0.5522177415350182,16.43111309203054,0.0
26.159903938970732,4.545994342627905,8.059047705952796,-0.06599763679640597,0.5413191471445762,16.51361309203054,1.0
26.324215069891036,4.689377195356814,8.140970225925319,-0.13528263540969884,0.5190907043265293,16.43111309203054,0.0
26.489351200811342,4.8337230259306345,8.219471365663946,-0.12709881392695388,0.49810209795007226,16.34861309203054,0.0
26.653662331731645,4.9781794886215875,8.296022298970527,-0.06574676364237761,0.4872991728616432,16.43111309203054,1.0
26.81714846265195,5.125025604498246,8.369740451390735,-0.1348445708653609,0.46525395569525635,16.34861309203054,0.0
26.981459593572257,5.27263234286074,8.440025341611019,-0.12693611853257292,0.44439693850453527,16.26611309203054,0.0
27.144945724492562,5.420236711180066,8.508374401336265,-0.06568753814612358,0.4336579370433456,16.34861309203054,1.0
27.307606855412867,5.570060100496267,8.573801207899763,-0.13479035917479756,0.4117327847828189,16.26611309203054,0.0
27.471092986333172,5.720448350014859,8.635785221314567,-0.1271535543405088,0.3909449421509243,16.18361309203054,0.0
27.633754117253478,5.870725444537639,8.695849587897806,-0.06581275411794439,0.38023976513711943,16.26611309203054,1.0
27.795590248173784,6.023052326562657,8.752903637051299,-0.13509705441739353,0.3583761805514785,16.18361309203054,0.0
27.95825137909409,6.175230153230114,8.807974884921885,-0.06855166795944691,0.3472254887147216,16.26611309203054,1.0
28.120087510014397,6.329396116382994,8.859854546808,-0.13971690355538532,0.3246142456191526,16.18361309203054,0.0
28.282748640934702,6.4838429030438895,8.908198350561717,-0.13071574429850666,0.303351874822468,16.10111309203054,0.0
28.44458477185501,6.638018085796016,8.954615990566182,-0.06743251992335357,0.2924388566998661,16.18361309203054,1.0
28.605595902775313,6.793982089220417,8.997815098277893,-0.13807498617050076,0.2702072470247482,16.10111309203054,0.0
28.76743203369562,6.9500210766169666,9.037519237766052,-0.13003671308966738,0.24916260850072253,16.01861309203054,0.0
28.928443164615924,7.105678916986724,9.075337662781383,-0.06721250142759447,0.23834064763388288,16.10111309203054,1.0
29.08862929553623,7.262939383722693,9.109888059048588,-0.13780757769714444,0.21626578495107798,16.01861309203054,0.0
29.249640426456534,7.419770650155671,9.142500179621242,-0.0698309774715907,0.2050222202951068,16.10111309203054,1.0
29.40982655737684,7.57811510323875,9.171682682222222,-0.14214523765908924,0.18225252464575004,16.01861309203054,0.0
29.570837688297143,7.736233420847605,9.197337977499467,-0.132913242813149,0.1608520131061198,15.936113092030542,0.0
29.731023819217448,7.8938076772083505,9.221135535789273,-0.06842261156673903,0.14989165969178092,16.01861309203054,1.0
29.890384950137754,8.052691280119097,9.241521738606805,-0.13980742756534875,0.12761178992390831,15.936113092030542,0.0
30.05057108105806,8.21097584349066,9.260014089632907,-0.07060062613865802,0.11630254878220568,16.01861309203054,1.0
30.209932211978366,8.370462732215183,9.274964971352356,-0.1432725194903414,0.0934704780464233,15.936113092030542,0.0
30.37011834289867,8.52940986309606,9.286444502393993,-0.13342812749284366,0.07209714254740346,15.853613092030542,0.0
30.529479473818977,8.687649397875875,9.29613751223861,-0.06851286023324572,0.06117885565804863,15.936113092030542,1.0
30.68801560473928,8.84688915895757,9.302355915477674,-0.1397039188755424,0.03903073688511593,15.853613092030542,0.0
30.847376735659587,9.005363993720136,9.306764039132615,-0.07041858562095878,0.027808751442751547,15.936113092030542,1.0
31.00591286657989,9.164722987048545,9.307589444217847,-0.14273885156627467,0.005179486183426663,15.853613092030542,0.0
31.165273997500197,9.323238846026138,9.305054240128225,-0.1328523515819147,-0.015992014810089245,15.771113092030543,0.0
31.3238101284205,9.480893325684532,9.30082743757748,-0.06819965410093438,-0.026804124101354486,15.853613092030542,1.0
31.481521259340806,9.639241206113857,9.293103865170849,-0.13907215000955891,-0.04873735015888047,15.771113092030543,0.0
31.640057390261113,9.796669933196732,9.28367005866301,-0.07011258318398962,-0.05985272782569827,15.853613092030542,1.0
31.797768521181418,9.954669780368395,9.270641125440697,-0.14217640940697457,-0.08227553014346059,15.771113092030543,0.0
31.956304652101725,10.111540455229974,9.254380984462397,-0.13251734875472598,-0.10328431789485162,15.688613092030543,0.0
32.11401578302203,10.267407922851522,9.236531877695128,-0.06805896611062345,-0.11401797440942477,15.771113092030543,1.0
32.27090191394234,10.423666991115468,9.215179959714645,-0.13886066851070214,-0.13580328742907605,15.688613092030543,0.0
32.428613044862644,10.578864538904794,9.192223931414375,-0.07004459466757687,-0.14685009966895402,15.771113092030543,1.0
32.58549917578295,10.73432489367212,9.165674375640714,-0.14213033430411542,-0.16914837790433612,15.688613092030543,0.0
32.743210306703254,10.888385293994116,9.136032325648017,-0.132737066786782,-0.19008249082232362,15.606113092030544,0.0
32.90009643762356,11.041311322004821,9.104908274803158,-0.06819473375063995,-0.20078129874960185,15.688613092030543,1.0
33.05615756854387,11.194329876585206,9.070287760230533,-0.1391954968582441,-0.22250430540831315,15.606113092030544,0.0
33.21304369946417,11.346155038883078,9.034174096924941,-0.0702391649046967,-0.23352385622928437,15.688613092030543,1.0
33.36910483038448,11.497937239672172,8.99448251596925,-0.14258522126665732,-0.2557758671126809,15.606113092030544,0.0
33.525990961304785,11.648468158800274,8.953305836032985,-0.07161425276657542,-0.2670111501479777,15.688613092030543,1.0
33.68205209222509,11.798820385851872,8.908501082984147,-0.1448694287746497,-0.2896196370383281,15.606113092030544,0.0
33.8389382231454,11.947405893054734,8.860778723094958,-0.13481943145785416,-0.310770936012626,15.523613092030544,0.0
33.994999354065705,12.094685117780887,8.811716657227638,-0.0691403106946038,-0.3215610510918072,15.606113092030544,1.0
34.15023548498601,12.241632792309952,8.759167085063586,-0.1409130673346724,-0.34343585046095415,15.523613092030544,0.0
34.30629661590632,12.387215528756796,8.705279023382404,-0.07099587074043419,-0.35451554633937815,15.606113092030544,1.0
34.46153274682663,12.532325178972737,8.647848491447448,-0.14392179260102858,-0.3768574085778764,15.523613092030544,0.0
34.617593877746934,12.676015128447288,8.589099408364328,-0.07217396076106056,-0.3881209585172453,15.606113092030544,1.0
34.77283000866724,12.819095214800562,8.526784358229838,-0.14578524743106772,-0.4107520962737037,15.523613092030544,0.0
34.92889113958755,12.96007709062395,8.461804614982997,-0.1354354592648992,-0.4318883072132947,15.441113092030545,0.0
35.08412727050786,13.099606002537055,8.395664762454945,-0.06932810522853759,-0.4426505340330087,15.523613092030544,1.0
35.23853840142816,13.23839930891271,8.326132939176539,-0.14102537292900474,-0.46442642135543405,15.441113092030545,0.0
35.393774532348466,13.37568551019842,8.255455529145982,-0.07089333427629414,-0.4754316282765258,15.523613092030544,1.0
35.548185663268775,13.512098052939978,8.181361841655827,-0.14341022782593082,-0.4975757637406665,15.441113092030545,0.0
35.70342179418908,13.646956269352575,8.106155067904384,-0.0717568983450568,-0.5087150270065948,15.523613092030544,1.0
35.85783292510939,13.780812215875077,8.0275367371941,-0.1446799173967043,-0.5310552166732763,15.441113092030545,0.0
36.0130690560297,13.912297704568019,7.946577712896212,-0.13429404721058258,-0.551902504967876,15.358613092030545,0.0
36.16748018695001,14.042219778474573,7.864669506207936,-0.06864725278219799,-0.5625024049045473,15.441113092030545,1.0
36.32106631787031,14.171044974035038,7.7795409778470175,-0.13954508301839577,-0.5839345942942956,15.358613092030545,0.0
36.47547744879062,14.298257456794968,7.693484694862428,-0.07013010858374359,-0.5947634636722753,15.441113092030545,1.0
36.62906357971092,14.424237175243684,7.6041991535263875,-0.14192181283365074,-0.6165606857985915,15.358613092030545,0.0
36.783474710631225,14.548561821110306,7.5140210960999365,-0.07106053269454243,-0.6275332230157551,15.441113092030545,1.0
36.93706084155153,14.671526944592841,7.420627435934952,-0.14342907569268862,-0.6495619398128708,15.358613092030545,0.0
37.09147197247184,14.7927996906922,7.32638508523958,-0.0716623505461654,-0.6606274044051116,15.441113092030545,1.0
37.24505810339214,14.912592286840695,7.22895546315219,-0.14442982753177913,-0.6828098228052045,15.358613092030545,0.0
37.39946923431245,15.030658930403684,7.130726306132295,-0.07207762771148388,-0.6939394108141875,15.441113092030545,1.0
37.55305536523275,15.14712884067876,7.029348017763418,-0.14515238671609657,-0.7162328042837607,15.358613092030545,0.0
37.70746649615305,15.260854698987428,6.926124334613541,-0.13467126364511936,-0.7370275464056701,15.276113092030545,0.0
37.861052627073356,15.372877186564505,6.822264210421942,-0.06888220157308579,-0.747606897234553,15.358613092030545,1.0
38.01381375799366,15.4832433245913,6.715455899939472,-0.14015595897792635,-0.769017280033241,15.276113092030545,0.0
38.16739988891396,15.591859591917125,6.608038631345192,-0.07051992212531177,-0.7798481620252689,15.358613092030545,1.0
38.320161019834266,15.698679008773217,6.49768324274276,-0.14290446547328636,-0.8016784097845299,15.276113092030545,0.0
38.47374715075457,15.80371022556386,6.386758012882608,-0.07165738637758035,-0.8126839905101239,15.358613092030545,1.0
38.62650828167487,15.906815306975385,6.272924617966213,-0.14484817442891826,-0.834811161447627,15.276113092030545,0.0
38.780094412595176,16.008099881694335,6.15856816627217,-0.07247794368112372,-0.8459427683946706,15.358613092030545,1.0
38.93285554351548,16.107337217491057,6.041347644199292,-0.14627037056249392,-0.8682871956219292,15.276113092030545,0.0
39.08644167443579,16.204726605401728,5.92365622462065,-0.07308400332115957,-0.879511884924193,15.358613092030545,1.0
39.23920280535609,16.29995446803385,5.803155793959234,-0.14731963968627354,-0.9020165996894401,15.276113092030545,0.0
39.392788936276396,16.393311302514707,5.682240680860149,-0.07352832691441799,-0.9133095309332689,15.358613092030545,1.0
39.5455500671967,16.48439858989818,5.558580640070127,-0.14807859253603184,-0.9359301841941603,15.276113092030545,0.0
39.699136198117,16.572382052196833,5.433701204285078,-0.13734867655049054,-0.9570250360125747,15.193613092030546,0.0
39.85189732903731,16.65855293407027,5.308564610931309,-0.0702239673308909,-0.9677525286797521,15.276113092030545,1.0
40.00383345995761,16.74244234454072,5.180898914947733,-0.14277055474003297,-0.9894445343762984,15.193613092030546,0.0
40.156594590877916,16.824482126347924,5.053015913418763,-0.07174260556467937,-1.0004040159375283,15.276113092030545,1.0
40.30853072179822,16.90411214990689,4.922650954675819,-0.14514059676323798,-1.0224561166491988,15.193613092030546,0.0
40.461291852718524,16.981868989485,4.7921194957172375,-0.07261478875871262,-1.0335488339015189,15.276113092030545,1.0
40.61322798363883,17.057109589628805,4.659172832690101,-0.1464058397657678,-1.0557931707396677,15.193613092030546,0.0
40.76598911455913,17.130464013538433,4.526117519485708,-0.07303217196373615,-1.0669496479224143,15.276113092030545,1.0
40.91792524547944,17.201211884523175,4.390726597075168,-0.1469436119435156,-1.089275691784567,15.193613092030546,0.0
41.07068637639974,17.270067947107126,4.255288675781067,-0.07317969305043123,-1.1004547044553517,15.276113092030545,1.0
41.22262250732005,17.336237816234224,4.117602396363858,-0.14708048769015608,-1.1228015446888655,15.193613092030546,0.0
41.37538363824035,17.40051518145441,3.9799324715458972,-0.07318840435880307,-1.133981888108969,15.276113092030545,1.0
41.527319769160655,17.462033622205205,3.840105991336883,-0.14702746816525605,-1.1563206727610063,15.193613092030546,0.0
41.68008090008096,17.520315125140243,3.699792576815443,-0.13611324141996062,-1.177113485453548,15.111113092030546,0.0
41.832017031001264,17.57680448376619,3.5596372121302378,-0.06944710860837351,-1.1876650104391067,15.193613092030546,1.0
41.98312816192157,17.630587105076174,3.417538593121962,-0.14099683104618838,-1.2089712010346754,15.111113092030546,0.0
42.135064292841875,17.68255483642046,3.2756445171816972,-0.07077790087732311,-1.2197249214486368,15.193613092030546,1.0
42.28617542376218,17.731708145312684,3.1318789437505803,-0.1431505564227842,-1.2413565639215547,15.111113092030546,0.0
42.438111554682486,17.7790355146221,2.988370428315908,-0.07163208383807562,-1.2522400655896708,15.193613092030546,1.0
42.58922268560279,17.82345825256762,2.8430734626474674,-0.14455592452674312,-1.2740840748261373,15.111113092030546,0.0
42.7411588165231,17.866051843563454,2.69808946389556,-0.07220392439463222,-1.28505445973592,15.193613092030546,1.0
42.8922699474434,17.905662154154886,2.5514074569080547,-0.14552756914740247,-1.3070452952898668,15.111113092030546,0.0
43.04420607836371,17.943445450254526,2.4050961571945306,-0.0726166581996316,-1.318078389377081,15.193613092030546,1.0
43.19531720928401,17.97817464896264,2.2571824301908325,-0.1462603681965652,-1.3401799590240844,15.111113092030546,0.0
43.34725334020432,18.011082786356177,2.1096980975269806,-0.0729438031924166,-1.3512627582557524,15.193613092030546,1.0
43.498364471124624,18.040871701799645,1.960710821574522,-0.14686623832376852,-1.3734558816228681,15.111113092030546,0.0
43.65030060204493,18.068848498334265,1.8122120918032736,-0.07322531683927418,-1.384581452948841,15.193613092030546,1.0
43.801411732965235,18.093645616043265,1.6623131564089282,-0.14740136344744448,-1.4068554396785793,15.111113092030546,0.0
43.95334786388554,18.11664220495563,1.5129621243187235,-0.07347803968030715,-1.4180194087352138,15.193613092030546,1.0
44.104458994805846,18.136403170318133,1.3623165398265977,-0.1478806644478765,-1.4403658231811787,15.111113092030546,0.0
44.25639512572615,18.154377912569824,1.2122782696119656,-0.07370010230762225,-1.4515635315742295,15.193613092030546,1.0
44.40750625664646,18.169066169827307,1.0610537908468853,-0.14828611322545754,-1.4739712138435048,15.111113092030546,0.0
44.55944238756676,18.181985539227597,0.910495948864767,-0.07387839424100562,-1.4851960112230882,15.193613092030546,1.0
44.71055351848707,18.191573403525304,0.7588626387470988,-0.14859122062406047,-1.5076497986164186,15.111113092030546,0.0
44.86248964940737,18.19795074383328,0.6078861391896845,-0.13776188918104257,-1.528580807046858,15.028613092030547,0.0
45.01360078032768,18.20269669127384,0.45767496407316177,-0.07035125662386804,-1.5392116649969554,15.111113092030546,1.0
45.163886911247985,18.204224380881907,0.3065715555991134,-0.14289262841250694,-1.560686445258104,15.028613092030547,0.0
45.31499804216829,18.204114804893212,0.1562854646256042,-0.07172864970012459,-1.5715254426336762,15.111113092030546,1.0
45.4652841730886,18.200711887497885,0.00521265422871553,-0.14500400755981274,-1.5933175338977792,15.028613092030547,0.0
45.616395304008904,18.195682105388983,-0.14498928463670718,-0.07248362897646382,-1.6042706170456205,15.111113092030546,1.0
45.76668143492921,18.187311212675286,-0.29586838207299715,-0.1460526459098346,-1.626220304110083,15.028613092030547,0.0
45.91779256584952,18.17733579209447,-0.44582308233688034,-0.07280104512966576,-1.6372213523718069,15.111113092030546,1.0
46.068078696769824,18.163990861195202,-0.5963438008686075,-0.14640207525309665,-1.6592235538202982,15.028613092030547,0.0
46.21918982769013,18.149071437963052,-0.7458875468341783,-0.07286037836246875,-1.6702335679939322,15.111113092030546,1.0
46.36947595861044,18.13076633367565,-0.8958858703082794,-0.1463721100080709,-1.6922312660816865,15.028613092030547,0.0
46.52058708953074,18.110921404737315,-1.044856001349464,-0.07279071144580837,-1.7032307528087562,15.111113092030546,1.0
46.67087322045105,18.08768216038969,-1.194169468291214,-0.14617069543778272,-1.725198181080031,15.028613092030547,0.0
46.821984351371356,18.06294045149124,-1.3424049869356316,-0.07267315661276177,-1.7361799039633339,15.111113092030546,1.0
46.97227048229166,18.034800377406675,-1.490872862647952,-0.14592785239591,-1.7581108362934246,15.028613092030547,0.0
47.12338161321197,18.00519668386601,-1.6382144469876951,-0.07255819253281202,-1.769075186824591,15.111113092030546,1.0
47.273667744132275,17.97219335751778,-1.7856775079147151,-0.1457231768614955,-1.7909753592605206,15.028613092030547,0.0
47.42477887505258,17.93776603278156,-1.9319672220387842,-0.0724757549614318,-1.8019272525570456,15.111113092030546,1.0
47.57506500597289,17.899939575701424,-2.078267369109039,-0.14560237151303967,-1.8238092696245611,15.028613092030547,0.0
47.726176136893194,17.86072913892814,-2.223348252739666,-0.0724423412302367,-1.8347561137343769,15.111113092030546,1.0
47.8764622678135,17.818121356432375,-2.3683280815394245,-0.14558871539331472,-1.8566360784764957,15.028613092030547,0.0
48.02757339873381,17.77416986429917,-2.5120437295609963,-0.07246503791883464,-1.8675863523085936,15.111113092030546,1.0
48.177859529654114,17.726824012591507,-2.655546148405034,-0.1456889458181508,-1.8894813802934616,15.028613092030547,0.0
48.32897066057442,17.678175007724278,-2.797740365841691,-0.07254337289031533,-1.9004434914116906,15.111113092030546,1.0
48.47925679149473,17.62613602233521,-2.9396083251830807,-0.14589803088278108,-1.9223699419819549,15.028613092030547,0.0
48.63036792241503,17.572834816550664,-3.080124881534668,-0.07267472363875753,-1.9333519016603282,15.111113092030546,1.0
48.78065405333534,17.51614961320319,-3.2202011522212812,-0.14621093572339586,-1.955325377488435,15.028613092030547,0.0
48.931765184255646,17.45824360788145,-3.358883579711839,-0.07285581015762853,-1.9663347013554693,15.111113092030546,1.0
49.08205131517595,17.39696150350529,-3.4970106138914048,-0.14661853095000862,-1.9883694330931652,15.028613092030547,0.0
49.23316244609626,17.33320016129725,-3.633100335717942,-0.13618056617127697,-2.0089478324566743,14.946113092030547,0.0
49.383448577016566,17.268375992237477,-3.767771998519315,-0.06963303667120943,-2.019412712122222,15.028613092030547,1.0
49.532909707936874,17.200341690781954,-3.901776681170535,-0.14166203576674594,-2.0405856801963926,14.946113092030547,0.0
49.68319583885718,17.13125775651461,-4.034313618218748,-0.07124925820480893,-2.051293455542935,15.028613092030547,1.0
49.83265696977749,17.05893331753651,-4.166052362229377,-0.14436687740268167,-2.072870692306973,14.946113092030547,0.0
49.982943100697796,16.985585489112733,-4.296278034512121,-0.07235704146265563,-2.0837449521132356,15.028613092030547,1.0
50.1324042316181,16.908988870687054,-4.4255795395023805,-0.14622382289817534,-2.1055997300510874,14.946113092030547,0.0
50.28269036253841,16.831404355099572,-4.553326447868228,-0.0731158381808833,-2.1165880264802874,15.028613092030547,1.0
50.43215149345872,16.750579237081272,-4.680027755850125,-0.14748643858459615,-2.1386315163865492,14.946113092030547,0.0
50.582437624379025,16.66880856315802,-4.80513645475677,-0.07362318405770048,-2.1496960598646147,15.028613092030547,1.0
50.73189875529933,16.58381853433359,-4.929082475860387,-0.14830366453334445,-2.171861693285394,14.946113092030547,0.0
50.88218488621964,16.49793070557736,-5.05140136453878,-0.07393210765136501,-2.182972663695101,15.028613092030547,1.0
51.03164601713995,16.40885591091704,-5.17244516695434,-0.14875006126820864,-2.2052050160767123,14.946113092030547,0.0
51.181932148060255,16.31893566088514,-5.291831004850537,-0.0740657826342186,-2.2163360759823933,15.028613092030547,1.0
51.33139327898056,16.225870958530127,-5.409834743446262,-0.14885174051532907,-2.2385836254592704,14.946113092030547,0.0
51.48167940990087,16.132017240169397,-5.5261537410599,-0.07402927686244308,-2.249709199053755,15.028613092030547,1.0
51.63114054082118,16.03507072278568,-5.640989684536512,-0.14863115534016946,-2.2719237796208884,14.946113092030547,0.0
51.781426671741485,15.937394654276254,-5.754117997953264,-0.07386062750238619,-2.283024007555568,15.028613092030547,1.0
51.93088780266179,15.836683681974993,-5.865667185333226,-0.14822444774775204,-2.3051778011459847,14.946113092030547,0.0
52.0811739335821,15.735304014135515,-5.975488825298827,-0.07363782992994201,-2.316244545695523,15.028613092030547,1.0
52.23063506450241,15.630950985448312,-6.083638566633714,-0.14776547562371728,-2.338329740793221,14.946113092030547,0.0
52.380921195422715,15.525990484858657,-6.190043091781594,-0.07341300480252741,-2.3493626972442265,15.028613092030547,1.0
52.53038232634302,15.418120319259664,-6.294685093485694,-0.1473367309437418,-2.371383811677179,14.946113092030547,0.0
52.68066845726333,15.309703713182541,-6.39756594293152,-0.07321744552816167,-2.3823873782814746,15.028613092030547,1.0
52.83012958818364,15.198442509760886,-6.4985949771749505,-0.14698672343851008,-2.4043561801968645,14.946113092030547,0.0
52.980415719103945,15.086695436715987,-6.597848296121343,-0.07306894915245989,-2.4153374298554002,15.028613092030547,1.0
53.12987685002425,14.972169887414521,-6.695161294760747,-0.14674121907661206,-2.437269538411215,14.946113092030547,0.0
53.28016298094456,14.857218502078723,-6.79068515913692,-0.07297586881476159,-2.448236799385933,15.028613092030547,1.0
53.42962411186487,14.739555805614742,-6.884180672440076,-0.14660970150927746,-2.470149251177398,14.946113092030547,0.0
53.579910242785175,14.621526813843534,-6.975874656743566,-0.07293995189745361,-2.4811111143375797,15.028613092030547,1.0
53.72937137370548,14.500854862035427,-7.065452562467115,-0.1465934563768219,-2.503021138113176,14.946113092030547,0.0
53.87965750462579,14.379875742676788,-7.153217489033397,-0.0729611136345207,-2.513986181588945,15.028613092030547,1.0
54.0291186355461,14.256323421096655,-7.23877884116831,-0.14668916685302064,-2.5359105103605546,14.946113092030547,0.0
54.179404766466405,14.132522777495552,-7.322516707751652,-0.07303561540006476,-2.546886750418414,15.028613092030547,1.0
54.32886589738671,14.006220425698565,-7.403963850596232,-0.1468850274172569,-2.568840352731457,14.946113092030547,0.0
54.47915202830702,13.879728489205505,-7.483578043163966,-0.07315542572077484,-2.57983459861886,15.028613092030547,1.0
54.62861315922733,13.750808470539653,-7.560815015749585,-0.1471615698705953,-2.601829533279727,14.946113092030547,0.0
54.778899290147635,13.621757686455013,-7.636210803318362,-0.07330902291006122,-2.612846862694428,15.028613092030547,1.0
54.92836042106794,13.49035501584404,-7.709144055702302,-0.1474909351971754,-2.6348910246694914,14.946113092030547,0.0
55.07864655198825,13.358880692823174,-7.780229441276142,-0.07347935122647414,-2.6459339520678524,15.028613092030547,1.0
55.22810768290856,13.225133743135077,-7.848769025431028,-0.14783166881676849,-2.6680290404750426,14.946113092030547,0.0
55.378393813828865,13.091374763788993,-7.915456093894641,-0.07364298678633364,-2.679096560028576,15.028613092030547,1.0
55.52785494474917,12.955425886464303,-7.979517188961393,-0.14813775493954556,-2.7012373964138354,14.946113092030547,0.0
55.67814107566948,12.819525220247854,-8.041723608066675,-0.07377921142665111,-2.712325388641498,15.028613092030547,1.0
55.82760220658979,12.681521047538086,-8.101227973130824,-0.1483693011951135,-2.734500832191975,14.946113092030547,0.0
55.977888337510095,12.543625974392413,-8.158878458455114,-0.07386766655685105,-2.7456021179989154,15.028613092030547,1.0
56.1273494684304,12.403717521765683,-8.21375601334406,-0.14848347207009413,-2.7677946256574852,14.946113092030547,0.0
56.27763559935071,12.26397967303093,-8.26678396151255,-0.07388604904796077,-2.778898674097891,15.028613092030547,1.0
56.42709673027102,12.122322245792546,-8.31697454285205,-0.14843374459933328,-2.8010837494324434,14.946113092030547,0.0
56.577382861191325,11.980897438671274,-8.365323830196209,-0.07381030980723105,-2.812176415315401,15.028613092030547,1.0
56.72684399211163,11.83765026878033,-8.410778967037167,-0.1481762549774453,-2.834323005959866,14.946113092030547,0.0
56.87713012303194,11.694697940416201,-8.454405352072504,-0.07363369276360437,-2.8453891287506825,15.028613092030547,1.0
57.02659125395225,11.550022864468781,-8.495087578493923,-0.1477641902967513,-2.8674741317419583,14.946113092030547,0.0
57.176877384872554,11.405704371178208,-8.533956616947625,-0.07341300675963132,-2.8785070884870896,15.028613092030547,1.0
57.32633851579286,11.259763959911625,-8.569835824106313,-0.14731690991577231,-2.9005252404467856,14.946113092030547,0.0
57.47662464671317,11.11424095873719,-8.60391933603161,-0.07319722534695126,-2.9115257682382807,15.028613092030547,1.0
57.62608577763348,10.967197508180059,-8.634970017107035,-0.14691128241902168,-2.93348329465358,14.946113092030547,0.0
57.776371908553784,10.820360617894814,-8.662854731689324,-0.1360163582020804,-2.953924666869641,14.863613092030548,0.0
57.92583303947409,10.674054620526922,-8.689070271911582,-0.0693596342376719,-2.9642912362430223,14.946113092030547,1.0
58.0744691703944,10.526417265391157,-8.712347750823447,-0.1407608069857933,-2.9852133779786105,14.863613092030548,0.0
58.22393030131471,10.379358692352257,-8.733945794964546,-0.07061926106223951,-2.995768212601729,14.946113092030547,1.0
58.37256643223501,10.231056267355847,-8.752520519623623,-0.14279383416874164,-3.0169925356318466,14.863613092030548,0.0
58.52202756315532,10.083383660984152,-8.769417286839532,-0.07142396518966364,-3.027667642243906,14.946113092030547,1.0
58.67066369407562,9.934561538383226,-8.783223281209075,-0.14411932383291826,-3.0490889809292816,14.863613092030548,0.0
58.82012482499593,9.786421776355418,-8.795360427550053,-0.07196442163213712,-3.0598448647724465,14.946113092030547,1.0
58.96876095591623,9.637231292517788,-8.804350933001379,-0.1450431613266292,-3.0814035190884863,14.863613092030548,0.0
59.11822208683654,9.488776297753308,-8.811686731828788,-0.0723599549109364,-3.092218519782817,14.946113092030547,1.0
59.26685821775684,9.339372543507542,-8.815827730892734,-0.14575456125477362,-3.1138829138317132,14.863613092030548,0.0
59.41631934867715,9.190757504071732,-8.81833162155539,-0.07268223442234456,-3.1247460827862916,14.946113092030547,1.0
59.56495547959745,9.041298173478834,-8.81759803127469,-0.14636296630099524,3.1366843993722964,14.863613092030548,0.0
59.71441661051776,8.892680628976164,-8.81524752474313,-0.07297037746913017,3.1257781642320785,14.946113092030547,1.0
59.86305274143806,8.743325432011241,-8.80962126528005,-0.14692279928724436,3.103940127802042,14.863613092030548,0.0
60.01251387235837,8.594864796141803,-8.802400530400549,-0.07324008869282232,3.0929935813173093,14.946113092030547,1.0
60.16115000327867,8.445775096919661,-8.791870039347044,-0.14744554896929657,3.0710778453970926,14.863613092030548,0.0
60.31061113419898,8.297632310903701,-8.779769858919135,-0.07348699335234284,3.0600943962627185,14.946113092030547,1.0
60.45924726511929,8.148970730494574,-8.764330812114453,-0.1479075788122253,3.038109986014279,14.863613092030548,0.0
60.608708396039596,8.001307819396999,-8.747349525321393,-0.07369612951291273,3.02709527915283,14.946113092030547,1.0
60.757344526959905,7.853237689265553,-8.727005823130462,-0.14828243685733714,3.0050551514549206,14.863613092030548,0.0
60.90680565788021,7.706217174251025,-8.70515021561612,-0.07385598462404054,2.994016552467779,14.946113092030547,1.0
61.055441788800515,7.5589018509315835,-8.67991482040889,-0.1485447568645325,2.9719374345389373,14.863613092030548,0.0
61.20490291972082,7.412686011552528,-8.653201008819444,-0.07395183155020067,2.9608845101618164,14.946113092030547,1.0
61.35353905064113,7.266288006115821,-8.623096961581064,-0.1486613476099336,2.9387880626356773,14.863613092030548,0.0
61.50300018156144,7.121037944649913,-8.591551453832603,-0.07396550694329089,2.9277330943188393,14.946113092030547,1.0
61.65163631248175,6.975717831319651,-8.556613017724837,-0.14859271479345992,2.905646848108995,14.863613092030548,0.0
61.80109744340206,6.831592310533796,-8.520273869782649,-0.07387638219007227,2.894605200478566,14.946113092030547,1.0
61.949733574322366,6.6875075111744335,-8.48054730122269,-0.1483141222760083,2.872560363182619,14.863613092030548,0.0
62.099194705242674,6.544661891980074,-8.439464111327815,-0.07369810303601419,2.861545361356175,14.946113092030547,1.0
62.24783083616298,6.401966304105056,-8.395005154333981,-0.14791540785821206,2.8395597874286316,14.863613092030548,0.0
62.39729196708329,6.260552562073645,-8.34923559043359,-0.07349041927223653,2.8285758262523957,14.946113092030547,1.0
62.5459280980036,6.119397032915117,-8.30010569888117,-0.14750267712298656,2.806651599024448,14.863613092030548,0.0
62.69538922892391,5.979564303482108,-8.249712175544603,-0.07329472438359728,2.7956968866275833,14.946113092030547,1.0
62.84402535984422,5.840097223906879,-8.195976122742659,-0.1471411745355071,2.773826391745556,14.863613092030548,0.0
62.993486490764525,5.701992396499579,-8.141023815586745,-0.07313565735077188,2.76289545368731,14.946113092030547,1.0
63.14212262168483,5.564360279981903,-8.082748347687794,-0.14686845402273938,2.741065494927123,14.863613092030548,0.0
63.291583752605135,5.428128554422167,-8.02330411864935,-0.07302662860467742,2.730150852428571,14.946113092030547,1.0
63.440219883525444,5.292476541563265,-7.960557317429646,-0.14670323805460303,2.708345450730654,14.863613092030548,0.0
63.58968101444575,5.158261894593749,-7.89668926631012,-0.07297313970964242,2.6974388027428455,14.946113092030547,1.0
63.73831714536606,5.024734134601505,-7.829540424418169,-0.14665011406353698,2.67564129718942,14.863613092030548,0.0
63.88777827628637,4.8926796516309015,-7.7613178992353165,-0.07297478211353364,2.6647344037260683,14.946113092030547,1.0
64.03641440720668,4.7614195602681875,-7.689837705674941,-0.14670609553426844,2.64292857730343,14.863613092030548,0.0
64.18587553812698,4.631667668890041,-7.617331525946921,-0.07302962766806138,2.6320134865614726,14.946113092030547,1.0
64.33451166904729,4.5028181131511005,-7.541592357468158,-0.14686549158983858,2.6101839681258503,14.863613092030548,0.0
64.48397279996759,4.375510727848685,-7.464875155600386,-0.07313336135346153,2.5992533732299585,14.946113092030547,1.0
64.6326089308879,4.249214070696419,-7.384951541767304,-0.14711656417954008,2.577386536336023,14.863613092030548,0.0
64.7820700618082,4.124492581576269,-7.304098282299237,-0.07327865191519609,2.5664342261484623,14.946113092030547,1.0
64.93070619272851,4.000890552271427,-7.220067525979295,-0.14744188590857937,2.544519034691418,14.863613092030548,0.0
65.08016732364881,3.878895630295995,-7.135156169688358,-0.07345519037001184,2.5335403388667497,14.946113092030547,1.0
65.22880345456912,3.7581289583893307,-7.047099139233289,-0.14781585223110533,2.5115695625024306,14.863613092030548,0.0
65.37826458548942,3.639000073143245,-6.958211524151191,-0.07364650329900341,2.5005622728310355,14.946113092030547,1.0
65.52690071640973,3.5212076810467647,-6.866213795808771,-0.14819552040923703,2.4785350640576853,14.863613092030548,0.0
65.67636184733003,3.4050821129112028,-6.773436902995144,-0.07382664522325297,2.4675008501705658,14.946113092030547,1.0
65.82499797825034,3.2903998554945537,-6.677590100806452,-0.14852838143900904,2.445424166221616,14.863613092030548,0.0
65.97445910917064,3.177411405110517,-6.581017281158416,-0.07397231561749741,2.434368180272631,14.946113092030547,1.0
66.12309524009095,3.0659707692229357,-6.481420020508596,-0.14877158378991934,2.4122553476672115,14.863613092030548,0.0
66.27255637101125,2.9562484365035004,-6.381151834539348,-0.0740624700676252,2.401185887132153,14.946113092030547,1.0
66.42119250193156,2.8481750908881804,-6.277910458998878,-0.14888140130624378,2.3790567316759996,14.863613092030548,0.0
66.57065363285186,2.741841554715659,-6.174055374867165,-0.07407428528828956,2.3679855052246985,14.946113092030547,1.0
66.71928976377217,2.6372536558675432,-6.067284587333716,-0.14880994933430416,2.345866970113201,14.863613092030548,0.0
66.86875089469247,2.534423510419169,-5.959959564147022,-0.07398308282129393,2.3348093748857597,14.946113092030547,1.0
67.01738702561278,2.4334298527545486,-5.84978283898468,-0.1485105602381248,2.312735339811158,14.863613092030548,0.0
67.16684815653308,2.3342079581027972,-5.739113443772296,-0.07377843380636553,2.3017083316569296,14.946113092030547,1.0
67.31548428745339,2.236907789975611,-5.625661661334125,-0.14802831759008747,2.279705975263697,14.863613092030548,0.0
67.46494541837369,2.1413902304375303,-5.511779725827007,-0.07351654342699059,2.268718109541747,14.946113092030547,1.0
67.613581549294,2.0478757830288417,-5.395187797367854,-0.14748916726358177,2.2467958903670304,14.863613092030548,0.0
67.7630426802143,1.9561524934011876,-5.278228242158202,-0.07325115139312306,2.2358476904385998,14.946113092030547,1.0
67.9116788111346,1.8665112338557348,-5.158632781361893,-0.14697936752410987,2.2140012459247025,14.863613092030548,0.0
68.06113994205491,1.7786680040471075,-5.038731712176723,-0.0730157278737325,2.203088232661725,14.946113092030547,1.0
68.20977607297522,1.6929842395230563,-4.916269790940105,-0.14655178783045922,2.181305341939152,14.863613092030548,0.0
68.35923720389552,1.609104131734389,-4.793563528132049,-0.07283021073463312,2.1704200562775897,14.946113092030547,1.0
68.50787333481583,1.527460116778354,-4.668372136743362,-0.1462366727115945,2.1486840030470793,14.863613092030548,0.0
68.65733446573613,1.4476244281210158,-4.542996851174129,-0.07270532708459672,2.1378173826370848,14.946113092030547,1.0
68.80597059665644,1.3701010859262521,-4.415212810422045,-0.14604894789253747,2.1161092320973567,14.863613092030548,0.0
68.95543172757674,1.2943899565110888,-4.287304545256582,-0.07264551582357451,2.1052515511460763,14.946113092030547,1.0
69.10406785849705,1.221067287398803,-4.157064705536829,-0.1459926746933012,2.0835517648369573,14.863613092030548,0.0
69.25352898941735,1.149560011513154,-4.026759644582268,-0.07265050192000654,2.0726933386580653,14.946113092030547,1.0
69.40216512033766,1.0805172142043573,-3.8942012733047315,-0.14606299941408016,2.0509830995545415,14.863613092030548,0.0
69.55162625125796,1.0132922608340469,-3.7616361758645764,-0.07271559178652046,2.040114944970589,14.946113092030547,1.0
69.70026238217827,0.9486075859375735,-3.6268974565240906,-0.14624831880307798,2.0183771607101,14.863613092030548,0.0
69.84972351309857,0.8857424179282063,-3.492210151754442,-0.07283530639638307,2.0074911134451696,14.946113092030547,1.0
69.99835964401888,0.8254929722093362,-3.3554306432506253,-0.146538342133012,1.9857102212390427,14.863613092030548,0.0
70.14782077493918,0.7670638260159746,-3.2187604771935336,-0.07300384183657166,1.9747989844766216,14.946113092030547,1.0
70.29645690585949,0.7113252185022589,-3.08008157725411,-0.14691809606238626,1.9529616471157307,14.863613092030548,0.0
70.44591803677979,0.6574066570498704,-2.941569887690149,-0.07321168299504421,1.9420193461787125,14.946113092030547,1.0
70.5945541677001,0.6062523392458117,-2.8011353284606697,-0.14736443253999015,1.920115667090702,14.863613092030548,0.0
70.7440152986204,0.5569164893833636,-2.660925937429583,-0.07344526017117961,1.9091384554447814,14.946113092030547,1.0
70.8926514295407,0.5104167690251042,-2.5188822622357177,-0.1478459337857035,1.8871632078745748,14.863613092030548,0.0
71.042112560461,0.4657322210494447,-2.3771219342621652,-0.07368644721204867,1.8761499481407626,14.946113092030547,1.0
71.19074869138132,0.42395288313836327,-2.2336189148525083,-0.14832059510030862,1.8541041487492556,14.863613092030548,0.0
71.34020982230162,0.3839831771394786,-2.0904577398876425,-0.07391156491360125,1.8430572426691791,14.946113092030547,1.0
71.48884595322193,0.3469837668839981,-1.9456486472976973,-0.14873950426935076,1.8209491782395786,14.863613092030548,0.0
71.63830708414223,0.3117856854925782,-1.801240217899268,-0.07409796986264784,1.8098744118650085,14.946113092030547,1.0
71.78694321506254,0.27961791016203513,-1.6552817858500697,-0.14906091755527814,1.7877185738081613,14.863613092030548,0.0
71.93640434598284,0.24923992083281757,-1.5097830670265964,-0.07422504653014182,1.776624814411154,14.946113092030547,1.0
72.08504047690315,0.2219460246810504,-1.3628352093054534,-0.1492410568366527,1.7544422011484966,14.863613092030548,0.0
72.23450160782345,0.19642661280134222,-1.2164061854328891,-0.07427000223162104,1.7433417226215049,14.946113092030547,1.0
72.38313773874376,0.17403763302371258,-1.0686314811006064,-0.14923304726301045,1.721160299870884,14.863613092030548,0.0
72.53259886966406,0.15340354510047013,-0.9214345591540721,-0.07420886040533174,1.710068959670396,14.946113092030547,1.0
72.68123500058437,0.13593750734458923,-0.7729974775973167,-0.1489875916712207,1.6879240204892514,14.863613092030548,0.0
72.83069613150467,0.12020204816890916,-0.6251966158288931,-0.07402125542302215,1.6768607199415857,14.946113092030547,1.0
72.97933226242498,0.10766350681849675,-0.47626235302553177,-0.14851049128963828,1.6547866951152201,14.863613092030548,0.0
73.12879339334528,0.09682747559414367,-0.3280217383402741,-0.0737486632561179,1.6437641365011,14.946113092030547,1.0
73.27742952426559,0.08921125252727152,-0.17875478686684065,-0.14793069054357436,1.621776291014334,14.863613092030548,0.0
73.42689065518589,0.08326720287222054,-0.03023755659150701,-0.07345512887730046,1.610797604380436,14.946113092030547,1.0
73.5755267861062,0.0805622153430434,0.11919909453010935,-0.14735328342883056,1.5888955824531714,14.863613092030548,0.0
73.7249879170265,0.07949777560397468,0.2678314139730894,-0.07318166863673574,1.5779577674960898,14.946113092030547,1.0
73.8736240479468,0.08168951105124729,0.4172764739506807,-0.14684327810112496,1.5561315507874842,14.863613092030548,0.0
74.0230851788671,0.08548948401375496,0.5658640226229783,-0.07295286106932115,1.5452279336681916,14.946113092030547,1.0
74.17172130978742,0.09256149773225228,0.7151577474674676,-0.14643830028538904,1.5234619112952255,14.863613092030548,0.0
74.32118244070772,0.10120909858462786,0.8635421078780452,-0.07278230149362963,1.512583786203005,14.946113092030547,1.0
74.46981857162802,0.11314382350648881,1.0125259727662141,-0.14615733211463897,1.4908595258518509,14.863613092030548,0.0
74.61927970254833,0.12662127863359243,1.1605498141508206,-0.072674840414326,1.479997462014073,14.946113092030547,1.0
74.76791583346863,0.14340020303579956,1.3090661343041348,-0.14600141304101355,1.4582963768707593,14.863613092030548,0.0
74.91737696438894,0.16168877197733592,1.4565728380874845,-0.07262893969865652,1.4474411734058554,14.946113092030547,1.0
75.06601309530924,0.1832924444051109,1.604464389548716,-0.14597199086766255,1.425744461460552,14.863613092030548,0.0
75.21547422622955,0.20637253082947882,1.751297659026726,-0.07264845861933639,1.4148863406756889,14.946113092030547,1.0
75.36411035714985,0.23278081771034762,1.8984072509641465,-0.14607841618065795,1.3931738100836297,14.863613092030548,0.0
75.51357148807016,0.26063220571512485,2.044410674215677,-0.07273704053244451,1.3823024497458545,14.946113092030547,1.0
75.66220761899046,0.29182435116119115,2.1905807112220628,-0.14632335291016352,1.3605535127060013,14.863613092030548,0.0
75.81166874991077,0.3244261269036514,2.3355973434867674,-0.07289271017749352,1.349658885807027,14.946113092030547,1.0
75.96030488083107,0.3603803137748188,2.480669484514636,-0.14669415230862437,1.3278548345792391,14.863613092030548,0.0
76.10976601175138,0.3977101904780936,2.624541579516678,-0.0731029632034392,1.3169287830252276,14.946113092030547,1.0
76.25840214267168,0.4384181317372815,2.768352195169401,-0.14789327487482587,1.2949464988587003,14.863613092030548,0.0
76.40786327359199,0.48046458664277425,2.9109172506522873,-0.07324624479753628,1.283999032275595,14.946113092030547,1.0
76.5564994045123,0.5258758965323601,3.0533126248401055,-0.14745131290602373,1.2620824396261243,14.863613092030548,0.0
76.7059605354326,0.5725891508718616,3.1944174485846224,-0.07348713656319068,1.251098969087295,14.946113092030547,1.0
76.8545966663529,0.622669301906313,3.33523864062738,-0.1479025088715659,1.2291153124152192,14.863613092030548,0.0
77.0040577972732,0.6740124317685334,3.474725494599033,-0.07369242480340105,1.2181011592638433,14.946113092030547,1.0
77.15269392819351,0.7287187325151412,3.613814855495539,-0.1482635715365922,1.1960638356342184,14.863613092030548,0.0
77.30215505911382,0.7846462452494908,3.751527646238837,-0.07383899139672513,1.185027776474049,14.946113092030547,1.0
77.45079119003412,0.8439265638865616,3.8887299548136713,-0.1484900321467886,1.1629567926155187,14.863613092030548,0.0
77.60025232095443,0.9043833472512377,4.024515361835762,-0.07391230080759549,1.1519097765478936,14.946113092030547,1.0
77.74888845187473,0.968175396060859,4.159678981810398,-0.14854981810789955,1.1298299063354202,14.863613092030548,0.0
77.89834958279503,1.0330958702008914,4.293387737890138,-0.0738890333144641,1.1187863678536323,14.946113092030547,1.0
78.04698571371534,1.1013264502037083,4.426365997799253,-0.14841128477823273,1.0967270886992841,14.863613092030548,0.0
78.19644684463564,1.1706346503014482,4.55785391668981,-0.07378544566962215,1.0856990325440437,14.946113092030547,1.0
78.34508297555595,1.243222032133604,4.688504985015827,-0.14815655698078226,1.0636776151439464,14.863613092030548,0.0
78.49454410647625,1.3168344589124408,4.817632480301256,-0.07364343848180573,1.0526707835435958,14.946113092030547,1.0
78.64318023739656,1.3936910192524612,4.945818668280607,-0.14786132137388355,1.030693248821818,14.863613092030548,0.0
78.79264136831686,1.4715193154023885,5.072449848222031,-0.07351099862068113,1.01970621183289,14.946113092030547,1.0
78.94127749923717,1.5525540871808146,5.198036453474323,-0.14760035726171963,0.9977674658070531,14.863613092030548,0.0
79.09073863015747,1.6344969342034366,5.322044796890342,-0.07286659490623425,0.9868767421260556,14.946113092030547,1.0
79.23937476107778,1.7196112769954897,5.444903163748499,-0.14765701206988902,0.9649295751487345,14.863613092030548,0.0
79.38883589199808,1.805591338587707,5.566147249886986,-0.07341568968348737,0.9539567831413462,14.946113092030547,1.0
79.5374720229184,1.8947001599448912,5.686139948049457,-0.14747942362192729,0.9320360122238263,14.863613092030548,0.0
79.6869331538387,1.9846200900399813,5.804491566486437,-0.07335622377094698,0.9210721080589775,14.946113092030547,1.0
79.835569284759,2.0776247616666192,5.921490543881959,-0.14741142028234425,0.8991614448947428,14.863613092030548,0.0
79.9850304156793,2.171386014393141,6.036822789598895,-0.07334756187692017,0.8881988353463712,14.946113092030547,1.0
80.13366654659961,2.268186295194383,6.150701388522386,-0.14743569516611776,0.8662845640573339,14.863613092030548,0.0
80.28312767751991,2.3656885326587815,6.2628887902410915,-0.07338164434697232,0.8553168605044438,14.946113092030547,1.0
80.43176380844022,2.4661820942453563,6.373521849204595,-0.14754083865270073,0.8333869610943693,14.863613092030548,0.0
80.58122493936052,2.5673226936873768,6.4824405278573725,-0.07344843543449585,0.8224092748700025,14.946113092030547,1.0
80.72986107028083,2.6715334785352423,6.589579418916449,-0.1558011288082417,0.7992515978909293,14.863613092030548,0.0
80.87932220120113,2.7763164593280596,6.6949987072423065,-0.0724357127640911,0.7884252743421898,14.946113092030547,1.0
81.02795833212144,2.8839583845561387,6.79868981384827,-0.14612655334424102,0.7667055888283821,14.863613092030548,0.0
81.17741946304174,2.9921240592948877,6.900635319993805,-0.07294845483793735,0.7558026302694152,14.946113092030547,1.0
81.32605559396205,3.1031035302211962,7.00074619197529,-0.146982722316622,0.7339556871121389,14.863613092030548,0.0
81.47551672488235,3.2145544298525794,7.099089449935933,-0.07329664821412205,0.7230006871773884,14.946113092030547,1.0
81.62415285580266,3.3287656891129696,7.19549701143467,-0.1475581334752515,0.701068217131805,14.863613092030548,0.0
81.77361398672296,3.443393225903957,7.290118505949336,-0.0735247278286157,0.6900791281599324,14.946113092030547,1.0
81.92225011764327,3.5607208492345896,7.382708237883076,-0.14791687914258636,0.668093335546372,14.863613092030548,0.0
82.07171124856357,3.6784073926493845,7.473496876566756,-0.07365395295890374,0.6570849324403832,14.946113092030547,1.0
82.22034737948388,3.7987277640834995,7.562162754298459,-0.14808648276727365,0.6350739306002592,14.863613092030548,0.0
82.36980851040418,3.919347889836178,7.649015990728463,-0.07369170744313394,0.6240598846663601,14.946113092030547,1.0
82.51844464132449,4.042530145767008,7.733660904809394,-0.14807295987886804,0.6020508928160475,14.863613092030548,0.0
82.6679057722448,4.1659514726895965,7.816485270038629,-0.07363743350811133,0.5910449587258564,14.946113092030547,1.0
82.8165419031651,4.291858213716718,7.897021735195142,-0.14787033388081575,0.5690660844199182,14.863613092030548,0.0
82.9660030340854,4.417942076981502,7.975733607483796,-0.07348619906570314,0.5580827540005235,14.946113092030547,1.0
83.11463916500571,4.546430055712905,8.052084566727903,-0.14746955855034946,0.5361634493890741,14.863613092030548,0.0
83.26410029592601,4.675032347844065,8.126610735779922,-0.07324470249369137,0.5252162133204457,14.946113092030547,1.0
83.41273642684632,4.805954277484413,8.198708433352206,-0.14694709208015186,0.5033745661036619,14.863613092030548,0.0
83.56219755776662,4.936927894682502,8.268983685134085,-0.07298360793867725,0.49246635352250306,14.946113092030547,1.0
83.71083368868693,5.070135414555425,8.336765587624953,-0.14645344130029955,0.4706980806476625,14.863613092030548,0.0
83.86029481960723,5.203332893585476,8.402728690910026,-0.07276448115289048,0.45982261900372223,14.946113092030547,1.0
84.00893095052754,5.338678187352191,8.46613437765166,-0.1460799166753846,0.4381098653839325,14.863613092030548,0.0
84.15839208144784,5.473952834426703,8.52772552371848,-0.07261779862963512,0.42725632707580424,14.946113092030547,1.0
84.30702821236815,5.611288990873424,8.586695090347535,-0.14586363206946318,0.4055757211630162,14.863613092030548,0.0
84.45648934328845,5.74849494541233,8.643854739174534,-0.0725512547987795,0.3947321285711034,14.946113092030547,1.0
84.60512547420876,5.887675587054066,8.698328390127736,-0.1458040679288168,0.3730603760417227,14.863613092030548,0.0
84.75458660512906,6.02666730711103,8.750997177569301,-0.07255776321984346,0.3622158106938372,14.946113092030547,1.0
84.90322273604937,6.16754584722708,8.800915777216598,-0.14587147720682417,0.3405340387101853,14.863613092030548,0.0
85.05268386696967,6.308177243577361,8.84903552135067,-0.0726096451087312,0.3296817190365123,14.946113092030547,1.0
85.20131999788998,6.4506058356524285,8.89434253863818,-0.1459952027995763,0.3079815569594579,14.863613092030548,0.0
85.35078112881028,6.592672136637575,8.938044547051476,-0.06390576019578069,0.29843012976827465,14.946113092030547,1.0
85.49941725973059,6.736463360429605,8.97882093257505,-0.14871442286283268,0.276325793341897,14.863613092030548,0.0
85.64887839065089,6.879899484880287,9.017792430076772,-0.07380367168653353,0.26529501310555675,14.946113092030547,1.0
85.7975145215712,7.024959544019393,9.053795331328418,-0.1481316325609919,0.24327730037478254,14.863613092030548,0.0
85.9469756524915,7.169604324562118,9.088009171754551,-0.0736598955190728,0.23226800908703038,14.946113092030547,1.0
86.09561178341181,7.315773844254366,9.119203741296607,-0.1480703968124729,0.21025939820099016,14.863613092030548,0.0
86.24507291433211,7.461469552342672,9.148622443844564,-0.07372833920932775,0.19923987724188816,14.946113092030547,1.0
86.39370904525242,7.608590530534146,9.17496722382012,-0.14834240910678723,0.17719083550085826,14.863613092030548,0.0
86.54317017617272,7.755179919087174,9.199548732695847,-0.07391275405958947,0.16614375168967765,14.946113092030547,1.0
86.69180630709303,7.9030934114723514,9.221001667842275,-0.14875960867511945,0.14403269901898919,14.863613092030548,0.0
86.84126743801333,8.050417790275215,9.240705140259807,-0.0741300259234824,0.13295314150931395,14.946113092030547,1.0
86.98990356893364,8.198962797104523,9.257228172731415,-0.14919665402475205,0.11077712810881937,14.863613092030548,0.0
87.13936469985394,8.346861323402424,9.27201753829817,-0.07434532422245524,0.09966539187189442,14.946113092030547,1.0
87.28800083077425,8.495874675381334,9.283578273049319,-0.14961782213469413,0.07742677767307113,14.863613092030548,0.0
87.43746196169455,8.644184391109667,9.293423456416788,-0.07454404183608372,0.06628534087687943,14.946113092030547,1.0
87.58609809261486,8.793507124399673,9.299853929088233,-0.1564066202676692,0.04303766598997175,14.863613092030548,0.0
87.73555922353516,8.94206702630786,9.30461365176795,-0.07366156840742978,0.032028124670433894,14.946113092030547,1.0
87.88419535445547,9.091520763825514,9.306100257963696,-0.1485609209419849,0.009946604175659877,14.863613092030548,0.0
88.03365648537577,9.24015679917879,9.305931707027167,-0.07413692082945099,-0.0011339838544590663,14.946113092030547,1.0
88.18229261629608,9.389577316852423,9.30244766424326,-0.14921555273908158,-0.02331280628673105,14.863613092030548,0.0
88.33175374721638,9.538127439252312,9.297391919991789,-0.07164398346147267,-0.034020797078518385,14.946113092030547,1.0
88.48038987813669,9.68735058562667,9.288960891459407,-0.15082919376620935,-0.05643946486975693,14.863613092030548,0.0
88.62985100905699,9.835647451770125,9.278924014106956,-0.07452410234517269,-0.06757792148708702,14.946113092030547,1.0
88.7784871399773,9.984506265698064,9.265519418926802,-0.1495525409403302,-0.0898068325417583,14.863613092030548,0.0
88.9279482708976,10.132386281016661,9.250546093166314,-0.0742832871394173,-0.10090929664609335,14.946113092030547,1.0
89.07658440181791,10.280717150639317,9.232199900837564,-0.14902151149154433,-0.12305927753809232,14.863613092030548,0.0
89.22604553273821,10.428018448026595,9.212324609569682,-0.07400062686469365,-0.13411949491810102,14.946113092030547,1.0
89.37468166365852,10.57566040186468,9.18907631666785,-0.14843024015735343,-0.15618159152666192,14.863613092030548,0.0
89.52414279457882,10.722223826366138,9.16434047196096,-0.07369874524763785,-0.1671966893387813,14.946113092030547,1.0
89.67277892549913,10.869021341151942,9.136249204479977,-0.1471928006093421,-0.1890748577206778,14.863613092030548,0.0
89.82224005641943,11.014692872393372,9.106711019012087,-0.07349852657105091,-0.20006003062296318,14.946113092030547,1.0
89.97087618733974,11.160487175752513,9.073807360188189,-0.14738526346729766,-0.2219668059394122,14.863613092030548,0.0
90.12033731826004,11.305110209685534,9.039501712388356,-0.07316925798996027,-0.23290276598719126,14.946113092030547,1.0
90.26897344918035,11.449765620938022,9.001905945986405,-0.14377721621519213,-0.2542732551199095,14.863613092030548,0.0
90.41843458010065,11.593204395733018,8.962944204492102,-0.07328823324392468,-0.2652269973436976,14.946113092030547,1.0
90.56707071102096,11.736549968578611,8.920627819940186,-0.14683698239688348,-0.28705227828318347,14.863613092030548,0.0
90.71653184194126,11.878637643190986,8.876995353379078,-0.072850950926017,-0.2979406637972057,14.946113092030547,1.0
90.86516797286157,12.020527818795829,8.830029326052896,-0.1460669834032569,-0.31965149506546636,14.863613092030548,0.0
91.01462910378187,12.161120264757697,8.781795898293538,-0.07251862705100713,-0.33049021107729776,14.946113092030547,1.0
91.16326523470218,12.301411318694266,8.73024931895656,-0.14548113674181218,-0.35211396436448855,14.863613092030548,0.0
91.31272636562248,12.440366197183828,8.677483409896737,-0.07226425463172366,-0.36291466158685887,14.946113092030547,1.0
91.46136249654279,12.5789162089144,8.62142519100392,-0.14502809981010578,-0.38447107721735696,14.863613092030548,0.0
91.61082362746309,12.716012196488569,8.564002289596717,-0.08149601968063235,-0.39665156448432776,14.946113092030547,1.0
91.7594597583834,12.852683568775797,8.503507945620585,-0.13491670921235713,-0.4167050621381524,14.863613092030548,0.0
91.9089208893037,12.987945911157844,8.441889781510639,-0.0719317542818374,-0.42745606348219733,14.946113092030547,1.0
92.05755702022401,13.122597683641583,8.377024306695725,-0.14442692289525771,-0.44892312250207383,14.863613092030548,0.0
92.20701815114431,13.255806244572529,8.311083585516286,-0.07180105235087403,-0.45965458898770356,14.946113092030547,1.0
92.35565428206462,13.388302180448903,8.241921047735921,-0.14421594594750814,-0.481090289210353,14.863613092030548,0.0
92.50511541298492,13.519321851945458,8.17173169600866,-0.07172648744581382,-0.49181061114094543,14.946113092030547,1.0
92.65375154390523,13.649526640221051,8.098346801336222,-0.1441282664910708,-0.513233279028429,14.863613092030548,0.0
92.80321267482553,13.778223062087749,8.023983299444048,-0.07171437652491057,-0.5239517908470868,14.946113092030547,1.0
92.95184880574584,13.906001843966205,7.946451289553714,-0.14417050910168905,-0.5453807375127726,14.863613092030548,0.0
93.10130993666614,14.032241036072858,7.86798877754181,-0.07176114000681959,-0.5561062386543223,14.946113092030547,1.0
93.24994606758645,14.157459491023795,7.786386276381141,-0.14431128333943086,-0.5775561094580394,14.863613092030548,0.0
93.39940719850675,14.28110804851906,7.703901528431607,-0.07185608240305624,-0.5882958007975029,14.946113092030547,1.0
93.54804332942706,14.403630988171162,7.6183050395142216,-0.1446533644607475,-0.6097965172155532,14.863613092030548,0.0
93.69750446034736,14.524554608510789,7.531874851160174,-0.07199531913551196,-0.6205570190345151,14.946113092030547,1.0
93.84614059126767,14.64425181773029,7.44236950069977,-0.14472912186513412,-0.6420689957400421,14.863613092030548,0.0
93.99560172218797,14.76232217847515,7.352080579294447,-0.07210359022467999,-0.652845679878437,14.946113092030547,1.0
94.14423785310828,14.879062138646509,7.2587509947289615,-0.14511502300817755,-0.6744150154367836,14.863613092030548,0.0
94.29369898402858,14.994148448909103,7.164688033872414,-0.07226800520641749,-0.6852162732242892,14.946113092030547,1.0
94.44233511494889,15.107696193525053,7.0674998692194695,-0.15276607630312777,-0.7079228317418624,14.863613092030548,0.0
94.59179624586919,15.219577834348632,6.969646929245333,-0.07150313592578843,-0.7186097713016791,14.946113092030547,1.0
94.7404323767895,15.3299436540371,6.868859948436951,-0.14434568332764353,-0.7400647551865478,14.863613092030548,0.0
94.8898935077098,15.438613431332099,6.767451965922686,-0.07212571470628994,-0.7508447460749852,14.946113092030547,1.0
95.03852963863011,15.545656007450885,6.66314225135194,-0.14548129127613574,-0.7724685223315599,14.863613092030548,0.0
95.18799076955041,15.65097517677942,6.558258639729791,-0.07264471037425274,-0.7833260828994738,14.946113092030547,1.0
95.33662690047072,15.754558145407358,6.450512650170086,-0.14645683948745303,-0.8050948608677051,14.863613092030548,0.0
95.48608803139102,15.856392348638277,6.342242181124819,-0.07311159296011305,-0.8160222022349086,14.946113092030547,1.0
95.63472416231133,15.956382834023817,6.231154231785833,-0.14735765696361103,-0.8379248742274613,14.863613092030548,0.0
95.78418529323163,16.054600616033728,6.1195927388233775,-0.07357128585098156,-0.8489209218140101,14.946113092030547,1.0
95.93282142415194,16.150865751299065,6.005261407210721,-0.14837290464796904,-0.8709744962942918,14.863613092030548,0.0
96.08228255507224,16.2453367217444,5.890509783439748,-0.07396672116244965,-0.8820296460896985,14.946113092030547,1.0
96.23091868599255,16.337750601800373,5.773043599246266,-0.14916474728991652,-0.9042009169965769,14.863613092030548,0.0
96.38037981691285,16.428348662633045,5.6552102814269105,-0.07445973410933115,-0.9153297530645828,14.946113092030547,1.0
96.52901594783316,16.5180206215196,5.535637837086985,-0.08076728469859659,-0.9273346897671209,15.028613092030547,1.0
96.67847707875346,16.60530901171588,5.413299543474818,-0.15878722877731408,-0.9510672085558795,14.946113092030547,0.0
96.82876320967377,16.690679726184065,5.29061918332223,-0.07834474856497561,-0.9628413376956337,15.028613092030547,1.0
96.97822434059407,16.77361040635671,5.165285933810785,-0.1566405165177265,-0.9862530064423141,14.946113092030547,0.0
97.12851047151437,16.854625326698294,5.039686521638501,-0.07766865067475176,-0.9979255274460234,15.028613092030547,1.0
97.27797160243468,16.933124219721677,4.911530971851929,-0.155828153996851,-1.0212157795716161,14.946113092030547,0.0
97.42825773335498,17.00970253207721,4.78317836481664,-0.07749693975480688,-1.03286249480553,15.028613092030547,1.0
97.57771886427528,17.083678773733848,4.652360029643951,-0.15574086082585678,-1.0561396999950645,14.946113092030547,0.0
97.72800499519559,17.155727613308805,4.521411206159818,-0.07755344094779035,-1.0677949065746644,15.028613092030547,1.0
97.87746612611589,17.225201129045995,4.388146988313806,-0.15015533400972375,-1.0902372926094739,14.946113092030547,0.0
98.0277522570362,17.29272281580483,4.254807378770284,-0.07860636287042298,-1.1020507387509872,15.028613092030547,1.0
98.1772133879565,17.357436878691004,4.119168110076593,-0.1577789831851073,-1.1256325640132894,14.946113092030547,0.0
98.3274995188768,17.418816738552742,3.9828921310511975,-0.1461889801587064,-1.1476027402245266,14.863613092030548,0.0
98.4769606497971,17.478344383916752,3.8466968343175187,-0.07453035744634703,-1.1587421317363522,14.946113092030547,1.0
98.62559678071742,17.53511015507948,3.7084352095611264,-0.15118108803517494,-1.1812131037302227,14.863613092030548,0.0
98.77505791163772,17.590001773272,3.5703062492842723,-0.07577505926264508,-1.1925385297831708,14.946113092030547,1.0
98.92369404255803,17.642025951838228,3.4301916015828784,-0.15297322737867067,-1.2152758784351285,14.863613092030548,0.0
99.07315517347833,17.692169982199946,3.2902692101151754,-0.07632976853434559,-1.226684211963157,14.946113092030547,1.0
99.22179130439864,17.739369195494127,3.1484564324102484,-0.15350740024553328,-1.2495009580032876,14.863613092030548,0.0
99.37125243531894,17.784696090208648,3.006900181998983,-0.07632268485994811,-1.2609082327973296,14.946113092030547,1.0
99.51988856623925,17.82702448627377,2.8635581555638483,-0.15307193774098038,-1.2836602533756227,14.863613092030548,0.0
99.66934969715955,17.86749889653973,2.720538850822911,-0.07592600483543217,-1.295008239924587,14.946113092030547,1.0
99.81798582807986,17.904938518541503,2.5758429477698495,-0.15200949866496816,-1.3176023436692832,14.863613092030548,0.0
99.96744695900016,17.940549988827367,2.43153590497901,-0.07528551280250052,-1.32885460155466,14.946113092030547,1.0
100.11608308992047,17.973103072017732,2.285662924510461,-0.15056137507912115,-1.3512334618124615,14.863613092030548,0.0
100.26554422084077,18.003859200604712,2.1402436686696356,-0.07449930795887591,-1.3623682126327752,14.946113092030547,1.0
100.41418035176108,18.031542606301276,1.9933686922270297,-0.14889326525242166,-1.384499131499986,14.863613092030548,0.0
100.56364148268138,18.057464005507278,1.8470102948657532,-0.07363699237124197,-1.3955049996573616,14.946113092030547,1.0
100.71227761360169,18.080304929199187,1.6993047707277675,-0.14712647305384863,-1.4173733093680363,14.863613092030548,0.0
100.86173874452199,18.101421260621187,1.5521762556049863,-0.07275100046478643,-1.428246756173087,14.946113092030547,1.0
101.0103748754423,18.119453704136284,1.4038069170041434,-0.14535640551920628,-1.4498519698939447,14.863613092030548,0.0
101.1598360063626,18.13580026068236,1.2560723932663111,-0.07188786804570418,-1.4605964119515054,14.946113092030547,1.0
101.3084721372829,18.14906145163164,1.1072007355520792,-0.14368241339219162,-1.4819528099594126,14.863613092030548,0.0
101.4579332682032,18.160675560028768,0.9590190501078317,-0.0710949445191336,-1.4925787407699587,14.946113092030547,1.0
101.60656939912352,18.169086538852934,0.8097947722868415,-0.1474236518942992,-1.5144912219936693,14.863613092030548,0.0
101.75603053004382,18.175908341209478,0.6613152705784696,-0.06953638527195674,-1.524884208776526,14.946113092030547,1.0
101.90466666096412,18.179671381044486,0.5119015189115738,-0.1394820771883857,-1.545616285062535,14.863613092030548,0.0
102.05412779188443,18.18187473261264,0.36328171990476144,-0.0692869341922055,-1.5559719886049028,14.946113092030547,1.0
102.20276392280473,18.181142193371723,0.21382238415674867,-0.13271039824565453,-1.5756975487330298,14.863613092030548,0.0
102.35222505372504,18.178858488340524,0.06520379815120003,-0.07001006196741227,-1.58616133177048,14.946113092030547,1.0
102.50086118464534,18.17324487551831,-0.08415187468066454,-0.14937717955599575,-1.6083641777874709,14.863613092030548,0.0
102.65032231556565,18.16615485202478,-0.23261881033240936,-0.06791595389485093,-1.6185149730641266,14.946113092030547,1.0
102.79895844648595,18.15599185171105,-0.38173401103508714,-0.13678690988014816,-1.6388464501092563,14.863613092030548,0.0
102.94841957740626,18.144373696983518,-0.5299153792825334,-0.06821017093665976,-1.6490412193977169,14.946113092030547,1.0
103.09705570832656,18.129651538861715,-0.6786496648935293,-0.13736012189280908,-1.6694578964586055,14.863613092030548,0.0
103.24651683924687,18.113497223107416,-0.8264053331349495,-0.06849392884107,-1.6796950765243668,14.946113092030547,1.0
103.39515297016717,18.094210575808727,-0.9746168539150584,-0.1379429707795942,-1.7001983859886984,14.863613092030548,0.0
103.54461410108748,18.073515901943708,-1.1218052702003718,-0.06879503313010617,-1.710480569442024,14.946113092030547,1.0
103.69325023200778,18.049662427366382,-1.2693506578157274,-0.13857778513982433,-1.731078235256713,14.863613092030548,0.0
103.84271136292809,18.02425609421965,-1.4157993438835625,-0.07688484997383958,-1.742569531884441,14.946113092030547,1.0
103.9913474938484,17.995715080609934,-1.5625100803622087,-0.13702101578629594,-1.762935805525686,14.863613092030548,0.0
104.1408086247687,17.965836439836256,-1.7081121622170905,-0.0686349136202233,-1.7731940573359821,14.946113092030547,1.0
104.289444755689,17.932780811369163,-1.8538720849757904,-0.13867122762391412,-1.7938056120799697,14.863613092030548,0.0
104.4389058866093,17.898406954752264,-1.998478922283848,-0.06935006317487749,-1.8041707509514815,14.946113092030547,1.0
104.58754201752961,17.861035283544453,-2.1431923903754946,-0.13018353153254025,-1.8235207273880198,14.863613092030548,0.0
104.73700314844992,17.82196246140953,-2.2866009465545836,-0.08883306140759341,-1.8367978172091117,14.861400648333532,0.0
104.88563927937022,17.780205620590834,-2.4292280448489505,-0.1265408146874305,-1.8556063543077548,14.778900648333533,0.0
105.03425328585357,17.73704884031757,-2.570575428106571,-0.07754444859389452,-1.8671305454938345,14.861400648333532,1.0
105.1820422923369,17.690624397972687,-2.711752246586077,-0.1445708843672875,-1.8884965328608931,14.778900648333533,0.0
105.33065629882024,17.642975881141172,-2.851649384802297,-0.07114509216484619,-1.899069690049137,14.861400648333532,1.0
105.47844530530358,17.591921845305805,-2.9912187523151927,-0.1515977916527794,-1.921474177062569,14.778900648333533,0.0
105.62705931178692,17.53965433325974,-3.1294565822382845,-0.0727153275798193,-1.932280693226954,14.861400648333532,1.0
105.77484831827026,17.48654263422154,-3.268255971099707,-0.02690955864702912,-1.9362576301643035,14.943900648333532,1.0
105.9234623247536,17.431680516488356,-3.4072601605925303,-0.07031721620468559,-1.9467077533892367,15.026400648333532,1.0
106.07290133123693,17.374186724684275,-3.5460900404758355,-0.11186768520780133,-1.9634251491242811,14.943900648333532,0.0
106.22316533772027,17.316642831971627,-3.6840056562348984,-0.01763963667160469,-1.9660757516034668,15.026400648333532,1.0
106.37260434420361,17.251567370309928,-3.8194473630092167,-0.3521247919771105,-2.018696930674677,14.943900648333532,0.0
106.52286835068695,17.182213248819135,-3.951818139583832,-0.23101837814718018,-2.0534106777463546,14.861400648333532,0.0
106.67230735717028,17.112974715267708,-4.0833177532512375,-0.013594557595178742,-2.0554422349269585,14.943900648333532,1.0
106.82092136365362,17.04185678740828,-4.214749320980255,-0.0763079132722034,-2.0667826596447236,15.026400648333532,1.0
106.97036037013696,16.96740167200925,-4.3452702290193175,-0.15001890641580948,-2.0892013359732187,14.943900648333532,0.0
107.1206243766203,16.891921869940774,-4.474246258336512,-0.07372724888024086,-2.1002798877769577,15.026400648333532,1.0
107.27006338310363,16.81114792028848,-4.600953956216287,-0.25456322031552536,-2.138321562508108,14.943900648333532,0.0
107.42032738958697,16.729857165912122,-4.726348652721558,-0.05083868652282947,-2.1459607872293787,15.026400648333532,1.0
107.5697663960703,16.647319377603033,-4.851914512514209,-0.042452685493281024,-2.152304874372044,15.108900648333531,1.0
107.72003040255365,16.562389752610148,-4.976873892629064,-0.10271332714954563,-2.1677389904287683,15.026400648333532,0.0
107.87111940903698,16.475161247617333,-5.09922772199759,-0.14827011240598073,-2.19014097440336,14.943900648333532,0.0
108.02138341552032,16.387000429883262,-5.219891249524288,-0.07750536261158579,-2.2017872407133208,15.026400648333532,1.0
108.17082242200365,16.295597878021955,-5.33915920480845,-0.15324345818851542,-2.224687790855083,14.943900648333532,0.0
108.32108642848699,16.203399983013277,-5.45676687808998,-0.0730887831493902,-2.235670404240102,15.026400648333532,1.0
108.47052543497033,16.112505761230963,-5.5764226848484135,0.10196650030799016,-2.2204326317394933,14.943900648333532,0.0
108.62078944145367,16.01922209461825,-5.693171021890166,-0.16307104112601453,-2.244936339720497,14.861400648333532,0.0
108.770228447937,15.922076562817608,-5.80563821076852,-0.2562439517952012,-2.2832291812941357,14.778900648333533,0.0
108.91884245442034,15.82383097228486,-5.916043801107971,-0.09926433775627412,-2.2979812522290106,14.696400648333533,0.0
109.06663146090368,15.7227591034636,-6.022734459249215,-0.21094628463979453,-2.3291567940572766,14.613900648333534,0.0
109.21359546738701,15.620869770095418,-6.127496918946015,-0.08937812327357002,-2.342292161145522,14.696400648333533,1.0
109.35973447387035,15.515869895038913,-6.230324179143651,-0.16666255408206357,-2.3666480612170497,14.613900648333534,0.0
109.50669848035368,15.410306572085986,-6.331383538250429,-0.07716848810167797,-2.377989051402734,14.696400648333533,1.0
109.65283748683702,15.301919684024805,-6.430634239497556,-0.15175767469965618,-2.400166767209563,14.613900648333534,0.0
109.79980149332035,15.193077803164917,-6.5281537461965655,-0.07375611555253285,-2.411006261453811,14.696400648333533,1.0
109.94594049980368,15.081590233751214,-6.623908333908375,-0.1434170391604895,-2.4319650850695065,14.613900648333534,0.0
110.09290450628701,14.969734144789694,-6.71795526144016,-0.07149807027077973,-2.4424727279323273,14.696400648333533,1.0
110.23904351277035,14.855290191292578,-6.810156132963068,-0.1433437332874646,-2.4634208387005696,14.613900648333534,0.0
110.38600751925368,14.740555257433082,-6.900668586074191,-0.06971985716298688,-2.473667148240688,14.696400648333533,1.0
110.53214652573702,14.623372433203366,-6.989362469218304,-0.13708009889488804,-2.4936998977018243,14.613900648333534,0.0
110.67911053222035,14.505977767848735,-7.076397529752612,-0.06753895386029193,-2.503625692954826,14.696400648333533,1.0
110.82524953870369,14.388736118297729,-7.165013638966414,0.06337982371532765,-2.494363428485979,14.778900648333533,1.0
110.97221354518702,14.269230804587897,-7.251962304467652,-0.12409517961550762,-2.512600953267543,14.696400648333533,0.0
111.12000255167035,14.147784517921261,-7.334722310850682,-0.2085523702639713,-2.5434227008686,14.613900648333534,0.0
111.26696655815368,14.025948390426274,-7.415422789492148,-0.08946771969936643,-2.556571235406547,14.696400648333533,1.0
111.41310556463702,13.902327033364752,-7.494897183355214,-0.09349853161839658,-2.5702350179249103,14.613900648333534,0.0
111.56006957112035,13.775342737280784,-7.5672269681191375,-0.36467340739041415,-2.6238288829329353,14.531400648333534,0.0
111.70620857760369,13.648640818242418,-7.6383802125443525,-0.04156024624988188,-2.629902456029096,14.613900648333534,1.0
111.85152258408702,13.520245190076606,-7.708173993670201,-0.09487322469429886,-2.643688864417418,14.531400648333534,0.0
111.99766159057036,13.39204190563844,-7.77658509174285,-0.05287972301513537,-2.651416654601964,14.613900648333534,1.0
112.14297559705369,13.261978203042561,-7.843218735519754,-0.11509313113150837,-2.6681412986053954,14.531400648333534,0.0
112.28911460353703,13.132064800162976,-7.908323790872509,-0.0608366503079446,-2.6770319062391725,14.613900648333534,1.0
112.43442861002036,13.000271213812667,-7.971466960042738,-0.12226749273659006,-2.6947990854713986,14.531400648333534,0.0
112.5805676165037,12.868615948909808,-8.032973477612805,-0.06669086882318079,-2.7045452227827287,14.613900648333534,1.0
112.72588162298703,12.735015942505918,-8.092198873388744,-0.1360912745567457,-2.724321191135993,14.531400648333534,0.0
112.87202062947037,12.601577764948882,-8.149735064177637,-0.06963206253124528,-2.7344971515736947,14.613900648333534,1.0
113.0173346359537,12.466745632860086,-8.20609910743507,-0.0766769388592894,-2.7456393847642158,14.696400648333533,1.0
113.16347364243704,12.329930435216736,-8.259764933576527,-0.15153597908768687,-2.76778470219457,14.613900648333534,0.0
113.31043764892037,12.193302177261392,-8.311623668077324,-0.07515279748039051,-2.7788294584107187,14.696400648333533,1.0
113.45657665540371,12.054843357236662,-8.360894088808156,-0.14292757845006218,-2.7997167527244797,14.613900648333534,0.0
113.60354066188704,11.91655726548012,-8.408154707113862,-0.08546889033871914,-2.8122776032783428,14.696400648333533,1.0
113.74967966837038,11.776439807739202,-8.452488861417915,-0.15652689987686932,-2.835152288914265,14.613900648333534,0.0
113.8966436748537,11.636618298428377,-8.494992446560577,-0.07710729892690069,-2.8464842864936704,14.696400648333533,1.0
114.04278268133704,11.494974180083956,-8.53417615414505,-0.17259479508531209,-2.8717071183716327,14.613900648333534,0.0
114.18974668782037,11.353696010032643,-8.571553792953411,-0.07650712056804151,-2.8829509113348157,14.696400648333533,1.0
114.33588569430371,11.210845625201875,-8.606081850462276,-0.1470009001457478,-2.904433476834271,14.613900648333534,0.0
114.48284970078704,11.06841599415151,-8.638798962419067,-0.0773583579631477,-2.9158023710555074,14.696400648333533,1.0
114.62898870727038,10.924488881919329,-8.668521101745487,-0.1515315643100645,-2.937947043314646,14.613900648333534,0.0
114.77595271375371,10.781051016762213,-8.696488726869996,-0.07539846342431786,-2.949027903582171,14.696400648333533,1.0
114.92209172023705,10.636489885303133,-8.722955658556621,-0.07859320181867747,-2.9605134360122967,14.778900648333533,1.0
115.06905572672038,10.490487811553638,-8.745868207480266,-0.1729388478082728,-2.985929221962812,14.696400648333533,0.0
115.21684473320371,10.345055218861603,-8.767029024678715,-0.07561330994464648,-2.997104037916448,14.778900648333533,1.0
115.36380873968704,10.198370119323183,-8.785058778163854,-0.15097148296468033,-3.019291411917668,14.696400648333533,0.0
115.51159774617038,10.052314998223542,-8.801378116453222,-0.0746243997188081,-3.030320077811526,14.778900648333533,1.0
115.65856175265371,9.905115349925662,-8.814563486311968,-0.14926282727107135,-3.0522563409263124,14.696400648333533,0.0
115.80635075913705,9.75860288096523,-8.826075030115986,-0.07393643794509877,-3.0631833336331353,14.778900648333533,1.0
115.95331476562038,9.611050252407637,-8.834430402224793,-0.1486305613687313,-3.085026676417751,14.696400648333533,0.0
116.10110377210371,9.464239894642413,-8.841148888250737,-0.07331302332976967,-3.0958615352979475,14.778900648333533,1.0
116.24806777858704,9.31649383751611,-8.844711617676671,-0.14712390911351445,-3.1174834544307597,14.696400648333533,0.0
116.39585678507038,9.169542865095222,-8.846668887762588,-0.07301478116229848,-3.128274236397334,14.778900648333533,1.0
116.54282079155371,9.021758858936884,-8.845453173518392,-0.14659727359389121,3.1333665481153603,14.696400648333533,0.0
116.69060979803704,8.874821196850098,-8.842670609574249,-0.07245916724040315,3.1226578797782913,14.778900648333533,1.0
116.83757380452037,8.727159980033178,-8.836526060324877,-0.1541446216655599,3.1000041686004627,14.696400648333533,0.0
116.98536281100371,8.580401596337596,-8.828754572906494,-0.07657132680800176,3.0886877682863974,14.778900648333533,1.0
117.13232681748704,8.433030395586746,-8.817649635870024,-0.15178195566660385,3.0663812839697573,14.696400648333533,0.0
117.28011582397038,8.286612238508006,-8.804994894493795,-0.07445178384649082,3.0553781288041724,14.778900648333533,1.0
117.4270798304537,8.139599576740137,-8.789866519919581,-0.11111412385525092,3.039048351985519,14.696400648333533,0.0
117.57486883693704,7.993601602670022,-8.773043596004399,-0.08239354600553395,3.0268714916807222,14.778900648333533,1.0
117.72183284342037,7.847104616972555,-8.75354427245492,-0.11979096907680988,3.009266530924673,14.696400648333533,0.0
117.86962184990371,7.701664608348679,-8.73243448578805,-0.07992214290155582,2.997454916829233,14.778900648333533,1.0
118.01658585638704,7.555942928305552,-8.70780153219454,-0.15868041930191384,2.974134606658168,14.696400648333533,0.0
118.16437486287037,7.41155707431393,-8.680394519063887,-0.13619480736238168,2.9540065113898923,14.613900648333534,0.0
118.3113388693537,7.268524362298212,-8.650423658059154,-0.12903847152946915,2.9350425006234357,14.531400648333534,0.0
118.45747787583704,7.126684730155229,-8.618837597307898,-0.08596694173253824,2.922479377168232,14.613900648333534,1.0
118.60279188232037,6.98473285392747,-8.584106141085108,-0.14343601384181998,2.901636115322878,14.531400648333534,0.0
118.74893088880371,6.843956262718991,-8.548076821802617,-0.07251937281421143,2.8910382062290143,14.613900648333534,1.0
118.89424489528704,6.703159508960646,-8.508924767615788,-0.1422319363569868,2.8703699137070977,14.531400648333534,0.0
119.04038390177038,6.563585421955891,-8.468486732091941,-0.07376918255803816,2.8595893586589782,14.613900648333534,1.0
119.18569790825372,6.423189881589569,-8.427919485929738,0.0049202925052088285,2.86030434607598,14.696400648333533,1.0
119.33183691473705,6.282911402008839,-8.384097489533493,-0.1471130582323611,2.8388053899051777,14.613900648333534,0.0
119.47880092122038,6.14395048695234,-8.338859526464885,-0.0812242939040541,2.826868342249258,14.696400648333533,1.0
119.62493992770372,6.0053897519675745,-8.289876448548982,-0.17159730287691688,2.8017912828916054,14.613900648333534,0.0
119.77190393418705,5.867762498910161,-8.240730254069584,-0.02164716151072445,2.7986099293069975,14.696400648333533,1.0
119.91804294067039,5.731670783927458,-8.185255356010186,-0.30164997521662457,2.7545271016231174,14.613900648333534,0.0
120.06500694715372,5.596772512546906,-8.129049790498618,-0.05247975081406482,2.7468144671842354,14.696400648333533,1.0
120.21114595363706,5.462048015272304,-8.070332424790172,-0.11107309458154839,2.7305823554950583,14.613900648333534,0.0
120.35810996012039,5.328586008450083,-8.010796704832135,-0.058416679429446054,2.7219972062406543,14.696400648333533,1.0
120.50424896660373,5.195477081461784,-7.948503585166657,-0.1239545293244779,2.7038826144760657,14.613900648333534,0.0
120.65121297308706,5.063715379329233,-7.88529390974375,-0.06524192297298374,2.694294400085279,14.696400648333533,1.0
120.7973519795704,4.932513112254312,-7.81907922620577,-0.13742701345240854,2.674210952875372,14.613900648333534,0.0
120.94431598605372,4.802743653690573,-7.751874339181012,-0.07121912206682103,2.663744305358206,14.696400648333533,1.0
121.09045499253706,4.673725141688093,-7.681499323995936,-0.1471614475569163,2.642238277619589,14.613900648333534,0.0
121.23741899902039,4.546180536289524,-7.610162216894096,-0.0721898990445571,2.6316289608283734,14.696400648333533,1.0
121.38355800550373,4.419878545971452,-7.535020840520439,-0.18285771605058398,2.6049063158769292,14.613900648333534,0.0
121.53052201198706,4.295356346065221,-7.45853011594256,-0.0963674367770478,2.5907437712736447,14.531400648333534,0.0
121.6766610184704,4.172326065261079,-7.381201528179088,-0.07039162721603319,2.5804568088075484,14.613900648333534,1.0
121.82197502495373,4.050099327810861,-7.301093888916582,-0.13094054659691523,2.5614293133704327,14.531400648333534,0.0
121.96811403143707,3.9294163752760625,-7.220150788854116,-0.07275498347786803,2.5507969723682655,14.613900648333534,1.0
122.1134280379204,3.8099071471579764,-7.136042801061305,-0.15457202547294824,2.5283354920565473,14.531400648333534,0.0
122.25956704440374,3.6919362669442632,-7.051195692083801,-0.07015594172417004,2.5180829724340743,14.613900648333534,1.0
122.40488105088707,3.5750757881486277,-6.963444693732836,-0.14155361071132558,2.4975132501294293,14.531400648333534,0.0
122.55102005737041,3.459782713289376,-6.874993196460387,-0.07069819598103584,2.4871814860085966,14.613900648333534,1.0
122.69633406385374,3.3448363512769603,-6.784749398468243,-0.07690219295773591,2.4760065202425534,14.696400648333533,1.0
122.84247307033708,3.2312699381001972,-6.691469770468349,-0.1508697599155839,2.4539585634201107,14.613900648333534,0.0
122.98943707682041,3.1193606999314114,-6.59748609301094,-0.0743073810809663,2.443038052985168,14.696400648333533,1.0
123.13557608330375,3.0095534997426077,-6.4998090845169765,-0.1946559708948712,2.4145912227925423,14.613900648333534,0.0
123.28254008978708,2.9013443345847993,-6.401587977865776,-0.06838257416079045,2.4045414457202288,14.696400648333533,1.0
123.42867909627041,2.7944906043083817,-6.300688525302105,-0.13476521677969489,2.384846990831533,14.613900648333534,0.0
123.57564310275374,2.6893929616354892,-6.19914496459766,-0.0779436177690417,2.3733920844843888,14.696400648333533,1.0
123.72178210923708,2.5857594584133583,-6.094940760212508,-0.13646928328229496,2.3534485990100213,14.613900648333534,0.0
123.86874611572041,2.483583382795174,-5.990457944461767,-0.05726375616206369,2.3450328879781597,14.696400648333533,1.0
124.01488512220375,2.3830057208534763,-5.883301268888215,-0.1402646659078134,2.324534749057675,14.613900648333534,0.0
124.16184912868708,2.284087976112906,-5.7757285539862675,-0.06961135687080819,2.3143043851551997,14.696400648333533,1.0
124.30798813517042,2.186846762348681,-5.66553524408365,-0.1400610552815363,2.2938360016893484,14.613900648333534,0.0
124.45495214165375,2.091297041310714,-5.554960111140014,-0.07081680710192607,2.283428479991292,14.696400648333533,1.0
124.60109114813709,1.9965144550388878,-5.4426450162450815,-0.07999757820031805,2.2717377133920245,14.778900648333533,1.0
124.74805515462042,1.9038806450216847,-5.327490477997437,-0.15993589423177806,2.2482328935952274,14.696400648333533,0.0
124.89584416110375,1.8130858024113785,-5.211927872639979,-0.077749960047666,2.236742304245664,14.778900648333533,1.0
125.04280816758708,1.7245769896748087,-5.09357340290903,-0.16219111276182824,2.212906048498195,14.696400648333533,0.0
125.19059717407042,1.638014571645511,-4.974807385098568,-0.0831161586076536,2.2006223939948586,14.778900648333533,1.0
125.33756118055375,1.5542125278650938,-4.853074859060716,-0.1831753659707187,2.1737022083227506,14.696400648333533,0.0
125.48535018703708,1.4768033915283196,-4.728149902333773,-0.32591434382080986,2.125535651250805,14.613900648333534,0.0
125.63231419352041,1.4005641787089154,-4.603473554758887,-0.040207169090035515,2.1196266445919805,14.696400648333533,1.0
125.77845320000375,1.3252116484355971,-4.477297426338958,-0.07165321320343754,2.1091553152030915,14.778900648333533,1.0
125.92541720648708,1.2519132526010188,-4.3489660755106865,-0.13208317416935944,2.0897438427381263,14.696400648333533,0.0
126.07320621297042,1.1804671389209394,-4.220537604984689,-0.07627267696241911,2.078471579588026,14.778900648333533,1.0
126.22017021945375,1.1116835544491277,-4.089730843139055,-0.16037286631506134,2.0549025406231483,14.696400648333533,0.0
126.36795922593708,1.0448438466896173,-3.958845883467376,-0.08089189513737263,2.042947607808242,14.778900648333533,1.0
126.51492323242041,0.9808420115286003,-3.825634189035718,-0.16510130010269777,2.018683659269542,14.696400648333533,0.0
126.66271223890375,0.9188087995823105,-3.6924039379015987,-0.08206968689663506,2.0065546617806898,14.778900648333533,1.0
126.80967624538708,0.8596817101815173,-3.5569580899167974,-0.16437142458437162,1.982397978672397,14.696400648333533,0.0
126.95746525187042,0.8021389852277664,-3.42172771608558,-0.06288557099102775,1.9731041826134958,14.778900648333533,1.0
127.10442925835375,0.747571223632306,-3.2843816210126136,-0.16419146881226385,1.948973946526462,14.696400648333533,0.0
127.25221826483708,0.6949238407212301,-3.1471712997016845,-0.0798627333298619,1.937171112512598,14.778900648333533,1.0
127.39918227132041,0.6451717271313039,-3.0080083821170547,-0.15667378117887115,1.9141457059196578,14.696400648333533,0.0
127.54697127780375,0.5972507782057381,-2.8690767375730304,-0.07580513086849906,1.9029425409422631,14.778900648333533,1.0
127.69393528428708,0.5525208106502827,-2.7282192903442124,-0.16781559766753312,1.878279688358647,14.696400648333533,0.0
127.84172429077041,0.5094173264759602,-2.5877183691598025,-0.06640595812937868,1.8684656177821322,14.778900648333533,1.0
127.98868829725374,0.4688563001195313,-2.4456043530380827,-0.13370111138590332,1.8488163667815851,14.696400648333533,0.0
128.13647730373708,0.4298636076827649,-2.3039075318381506,-0.06416451949394908,1.8393335561940938,14.778900648333533,1.0
128.2834413102204,0.3932532552992069,-2.160724877386981,-0.12391209515671807,1.8211229382381182,14.696400648333533,0.0
128.43123031670373,0.3580858021064788,-2.0180305557144944,-0.058793373902021676,1.8124339239213352,14.778900648333533,1.0
128.57819432318706,0.32509143224892056,-1.8739716719376374,-0.11218359921408569,1.7959469727191124,14.696400648333533,0.0
128.72598332967038,0.29337961022968334,-1.7304698268419938,-0.051834469743388574,1.7882864079341465,14.778900648333533,1.0
128.87294733615371,0.26360579965603104,-1.5857110252399647,-0.09961750315299428,1.7736462205549162,14.696400648333533,0.0
129.02073634263704,0.23497723491724198,-1.4415624058132397,-0.045987984523696936,1.766849702011988,14.778900648333533,1.0
129.16770034912037,0.2071910465848866,-1.2964089760387758,-0.04705339963957605,1.7599345458822944,14.861400648333532,1.0
129.3154893556037,0.1811159305274065,-1.1501003595952533,-0.08640689514167887,1.747164556695996,14.943900648333532,1.0
129.46410336208703,0.15572741103088825,-1.002833799451746,-0.03800426561694141,1.7415165905192054,15.026400648333532,1.0
129.61354236857036,0.13173021567752874,-0.8544983476554996,-0.0691472254220852,1.7311832978510497,15.108900648333531,1.0
129.7638063750537,0.10812483702119764,-0.7052647255101782,-0.023354686583064287,1.727673929074916,15.19140064833353,1.0
129.91489538153704,0.08566685764379195,-0.5550199101982918,-0.05625994203214688,1.7191736703284688,15.27390064833353,1.0
130.06680938802037,0.06381879714088372,-0.40385157239643066,-0.03188128700877948,1.71433045628712,15.35640064833353,1.0
130.2195483945037,0.042626919929786886,-0.2517568373544719,-0.0333381069490648,1.7092384269536847,15.43890064833353,1.0
130.37311240098703,0.021634662369084387,-0.09880164638202901,-0.013347611853767892,1.7071887142004356,15.521400648333529,1.0
130.52750140747037,-0.005789930633672103,0.05397033896620823,0.2670463466743842,1.7484177343484981,15.43890064833353,0.0
130.6827154139537,-0.030518108862592253,0.20636614771562925,-0.1079835583407787,1.7316571736240989,15.35640064833353,0.0
130.83710442043704,-0.05437420331148009,0.358065820902026,-0.031605809188765065,1.7267775841443436,15.43890064833353,1.0
130.99066842692037,-0.07724060601976993,0.5107520774875277,-0.04770218797382476,1.7194522450410619,15.521400648333529,1.0
131.1450574334037,-0.09997567538935195,0.6642919890068755,-0.010696297403794795,1.7178008543118397,15.603900648333529,1.0
131.30027143988704,-0.12285350460590791,0.8186447553398585,0.0009148295298240041,1.717942848668413,15.686400648333528,1.0
131.45631044637037,-0.14608673803706473,0.9737786761771055,0.00968397805517835,1.7194539269829494,15.768900648333528,1.0
131.6131744528537,-0.1703213436815226,1.1295942936708565,0.03595471249687809,1.7250939272371661,15.851400648333527,1.0
131.77086345933705,-0.19532469318620968,1.2861239163144484,0.025999452544743642,1.7291937550780574,15.933900648333527,1.0
131.92937746582038,-0.22208127481813938,1.4432003446112183,0.0651317299023363,1.7395180465340672,16.016400648333526,1.0
132.0887164723037,-0.25087115445961344,1.6007555787452301,0.07539347706489823,1.7515311682649122,16.098900648333526,1.0
132.24888047878704,-0.2809095955325875,1.7589173701690655,0.04340581613920391,1.758483217682446,16.181400648333526,1.0
132.40986948527038,-0.3135661647245744,1.917401821087122,0.09643070975860168,1.7740075018409662,16.098900648333526,0.0
132.5716834917537,-0.3474052984808266,2.074794239059265,0.052922187129551844,1.7825710529722598,16.181400648333526,1.0
132.73267249823704,-0.3843311768255651,2.232338684225251,0.1146244652288407,1.8010243317481345,16.098900648333526,0.0
132.89448650472036,-0.4241391606053252,2.388328378230598,0.12134442988230305,1.820659560111826,16.016400648333526,0.0
133.0554755112037,-0.46509295941067214,2.5431679575900272,0.05408805672597762,1.8293671426267555,16.098900648333526,1.0
133.21563951768704,-0.5095338041902056,2.6979015076810557,0.1318027892844693,1.8504772054242349,16.016400648333526,0.0
133.37662852417037,-0.5569357407583827,2.8508902830287273,0.12906585038823618,1.8712553884491638,15.933900648333527,0.0
133.5367925306537,-0.6057336277276577,3.002573127195199,0.06739509376571517,1.8820496566840008,16.016400648333526,1.0
133.69613153713703,-0.6582387831520642,3.1538864366780492,0.14273383251384014,1.9047927237483149,15.933900648333527,0.0
133.85629554362038,-0.7122372438218153,3.303796693940165,0.07330527897560386,1.9165335909254262,16.016400648333526,1.0
134.0156345501037,-0.7701154919098586,3.453137302520192,0.150609930770162,1.9405316276608677,15.933900648333527,0.0
134.17579855658704,-0.8310629569360629,3.6003593304031685,0.14214958668764208,1.9632988749847107,15.851400648333527,0.0
134.33513756307036,-0.8934069025074436,3.7460985588284337,0.07354264957546888,1.975017087702218,15.933900648333527,1.0
134.4936515695537,-0.9595588453562794,3.891056619813053,0.15079523605817485,1.9989202447283996,15.851400648333527,0.0
134.652990576037,-1.0286208705489452,4.033735023671824,0.14230160680718668,2.021594441378039,15.768900648333528,0.0
134.81150458252034,-1.098971904146985,4.174861048335558,0.07347697939924132,2.033241571766906,15.851400648333527,1.0
134.96919358900368,-1.1730364580460515,4.315007871728495,0.15045175511767903,2.056966159555087,15.768900648333528,0.0
135.127707595487,-1.2483917726723996,4.45352646009578,0.0760934865711016,2.069028042978758,15.851400648333527,1.0
135.28539660197035,-1.3275130624685199,4.590881881366283,0.15460007439010312,2.0934067751115832,15.768900648333528,0.0
135.44391060845368,-1.4093290994133822,4.72568528957371,0.1443910546891151,2.1162947796907092,15.686400648333528,0.0
135.60159961493702,-1.4922783005319329,4.858823362880327,0.07409516061824924,2.127978771953824,15.768900648333528,1.0
135.75846362142036,-1.5788093307414155,4.990649777443521,0.15095660476873407,2.151658429782969,15.686400648333528,0.0
135.9161526279037,-1.6664526208360702,5.120745781345978,0.07598065508632491,2.1636397437954846,15.768900648333528,1.0
136.07301663438705,-1.7576849506839878,5.249363372507615,0.15374436261149912,2.187756700488951,15.686400648333528,0.0
136.23070564087038,-1.8513002336691577,5.375230347213494,0.14292386054626294,2.210294222061254,15.603900648333529,0.0
136.38756964735373,-1.9458521626348522,5.4993597324257495,0.07307216305183713,2.2217566143199687,15.686400648333528,1.0
136.54360865383705,-2.0437672773742848,5.621911545286954,0.1483715962197782,2.2449083707844495,15.603900648333529,0.0
136.7004726603204,-2.142583741196828,5.74267361723802,0.07441275595029319,2.256581053816279,15.686400648333528,1.0
136.85651166680373,-2.244881683009883,5.861591436049233,0.15781054534944697,2.2812056545252,15.603900648333529,0.0
137.01337567328707,-2.348001528242317,5.978700227621622,0.07365586380876685,2.2927596084232342,15.686400648333528,1.0
137.1694146797704,-2.4543660293657585,6.0939951079536,0.14847511942972103,2.3159275185465424,15.603900648333529,0.0
137.32627868625374,-2.562618307830947,6.206376671171958,0.13740310511834103,2.3374811201186563,15.521400648333529,0.0
137.48231769273707,-2.671514715107717,6.316979384930801,0.07010996756817725,2.3484210098025735,15.603900648333529,1.0
137.6375316992204,-2.7834170699759664,6.425726957405991,0.142191985684831,2.370491197590537,15.521400648333529,0.0
137.79357070570373,-2.8959239091893734,6.532654965611593,0.07127352491541479,2.3816126476069037,15.603900648333529,1.0
137.94878471218706,-3.0113999083022795,6.637600023490382,0.14381444641676883,2.4039346640254333,15.521400648333529,0.0
138.1048237186704,-3.127427436711758,6.740697067384941,0.07178472712200204,2.415135881526228,15.603900648333529,1.0
138.26003772515372,-3.2463656127520046,6.841701432758551,0.1444279372457398,2.437553120314263,15.521400648333529,0.0
138.41607673163705,-3.3666346532583407,6.939817413639823,0.12648079233939508,2.457289057490127,15.43890064833353,0.0
138.57129073812038,-3.4873070849104644,7.036119695866543,0.06928879258333555,2.4680436485913795,15.521400648333529,1.0
138.72567974460372,-3.610691473510839,7.130288058166843,0.14020511578947054,2.489689777121997,15.43890064833353,0.0
138.88089375108706,-3.7344330835772874,7.222613456953279,0.0701817123811799,2.500582961882541,15.521400648333529,1.0
139.0352827575704,-3.8608350761269508,7.312690779782522,0.1415916362266672,2.5224431539259258,15.43890064833353,0.0
139.19049676405373,-3.987540915065974,7.400904133089544,0.07070527445365267,2.533417602853381,15.521400648333529,1.0
139.34488577053708,-4.116842847840103,7.486766802448722,0.14241734275177895,2.555405274906825,15.43890064833353,0.0
139.5000997770204,-4.246391295375589,7.570749926134716,0.07103227114292904,2.5664304783005294,15.521400648333529,1.0
139.65448878350375,-4.3784638022793585,7.652286670788659,0.14297089624001758,2.5885036129270578,15.43890064833353,0.0
139.80970278998709,-4.510723495980809,7.731931750642407,0.07127538962557879,2.5995665517145046,15.521400648333529,1.0
139.96409179647043,-4.645430319518702,7.809038556444098,0.1434332670794864,2.6217110713155654,15.43890064833353,0.0
140.11930580295376,-4.780975224530152,7.882954346694548,0.13295219956194376,2.6423471148803466,15.35640064833353,0.0
140.2736948094371,-4.916560273514821,7.955055654443012,0.06800332048093356,2.6528460799669658,15.43890064833353,1.0
140.42725881592042,-5.054383280129884,8.024631398567639,0.13838389754038044,2.674096865706046,15.35640064833353,0.0
140.58164782240377,-5.192205995757827,8.092357340009254,0.06964642440821077,2.6848495079755463,15.43890064833353,1.0
140.7352118288871,-5.332212517233991,8.157427604086294,0.14116543001358803,2.706527436985376,15.35640064833353,0.0
140.88960083537043,-5.47217796857113,8.220606528730553,0.07161419356237027,2.7175838811795754,15.43890064833353,1.0
141.04316484185378,-5.614255474272005,8.281021325732027,0.14292555723850744,2.739532102377984,15.35640064833353,0.0
141.19755384833712,-5.756228813283062,8.33954888417474,0.07153592502814261,2.7505764627709453,15.43890064833353,1.0
141.35111785482044,-5.900234219127009,8.395212233073556,0.14436889494985258,2.7727463286910163,15.35640064833353,0.0
141.5055068613038,-6.044077750775478,8.448979718509548,0.07212694094025525,2.7838819354434645,15.43890064833353,1.0
141.6590708677871,-6.189864485071351,8.499795005837829,0.1453476121718528,2.80620209710136,15.35640064833353,0.0
141.81345987427045,-6.335428952083091,8.54871218105065,0.07251514238622672,2.8173976378893673,15.43890064833353,1.0
141.96702388075377,-6.482840868433696,8.594600003408585,0.14595269176121156,2.839810717993246,15.35640064833353,0.0
142.1214128872371,-6.630385864746684,8.637172038246192,0.13521378681740825,2.8606862402028352,15.27390064833353,0.0
142.27497689372044,-6.777579290205483,8.677955608507036,0.06910747162358673,2.8712986604232866,15.35640064833353,1.0
142.42771590020376,-6.926413395916574,8.715775088466357,0.1404723946991005,2.892754274427962,15.27390064833353,0.0
142.5812799066871,-7.074847025493399,8.751784277740299,0.07059991382938854,2.9035958800529813,15.35640064833353,1.0
142.73401891317042,-7.22483682871922,8.784723054516206,0.14286836588166443,2.9254174523156444,15.27390064833353,0.0
142.88758291965374,-7.374371816194362,8.815843652555536,0.07155502852360203,2.936405729179758,15.35640064833353,1.0
143.04032192613707,-7.525365562779051,8.843822083167929,0.1438378584551645,2.9583753807748905,15.27390064833353,0.0
143.1938859326204,-7.675847790964507,8.869981270881937,0.07229236213456992,2.969476885542419,15.35640064833353,1.0
143.34662493910372,-7.827690504291661,8.892909299507648,0.1456693556404076,2.9917262781980027,15.27390064833353,0.0
143.50018894558704,-7.978962570468011,8.914027208879899,0.0726774034942745,3.0028869114593895,15.35640064833353,1.0
143.65292795207037,-8.131488240181305,8.931854832550055,0.14633402323481992,3.025237824782985,15.27390064833353,0.0
143.8064919585537,-8.283531334488222,8.946418540013967,0.13583566764410476,3.0460972941297526,15.19140064833353,0.0
143.95923096503702,-8.434898308536047,8.959298933386219,0.06943899472124847,3.0567033371946777,15.27390064833353,1.0
144.11114497152036,-8.587330089098808,8.968981721000477,0.14121438703755143,3.0781557805026405,15.19140064833353,0.0
144.2638839780037,-8.739034055941383,8.976967446393042,0.07100495204379692,3.089001006333207,15.27390064833353,1.0
144.41579798448703,-8.891700873386016,8.981662864675094,0.1438007947065942,3.110846361192573,15.19140064833353,0.0
144.56853699097036,-9.043585279361992,8.984661628944599,0.07205186395385937,3.121851491308158,15.27390064833353,1.0
144.7204509974537,-9.196323857286748,8.984299807110462,0.14554322240998405,-3.1392237618386325,15.19140064833353,0.0
144.87319000393703,-9.34822405549303,8.982251600404398,0.07276588293488,-3.128109573173276,15.27390064833353,1.0
145.02510401042036,-9.500865325888014,8.97678838946925,0.14674635519249643,-3.1058167464191575,15.19140064833353,0.0
145.1778430169037,-9.652611817776506,8.969656239347831,0.07326195604135839,-3.0946267880403746,15.27390064833353,1.0
145.32975702338703,-9.80496987975031,8.958875466968118,0.15585028310679008,-3.07095094712206,15.19140064833353,0.0
145.48249602987036,-9.956377138190286,8.946477585797957,0.07241332123016826,-3.0598906083812056,15.27390064833353,1.0
145.6344100363537,-10.10829211333041,8.930633204153605,0.14626639909783856,-3.0376706936803624,15.19140064833353,0.0
145.78714904283703,-10.259025734682416,8.911732390416377,0.13630531665984724,-3.0168515550353407,15.108900648333531,0.0
145.93906304932037,-10.408733117410451,8.891346428657286,0.0697666109683901,-3.0062530296443684,15.19140064833353,1.0
146.0901520558037,-10.558783687211742,8.86762530161562,0.14197175301520906,-2.984802658532603,15.108900648333531,0.0
146.24206606228705,-10.707754712839856,8.842415751769801,0.07139805456608517,-2.973956294008353,15.19140064833353,1.0
146.3931550687704,-10.856949851445206,8.813803237333822,0.14456491899958349,-2.9521141240243622,15.108900648333531,0.0
146.54506907525374,-11.005012862350991,8.783716152369761,0.07238614507430809,-2.94111765471224,15.19140064833353,1.0
146.69615808173708,-11.153180466784006,8.750186667399063,0.1460797147504833,-2.9190466157432207,15.108900648333531,0.0
146.84807208822042,-11.30016492595479,8.715208722313724,0.07292917911217475,-2.9079676519547495,15.19140064833353,1.0
146.99916109470377,-11.447135441433911,8.676770031576128,0.14683493078634424,-2.8857825081451915,15.108900648333531,0.0
147.1510751011871,-11.59287394599466,8.63691810353597,0.07315174137372576,-2.874669734031876,15.19140064833353,1.0
147.30216410767045,-11.738482017219619,8.593603499070896,0.1470309936524474,-2.8524549672786703,15.108900648333531,0.0
147.4540781141538,-11.882811802223696,8.548917919285037,0.0731323622109994,-2.841345137131607,15.19140064833353,1.0
147.60516712063713,-12.026897559791047,8.500781032887378,0.14679665559815064,-2.819165776282206,15.108900648333531,0.0
147.75708112712047,-12.169661622667562,8.451320844542488,0.0729309327275573,-2.808086546094996,15.19140064833353,1.0
147.90817013360382,-12.31207105752589,8.398430219388779,0.14629253939975115,-2.7859833516611636,15.108900648333531,0.0
148.06008414008716,-12.453117876935293,8.34426673893735,0.07265701412581908,-2.7749457335461942,15.19140064833353,1.0
148.2111731465705,-12.593701314910101,8.286697977156308,0.14575011208711672,-2.752924493916117,15.108900648333531,0.0
148.36308715305384,-12.732319450944736,8.226590571269805,0.13481203108529974,-2.732444658151793,15.026400648333532,0.0
148.5141761595372,-12.869552686619999,8.165383458361896,0.06870901377668608,-2.722063481523824,15.108900648333531,1.0
148.6644401660205,-13.006219968339634,8.100963414994268,0.13941048272277395,-2.701115103844124,15.026400648333532,0.0
148.81552917250386,-13.141456314697972,8.035462252652891,0.0699487738281657,-2.690546613101699,15.108900648333531,1.0
148.96579317898718,-13.276004578593884,7.966726144509375,0.14146025551728206,-2.669290228349516,15.026400648333532,0.0
149.11688218547053,-13.409079393590844,7.896938142260071,0.07078700874864971,-2.6585950895257553,15.108900648333531,1.0
149.26714619195386,-13.541347475527713,7.823910459968609,0.1428874279694191,-2.6371242521229714,15.026400648333532,0.0
149.4182351984372,-13.6721023138655,7.749866932934281,0.07138841767849108,-2.626338247021511,15.108900648333531,1.0
149.56849920492053,-13.80193433492514,7.672591230493664,0.14392273470265138,-2.6047118402810523,15.026400648333532,0.0
149.71958821140387,-13.93021581670265,7.594340779521225,0.07182575634767936,-2.5938597581145673,15.108900648333531,1.0
149.8698522178872,-14.057460542544016,7.512875034415217,0.14469621633708307,-2.5721171249247776,15.026400648333532,0.0
150.02094122437055,-14.183227206444087,7.430643544729875,0.06350973450331608,-2.562521502236651,15.108900648333531,1.0
150.17120523085387,-14.307815328784876,7.3451702292933145,0.147932404611818,-2.5402925864309656,15.026400648333532,0.0
150.32229423733722,-14.430771226036175,7.258792460304112,0.07352350283318553,-2.529183993434725,15.108900648333531,1.0
150.47255824382054,-14.552443900608422,7.169217641618515,0.14773044485210837,-2.5069854249116816,15.026400648333532,0.0
150.6236472503039,-14.672454761389172,7.078792728352938,0.07355093446373999,-2.4958726872976342,15.108900648333531,1.0
150.77391125678722,-14.791073144853666,6.985210855191562,0.14797851838942025,-2.473636842250972,15.026400648333532,0.0
150.92500026327056,-14.907999429774454,6.890831219999184,0.07375182194249408,-2.4624937527473447,15.108900648333531,1.0
151.0752642697539,-15.023421410538564,6.79333427524392,0.14847314454637603,-2.440183583192627,15.026400648333532,0.0
151.22635327623723,-15.137121499266744,6.6950919143824885,0.07402518154096241,-2.4289991920588543,15.108900648333531,1.0
151.37661728272056,-15.249205183478926,6.593774908832851,0.14903482005722507,-2.4066046228915328,15.026400648333532,0.0
151.5277062892039,-15.359538618296073,6.491766062128879,0.0743043414513133,-2.3953780537642553,15.108900648333531,1.0
151.67797029568723,-15.46814446472582,6.386729601785816,0.14958883687671926,-2.3729002358099773,15.026400648333532,0.0
151.82905930217058,-15.574973431133941,6.281056314808471,0.07457435671044912,-2.3616328703454617,15.108900648333531,1.0
151.9793233086539,-15.679965178968276,6.1724072431750105,0.15010739837040937,-2.339077131263534,15.026400648333532,0.0
152.13041231513725,-15.783155587206409,6.063178074487928,0.07481313130692523,-2.3277736895824632,15.108900648333531,1.0
152.28067632162058,-15.884290688884176,5.9509302277880956,0.15713059796029485,-2.304162616391827,15.026400648333532,0.0
152.43176532810392,-15.983621522073884,5.8381798077345,0.07386087921794952,-2.2930030495328015,15.108900648333531,1.0
152.58202933458725,-16.080934792345044,5.722602927220907,0.148990537670472,-2.27061513441433,15.026400648333532,0.0
152.7331183410706,-16.176419295732387,5.6065771488037965,0.07435470932691648,-2.2593809552547692,15.108900648333531,1.0
152.88338234755392,-16.269823583013544,5.487818877522927,0.14724120880358776,-2.2372559013004927,15.026400648333532,0.0
153.03447135403727,-16.361366039941398,5.368658270676388,0.07541614856007238,-2.2258613503417517,15.108900648333531,1.0
153.1847353605206,-16.45068181073575,5.246795310891507,0.1503033672951156,-2.2032761641840515,15.026400648333532,0.0
153.33582436700394,-16.5381365716164,5.124603099831502,0.07468958267777996,-2.191991389342611,15.108900648333531,1.0
153.48608837348726,-16.62328288776832,4.9997912705608805,0.1498514693555868,-2.1694741071798256,15.026400648333532,0.0
153.6371773799706,-16.70535054160215,4.873917636154648,0.138387117192603,-2.148565335133102,14.943900648333532,0.0
153.78744138645393,-16.785636506922373,4.74787724409192,0.07052213406444252,-2.1379683967228242,15.026400648333532,1.0
153.93688039293727,-16.863639746450183,4.619445292196797,0.14296900371355706,-2.116603250849958,14.943900648333532,0.0
154.0871443994206,-16.93983540034603,4.490890871867854,0.07163405828050308,-2.105839230252069,15.026400648333532,1.0
154.23658340590393,-17.013653473211406,4.360008620348154,0.1439510897980774,-2.084327322410451,14.943900648333532,0.0
154.38684741238725,-17.08564774973852,4.2290550377088705,0.07230489215351893,-2.0734624996271176,15.026400648333532,1.0
154.5362864188706,-17.155158478188852,4.095835180800345,0.14555146616958448,-2.051711433130542,14.943900648333532,0.0
154.68655042535391,-17.22284021190532,3.9626015529886716,0.07249681294215007,-2.0408177715605818,15.026400648333532,1.0
154.83598943183725,-17.287962098017015,3.8271821614907044,0.14573202697193532,-2.019039722237093,14.943900648333532,0.0
154.98625343832057,-17.351194450043035,3.691780217944891,0.07549847991178567,-2.0076950181621465,15.026400648333532,1.0
155.1356924448039,-17.41193453855776,3.554339636995713,0.13898707605553448,-1.9869249276023837,14.943900648333532,0.0
155.28595645128723,-17.470839918452377,3.4170000109652157,0.07291642059470177,-1.9759682141053998,15.026400648333532,1.0
155.43539545777057,-17.527039923711378,3.277641369133027,0.14617674206759115,-1.9541237069998483,14.943900648333532,0.0
155.5856594642539,-17.58141690333794,3.138446682648884,0.07256333366928862,-1.9432200497589138,15.026400648333532,1.0
155.73509847073723,-17.633037406263554,2.9973276005864986,0.14553400951907527,-1.921471591966847,14.943900648333532,0.0
155.88536247722055,-17.68284732736477,2.856434064827695,0.07227428615104071,-1.9106113681640686,15.026400648333532,1.0
156.0348014837039,-17.729850854030577,2.713710765659688,0.14500149901126885,-1.8889424882132302,14.943900648333532,0.0
156.1850654901872,-17.774854641886737,2.5712092718523456,0.08149742453931236,-1.8766963586838799,15.026400648333532,1.0
156.33450449667055,-17.817059366238524,2.4269940407329744,0.1418575250134754,-1.8554973110836812,14.943900648333532,0.0
156.48476850315387,-17.857667713708658,2.283178260046461,0.06323420765453464,-1.8459954856947116,15.026400648333532,1.0
156.6342075096372,-17.895364627021433,2.137719625475966,0.14466782466861497,-1.8243764697061284,14.943900648333532,0.0
156.78447151612053,-17.93129061740507,1.9926632920269192,0.07184918252453058,-1.81358012367744,15.026400648333532,1.0
156.93391052260387,-17.964263942194602,1.8460616839295048,0.144189305940776,-1.7920326170521288,14.943900648333532,0.0
157.0841745290872,-17.995484347131097,1.69992030384047,0.07166397391977763,-1.7812641012104258,15.026400648333532,1.0
157.23361353557053,-18.023709901398163,1.552331043625708,0.14390812096715783,-1.75975861458821,14.943900648333532,0.0
157.38387754205385,-18.050200417115526,1.4052587170793642,0.07156815225282918,-1.7490044972940906,15.026400648333532,1.0
157.5333165485372,-18.07365360206315,1.2568362802302258,0.14378812035214922,-1.7275169434445592,14.943900648333532,0.0
157.6835805550205,-18.095389818560832,1.1089865134022319,0.07154544608343391,-1.716766238070425,15.026400648333532,1.0
157.83301956150385,-18.114046243789033,0.9598851738974225,0.1438115053099601,-1.6952751895960316,14.943900648333532,0.0
157.98328356798717,-18.131004115099305,0.8114114480758126,0.0715875118824829,-1.6845181632463964,15.026400648333532,1.0
158.1327225744705,-18.144837076396453,0.661785511733962,0.14409621968940356,-1.6629845673380075,14.943900648333532,0.0
158.28298658095383,-18.156991304952747,0.5128415914588205,0.07164679405190202,-1.6522186330120823,15.026400648333532,1.0
158.43242558743717,-18.16598457142933,0.3628469488794769,0.14411730299182252,-1.6306818864359265,14.943900648333532,0.0
158.5826895939205,-18.173319605559005,0.2135880666210235,0.07175391325396717,-1.6198998559495277,15.026400648333532,1.0
158.73212860040383,-18.177455096223515,0.06338097836821308,0.14439707182354403,-1.5983213009971144,14.943900648333532,0.0
158.88239260688715,-18.179952989380798,-0.0860371503461472,0.07193379885403796,-1.5875122401797404,15.026400648333532,1.0
159.03183161337049,-18.17904575027779,-0.23629841801560955,0.152260007558541,-1.5647586559230469,14.943900648333532,0.0
159.1820956198538,-18.176546088928998,-0.38571651715981525,0.07114196282215239,-1.5540685795603018,15.026400648333532,1.0
159.33153462633715,-18.17080724955859,-0.5358708956078129,0.14369242604831958,-1.5325953261724607,14.943900648333532,0.0
159.48179863282047,-18.163488119565717,-0.6851305585944141,0.07184671182646415,-1.5217993514007626,15.026400648333532,1.0
159.6312376393038,-18.152878732373736,-0.8350195593510891,0.14498757015872946,-1.5001325529638092,14.943900648333532,0.0
159.78150164578713,-18.140705572403967,-0.9839619335603003,0.07244341213452479,-1.489246915613152,15.026400648333532,1.0
159.93094065227046,-18.125198004025112,-1.1334235907416623,0.1461252820233842,-1.4674100986454803,14.943900648333532,0.0
160.0812046587538,-18.108146572828996,-1.2818866007909353,0.07297672723759314,-1.456444323230718,15.026400648333532,1.0
160.23064366523712,-18.08772188274434,-1.4307560190049178,0.14718669819279287,-1.4344488892852245,14.943900648333532,0.0
160.38090767172045,-18.065775815397018,-1.5785747823156462,0.07348382711549639,-1.4234069150111213,15.026400648333532,1.0
160.53034667820378,-18.040420854698958,-1.7266841932672252,0.148273323831728,-1.401249096809726,14.943900648333532,0.0
160.6806106846871,-18.013568274736908,-1.873690844844996,0.07402504519463154,-1.3901257969386707,15.026400648333532,1.0
160.83004969117044,-17.983279095137874,-2.020870453635213,0.14917912102933015,-1.3678326173039903,14.943900648333532,0.0
160.98031369765377,-17.951519147952673,-2.166895528240637,0.07451851194776342,-1.356635167141543,15.026400648333532,1.0
161.1297527041371,-17.916294423402185,-2.3129725299375714,0.1502928829995924,-1.3341755480245678,14.943900648333532,0.0
161.28001671062043,-17.879626451093213,-2.457843080656048,0.0750772882967365,-1.3228941338891957,15.026400648333532,1.0
161.42945571710376,-17.83946859701386,-2.602641624848195,0.15146320691526852,-1.3002596227289982,14.943900648333532,0.0
161.5797197235871,-17.79811871289432,-2.7462459553609864,0.06536757040780106,-1.2904372297054405,15.026400648333532,1.0
161.72915873007042,-17.75319407897145,-2.8896371995543477,0.15561819602447932,-1.2671818011008134,14.943900648333532,0.0
161.87942273655375,-17.706860064689586,-3.0317117425916362,0.07742551185780659,-1.2555475334850363,15.026400648333532,1.0
162.02886174303708,-17.656959025449364,-3.173447969178806,0.1557071295442598,-1.2322788147435702,14.943900648333532,0.0
162.1791257495204,-17.605692390435372,-3.313818011542084,0.07756874974713864,-1.220623023628662,15.026400648333532,1.0
162.32856475600374,-17.5508644018601,-3.4537221334013544,0.15610492716064103,-1.1972948584066223,14.943900648333532,0.0
162.47882876248707,-17.494714643364816,-3.5922111989612304,0.07779914315747823,-1.185604447454809,15.026400648333532,1.0
162.6282677689704,-17.435012292342154,-3.7301057272311757,0.15657733274716304,-1.1622056864112624,14.943900648333532,0.0
162.77853177545373,-17.37395878106811,-3.866503987556727,0.08169441303045095,-1.1499299566020025,15.026400648333532,1.0
162.92797078193706,-17.30939331870354,-4.0021895531636575,0.155730240960405,-1.126657784113469,14.943900648333532,0.0
163.0782347884204,-17.243611658823106,-4.136371481462893,0.07767991805474111,-1.1149852884032665,15.026400648333532,1.0
163.22767379490372,-17.17433341355685,-4.26971238432939,0.15631629451108922,-1.091625536654373,14.943900648333532,0.0
163.37793780138705,-17.103889518924635,-4.4015064447713215,0.07782448914294404,-1.0799313171132354,15.026400648333532,1.0
163.52737680787038,-17.029980781852625,-4.532337519936378,0.15631017453483076,-1.0565724799275136,14.943900648333532,0.0
163.6776408143537,-16.95496456693397,-4.661583735192393,0.07765740049397973,-1.0449033677962072,15.026400648333532,1.0
163.82707982083704,-16.87653199849314,-4.789753949564525,0.15565027832425782,-1.0216431448445755,14.943900648333532,0.0
163.97734382732037,-16.797057209815137,-4.916307395283371,0.07717174413295745,-1.0100470093838505,15.026400648333532,1.0
164.1267828338037,-16.714228397485464,-5.041681473515195,0.15443558677246183,-0.986968308730903,14.943900648333532,0.0
164.27704684028703,-16.63042715618147,-5.165412506868336,0.07646632988180088,-0.9754781716417873,15.026400648333532,1.0
164.42648584677036,-16.543343265070718,-5.287869305591128,0.15287212126379618,-0.9526331137211256,14.943900648333532,0.0
164.5767498532537,-16.45418385825462,-5.407796853864774,0.14061108309717205,-0.9315043290189834,14.861400648333532,0.0
164.72618885973702,-16.36425035157121,-5.526110366612279,0.07133398608826592,-0.9208442490094569,14.943900648333532,1.0
164.87480286622036,-16.27129213938947,-5.643118005024055,0.14401987932633337,-0.8994408777295241,14.861400648333532,0.0
165.0242418727037,-16.177603122196533,-5.758480438166089,0.07184707253721008,-0.8887041225908272,14.943900648333532,1.0
165.17285587918704,-16.080925429891522,-5.872434115023415,0.14446246585642913,-0.8672349767534414,14.861400648333532,0.0
165.32229488567037,-15.983570718740744,-5.984720281311954,0.07182138487860362,-0.8565020603529256,14.943900648333532,1.0
165.47090889215372,-15.88328081409316,-6.095508149260141,0.14406310545729079,-0.8350922650644863,14.861400648333532,0.0
165.62034789863705,-15.78237335235109,-6.204612718769404,0.07148263772701571,-0.8244099707017529,14.943900648333532,1.0
165.7689619051204,-15.67859408378248,-6.312138901971871,0.1431994639554237,-0.8031285246370714,14.861400648333532,0.0
165.91840091160373,-15.574259232667426,-6.417970663583538,0.07098539831465114,-0.7925205372381061,14.943900648333532,1.0
166.06701491808707,-15.467121019652938,-6.522150411955226,0.1421233580578762,-0.7713990155822594,14.861400648333532,0.0
166.2164539245704,-15.35948981131245,-6.624627950539032,0.07042684237721138,-0.7608744982276505,14.943900648333532,1.0
166.36506793105374,-15.249125892120752,-6.725384200962391,0.14098950760649548,-0.7399214826301366,14.861400648333532,0.0
166.51450693753708,-15.138250865019788,-6.8243430372954315,0.07528879472347913,-0.7286703999473321,14.943900648333532,1.0
166.66312094402042,-15.024835282973154,-6.921651425462892,0.13162485395690018,-0.7091091030480132,14.861400648333532,0.0
166.81255995050375,-14.91104319207381,-7.017241607865607,0.06975697509428157,-0.6986846899946411,14.943900648333532,1.0
166.9611739569871,-14.794650151336013,-7.110968214155048,0.13958933213699307,-0.6779397600834296,14.861400648333532,0.0
167.11061296347043,-14.677942228094103,-7.20297573328033,0.06918261105096953,-0.6676011794220497,14.943900648333532,1.0
167.25922696995377,-14.558705434929857,-7.293056829047606,0.13862516683977805,-0.6469995379785696,14.861400648333532,0.0
167.4086659764371,-14.439212118429701,-7.381416719466406,0.0688018139392896,-0.6367178632592309,14.943900648333532,1.0
167.55727998292045,-14.31723168227542,-7.467746261654105,0.14010123103838162,-0.6158968580013695,14.861400648333532,0.0
167.70671898940378,-14.195055109013447,-7.552357182160803,0.06826899297158441,-0.6056948075180781,14.943900648333532,1.0
167.85533299588712,-14.070489788600117,-7.634913209251809,0.13731298409738374,-0.5852881748091834,14.861400648333532,0.0
168.00477200237046,-13.94577972763584,-7.715743424006657,0.06837593994916528,-0.5750701422758159,14.943900648333532,1.0
168.1533860088538,-13.818741782285691,-7.794441436052319,0.13758469226574813,-0.5546231299274264,14.861400648333532,0.0
168.30282501533713,-13.691609874081227,-7.871406368582141,0.068567576327713,-0.5443764594440427,14.943900648333532,1.0
168.45143902182048,-13.562211475361401,-7.9461597702938445,0.13804710853653773,-0.5238607255609881,14.861400648333532,0.0
168.6008780283038,-13.432769289027926,-8.019172394683318,0.06885851180366107,-0.513570577969128,14.943900648333532,1.0
168.74949203478715,-13.301122529936018,-8.089891186240608,0.1387392523526285,-0.49295198182050143,14.861400648333532,0.0
168.8989310412705,-13.16948184237867,-8.158861123912448,0.06924255179868567,-0.482604443673335,14.943900648333532,1.0
169.04754504775383,-13.035700055240481,-8.225452790724736,0.13960849193040073,-0.4618566663484617,14.861400648333532,0.0
169.19698405423716,-12.901974099732698,-8.290287131521564,0.06971825992827277,-0.4514380388510337,14.943900648333532,1.0
169.3455980607205,-12.766172653912323,-8.352656867546514,0.14063762869775187,-0.43053731738794504,14.861400648333532,0.0
169.49503706720384,-12.630477084144756,-8.413260788776778,0.07026560199286355,-0.4200368956361781,14.943900648333532,1.0
169.64365107368718,-12.492774417864126,-8.471312424050318,0.14179743841725545,-0.39896381020391586,14.861400648333532,0.0
169.79309008017051,-12.355228204489569,-8.52758996938902,0.0708736253837233,-0.3883725260407001,14.943900648333532,1.0
169.94170408665386,-12.21574659798091,-8.581226692858023,0.14306491560671172,-0.36711107574518637,14.861400648333532,0.0
170.0911430931372,-12.076472779756335,-8.633081552612692,0.07152978232981334,-0.3564217361398498,14.943900648333532,1.0
170.23975709962053,-11.93533903389685,-8.682206723741116,0.14441840809838435,-0.33495913790240367,14.861400648333532,0.0
170.38919610610387,-11.794465418119648,-8.729543256154104,0.07221265343489644,-0.3241677507175673,14.943900648333532,1.0
170.5378101125872,-11.651811589359022,-8.77406181182093,0.14582070335709751,-0.30249675176345114,14.861400648333532,0.0
170.68724911907054,-11.509476970811894,-8.816804990061117,0.07203042995859667,-0.291732595873871,14.943900648333532,1.0
170.83586312555389,-11.365443448304903,-8.856634138344182,0.1476803068144321,-0.26978523379949004,14.861400648333532,0.0
170.98530213203722,-11.221776914677651,-8.894661102968755,0.0738095841976605,-0.2587552028680436,14.943900648333532,1.0
171.13391613852056,-11.07650169365954,-8.929691472890662,0.14898343759236143,-0.23661417730778278,14.861400648333532,0.0
171.2833551450039,-10.931649732696318,-8.96291845482008,0.07447329655542453,-0.2254849618610013,14.943900648333532,1.0
171.43196915148724,-10.785283584790736,-8.99306754114136,0.1503372541161352,-0.2031427402030991,14.861400648333532,0.0
171.58140815797057,-10.639397930387732,-9.02141359487792,0.07515305058640522,-0.19191194298927483,14.943900648333532,1.0
171.7300221644539,-10.492097146484419,-9.046602793360513,0.15170166871104374,-0.16936695021191897,14.861400648333532,0.0
171.87946117093725,-10.345335121754395,-9.069991487641573,0.07582449284767485,-0.15803581333365974,14.943900648333532,1.0
172.0280751774206,-10.197261755252434,-9.090148243122114,0.15301792350427817,-0.13529520665792844,14.861400648333532,0.0
172.17751418390392,-10.049786442812708,-9.108510027998163,0.07645358936623581,-0.12387005822095323,14.943900648333532,1.0
172.32612819038727,-9.901108282750142,-9.123570618263365,0.15421037126217318,-0.10095223710639899,14.861400648333532,0.0
172.4755671968706,-9.753088372556054,-9.13684574949296,0.07699978486762077,-0.08944546575635118,14.943900648333532,1.0
172.62418120335394,-9.603978494520575,-9.14675841467298,0.15519539905790367,-0.06638125571457597,14.861400648333532,0.0
172.77362020983728,-9.455587670226059,-9.154900047692394,0.07742330841745104,-0.054811193426019214,14.943900648333532,1.0
172.92223421632062,-9.30622346593681,-9.159627746473577,0.15590457491760806,-0.0316415899184322,14.861400648333532,0.0
173.07167322280395,-9.157639272792135,-9.162604400732066,0.07769603067162831,-0.020030772287165387,14.943900648333532,1.0
173.2202872292873,-9.008201029143576,-9.16212691360098,0.1562838908288088,0.003195202877707982,14.861400648333532,0.0
173.36972623577063,-8.85960334251943,-9.159924539204876,0.0777893718382435,0.014819969320177866,14.943900648333532,1.0
173.51834024225397,-8.710272468281648,-9.154240644580064,0.15627118454052163,0.03804405615264135,14.861400648333532,0.0
173.6677792487373,-8.56184160745733,-9.14686484103193,0.0776701482749404,0.049651005944261736,14.943900648333532,1.0
173.81639325522065,-8.412798476664674,-9.13599461461986,0.1557963184699829,0.07280452102743948,14.861400648333532,0.0
173.96583226170398,-8.264712926199802,-9.123472926772573,0.07730200746304078,0.08435645622188366,14.943900648333532,1.0
174.11444626818732,-8.116134338947264,-9.107459805004279,0.15479410607757585,0.1073610285060787,14.861400648333532,0.0
174.26388527467066,-7.968568176391289,-9.089843034825487,0.07667879790740902,0.11881983188369839,14.943900648333532,1.0
174.412499281154,-7.820625117680875,-9.06875113974388,0.15337392830861188,0.14161334585972907,14.861400648333532,0.0
174.56193828763733,-7.673746214613694,-9.046108022537751,0.07591273282302215,0.15295766923223636,14.943900648333532,1.0
174.71055229412067,-7.526603045724176,-9.020013875533547,0.15177635385778512,0.17551376126847423,14.861400648333532,0.0
174.859991300604,-7.380572670361392,-8.992423072818998,0.07510591320557727,0.1867375143189393,14.943900648333532,1.0
175.00860530708735,-7.234387315487255,-8.961409226249298,0.15016793393602418,0.20905457262649665,14.861400648333532,0.0
175.15804431357068,-7.089360518136005,-8.928953857308727,0.07432267838452587,0.22016127984346065,14.943900648333532,1.0
175.30665832005403,-6.944285162322021,-8.893104759772354,0.1486566628156583,0.24225374209493797,14.861400648333532,0.0
175.45609732653736,-6.800411612698722,-8.855868693360597,0.07361090830462577,0.25325408309831715,14.943900648333532,1.0
175.6047113330207,-6.656593690310414,-8.81526793156187,0.14731000772372563,0.27514641354123104,14.861400648333532,0.0
175.75415033950404,-6.514018654537144,-8.77333367233055,0.07299147089924284,0.2860541864341712,14.943900648333532,1.0
175.90276434598738,-6.371601886800798,-8.728062479213312,0.14617001392590187,0.30777709783142443,14.861400648333532,0.0
176.0522033524707,-6.2304673021950885,-8.681509799900489,0.0724816583472744,0.31860868484310567,14.943900648333532,1.0
176.20081735895405,-6.089592762899566,-8.63164617751903,0.14525905507881173,0.34019621499635133,14.861400648333532,0.0
176.3502563654374,-5.950038270093787,-8.580551496183784,0.07208875260059129,0.35096908656360665,14.943900648333532,1.0
176.49887037192073,-5.810845362929656,-8.526169962057539,0.1445850056391516,0.3724564435290566,14.861400648333532,0.0
176.64830937840406,-5.673009234949502,-8.470606262158524,0.07181323812367946,0.38318814248661043,14.943900648333532,1.0
176.7969233848874,-5.535636529262566,-8.411778068314272,0.14414390961155396,0.4046099464041553,14.861400648333532,0.0
176.94636239137074,-5.399656474516917,-8.351815182840014,0.0716535274793934,0.41531777836170225,14.943900648333532,1.0
177.09497639785408,-5.264242429054974,-8.288608751597954,0.1439264456502929,0.4367072640886983,14.861400648333532,0.0
177.24441540433742,-5.13025620323395,-8.224314006763976,0.07159854484376703,0.4474068794958034,14.943900648333532,1.0
177.39302941082076,-4.9969397231901995,-8.156795618102288,0.14392278563746802,0.46879582129362973,14.861400648333532,0.0
177.5424684173041,-4.865085756264293,-8.088234300080165,0.07164852591753956,0.47950290582274235,14.943900648333532,1.0
177.69108242378744,-4.734006722265166,-8.01646868502266,0.1441181610710565,0.5009208831465227,14.861400648333532,0.0
177.84052143027077,-4.604424512949427,-7.943704861924359,0.07179270742313511,0.5116495140165848,14.943900648333532,1.0
177.9891354367541,-4.475724013096748,-7.867756208240459,0.14448916785698018,0.5331226281452538,14.861400648333532,0.0
178.13857444323745,-4.348554244993367,-7.790853848045462,0.07201413134000166,0.5438843483854641,14.943900648333532,1.0
178.2871884497208,-4.22237429383532,-7.710787396990859,0.14498678671351356,0.5654314156461041,14.861400648333532,0.0
178.43662745620412,-4.097758301091172,-7.629812232431473,0.07228005369774583,0.5762328750592574,14.943900648333532,1.0
178.58524146268746,-3.9742408423146287,-7.545696514303937,0.14553870860283438,0.5978619656431353,14.861400648333532,0.0
178.7346804691708,-3.8523195114533575,-7.460718211166928,0.07255779525470525,0.6087049304786197,14.943900648333532,1.0
178.88329447565414,-3.7316053199608072,-7.37262677780916,0.14609040602115686,0.630416011026201,14.861400648333532,0.0
179.03273348213747,-3.6125180107448753,-7.283720446725609,0.07282307070340324,0.6412986183611833,14.943900648333532,1.0
179.18134748862082,-3.494745519481366,-7.191733181518337,0.14659291716125497,0.6630843791025971,14.861400648333532,0.0
179.33078649510415,-3.3786288179895894,-7.098980636767811,0.07305097622377012,0.6740010444121151,14.943900648333532,1.0
179.4794005015875,-3.2639326885055473,-7.0031849451104815,0.14699478326811183,0.6958465280857387,14.861400648333532,0.0
179.62883950807083,-3.1509188934970203,-6.906675851959631,0.07321499870344975,0.7067877047516609,14.943900648333532,1.0
179.77745351455417,-3.0394283060019505,-6.80716773390522,0.14724107901547545,0.7286697914230801,14.861400648333532,0.0
179.9268925210375,-2.929643695534716,-6.707000562498683,0.07329094043411688,0.7396223167457838,14.943900648333532,1.0
180.07550652752084,-2.8214811273635014,-6.603884727122472,0.14731949510403383,0.7615160571462964,14.861400648333532,0.0
180.22494553400418,-2.715045426850714,-6.50016604713,0.07330173222236004,0.7724701951831134,14.943900648333532,1.0
180.37355954048752,-2.610327567488193,-6.39355372800478,0.14730901265268317,0.794362377744533,14.861400648333532,0.0
180.52299854697085,-2.507355199815362,-6.286395833200523,0.07328660896910824,0.8053142557774092,14.943900648333532,1.0
180.6716125534542,-2.406194175270308,-6.176402816277987,0.14727271547354207,0.8272010440696126,14.861400648333532,0.0
180.82105155993753,-2.306795333446897,-6.065922079643977,0.07326960969839155,0.838150381748362,14.943900648333532,1.0
180.96966556642087,-2.2092995191239977,-5.952667574884824,0.14724794554130008,0.8600334888816946,14.861400648333532,0.0
181.1191045729042,-2.113580861583187,-5.838983532373952,0.07326452464970717,0.8709820666558207,14.943900648333532,1.0
181.26771857938755,-2.0198553833699555,-5.722589583251038,0.1472552452592007,0.8928662586294767,14.861400648333532,0.0
181.41715758587088,-1.927920447261627,-5.60582447525303,0.07327843560134632,0.9038169152423949,14.943900648333532,1.0
181.56577159235422,-1.838067441663253,-5.486415706547943,0.14730382871566247,0.9257083273981646,14.861400648333532,0.0
181.71521059883756,-1.750016829069363,-5.366694311029558,0.07331359400105422,0.9366642380474047,14.943900648333532,1.0
181.8638246053209,-1.6641355041378632,-5.244397889631643,0.14739508851252262,0.9585692126872165,14.861400648333532,0.0
182.01326361180423,-1.5800669054913057,-5.12184751776508,0.07337010857150893,0.9695335688177172,14.943900648333532,1.0
182.16187761828758,-1.4982535432854514,-4.9967931678875175,0.14752941276075954,0.9914585059222274,14.861400648333532,0.0
182.3113166247709,-1.4182617262715445,-4.871543688312381,0.07344749726268256,1.0024344269418501,14.943900648333532,1.0
182.45993063125425,-1.3406095748686329,-4.743863775870269,0.147702352282816,1.0243850652816124,14.861400648333532,0.0
182.6093696377376,-1.2647862010662956,-4.6160477404589795,0.07354152312399642,1.0353750374325337,14.943900648333532,1.0
182.75798364422093,-1.19138513343959,-4.485877467623796,0.1479021123848916,1.057355362921401,14.861400648333532,0.0
182.90742265070426,-1.1198183506189512,-4.355630323625425,0.07364499104195715,1.0683607972151852,14.943900648333532,1.0
183.0560366571876,-1.0507543415455454,-4.2231079507616895,0.14811247705762096,1.0903723858408894,14.861400648333532,0.0
183.20547566367094,-0.9835282121520729,-4.090568256896791,0.07374884501171595,1.1013933399687337,14.943900648333532,1.0
183.35408967015428,-0.9188826357653477,-3.9558353132179924,0.1483123294823939,1.1234346294639888,14.861400648333532,0.0
183.50352867663761,-0.8560763480418986,-3.821144952963711,0.07384030146951369,1.1344692507540228,14.943900648333532,1.0
183.65214268312096,-0.7959249597394682,-3.684346461948581,0.14847107761122913,1.1565341324447258,14.861400648333532,0.0
183.8015816896043,-0.7376117225894255,-3.5476508537670752,0.07390292117440048,1.1675781115612445,14.943900648333532,1.0
183.95019569608763,-0.6820235005922024,-3.408935439216587,0.14855769843055447,1.1896558663189523,14.861400648333532,0.0
184.09963470257097,-0.6282694191135484,-3.2703835657272147,0.07392246134150206,1.200702765498629,14.943900648333532,1.0
184.2482487090543,-0.5773054578504371,-3.1299033489310464,0.14854365330014216,1.2227784329532347,14.861400648333532,0.0
184.39768771553764,-0.5281684134211806,-2.989647604707196,0.07388420957291651,1.233819615826618,14.943900648333532,1.0
184.54630172202098,-0.48188073559700695,-2.847557958566558,0.1483981403707936,1.255873658021798,14.861400648333532,0.0
184.69574072850432,-0.43740917356205516,-2.7057538574509685,0.07377222793543105,1.266898106470531,14.943900648333532,1.0
184.84435473498766,-0.39583946020879446,-2.562213007549437,0.14808824249911157,1.2889060935013996,14.861400648333532,0.0
184.993793741471,-0.35607112085779047,-2.4190187265592655,0.07357032388445264,1.2999003696093494,14.943900648333532,1.0
185.14240774795434,-0.3192498507215718,-2.274187063155568,0.1476001608215007,1.3218358208666172,14.861400648333532,0.0
185.29184675443767,-0.28421168994985174,-2.1297625146440216,0.07329799117998075,1.3327893998457778,14.943900648333532,1.0
185.440460760921,-0.25216055495539463,-1.9838010765711749,0.14703350847014032,1.3546406386268268,14.861400648333532,0.0
185.58989976740435,-0.22187213708188264,-1.8383062839985596,0.07301835961027464,1.3655524297420292,14.943900648333532,1.0
185.7385137738877,-0.1946078142444503,-1.6913754384999284,0.14649898756959764,1.3873242312304994,14.861400648333532,0.0
185.88795278037102,-0.16908467674405195,-1.5449695220376332,0.07277422176100928,1.3981995386280626,14.943900648333532,1.0
186.03656678685437,-0.14662132962558072,-1.3972284827324983,0.14606322338549999,1.4199065794552521,14.861400648333532,0.0
186.1860057933377,-0.12587709714256737,-1.250069386031956,0.07259023310162806,1.4307543917703531,14.943900648333532,1.0
186.33461979982104,-0.10822786321926493,-1.1016762554610064,0.145762697461025,1.4524167702358544,14.861400648333532,0.0
186.48405880630438,-0.09227545789237665,-0.9539209046701957,0.07247873576044751,1.4632479204990638,14.943900648333532,1.0
186.63267281278772,-0.07945320141241177,-0.80503300590912,0.145613240090983,1.4848880875060047,14.861400648333532,0.0
186.78211181927105,-0.06830539130885371,-0.6568376981125374,0.07244343250879057,1.4957139620863609,14.943900648333532,1.0
186.9307258257544,-0.06032286589909405,-0.5076120436599304,0.14561425324030527,1.5173542796614816,14.861400648333532,0.0
187.08016483223773,-0.05399224044928688,-0.3591329336664937,0.0724802904761652,1.5281856622598633,14.943900648333532,1.0
187.22877883872107,-0.05086182232801693,-0.2097267184640719,0.14575567085531008,1.5498469964733372,14.861400648333532,0.0
187.3782178452044,-0.04936050958114666,-0.06112029537588595,0.07258522511832187,1.5606940604003885,14.943900648333532,1.0
187.52683185168775,-0.05109395185574041,0.08830865709520308,0.14603058704510605,1.5823962510102751,14.861400648333532,0.0
187.67627085817108,-0.05443336166234894,0.23688513997581365,0.07275425999815763,1.59326857534183,14.943900648333532,1.0
187.82488486465442,-0.06104140670003742,0.3861779743634902,0.14642755302008273,1.6150297606556956,14.861400648333532,0.0
187.97432387113776,-0.06923173979413581,0.5345661186568823,0.07297927558456009,1.6259357110929258,14.943900648333532,1.0
188.1229378776211,-0.08072336952730828,0.6835626256790337,0.14692469866475935,1.6477707792128524,14.861400648333532,0.0
188.27237688410443,-0.09377272438255621,0.8316026110238406,0.07324597823667708,1.6587165854294414,14.943900648333532,1.0
188.42099089058777,-0.1101539118514072,0.9801410685216775,0.1474850832640256,1.6806349345498366,14.861400648333532,0.0
188.5704298970711,-0.1280668356706547,1.1276715741239924,0.07353091592313797,1.6916233215712,14.943900648333532,1.0
188.71904390355445,-0.14933863336383588,1.275588872914995,0.14805120573225067,1.7136258044197583,14.861400648333532,0.0
188.86848291003778,-0.17211403677547568,1.4224473215056903,0.07380203219042228,1.7246547067867462,14.943900648333532,1.0
189.01709691652113,-0.1982704550107811,1.5695794337172198,0.14856337796394098,1.7467333056026655,14.861400648333532,0.0
189.16653592300446,-0.22589968889936435,1.7156025427026087,0.07403498446679875,1.757797020126393,14.943900648333532,1.0
189.3151499294878,-0.2569261624095194,1.8617852181475807,0.14897826150236457,1.7799372764471815,14.861400648333532,0.0
189.46458893597114,-0.2893915765026345,2.006809767141161,0.07420816761612108,1.7910268712886834,14.943900648333532,1.0
189.61320294245448,-0.3252635147084306,2.1518794769640106,0.14925000157516327,1.8132075119904125,14.861400648333532,0.0
189.7626419489378,-0.3625369949066702,2.295743338294576,0.07429755613381908,1.8243104649631903,14.943900648333532,1.0
189.91125595542115,-0.4032182845867884,2.439538502777561,0.14932811232090368,1.8465027140157932,14.861400648333532,0.0
190.0606949619045,-0.4452597560018581,2.5820819614288957,0.07427681004818154,1.857602566714145,14.943900648333532,1.0
190.20930896838783,-0.4907013403389827,2.724444453229434,0.14916166379798915,1.8797700791848844,14.861400648333532,0.0
190.35874797487116,-0.5374576957335429,2.8655116930594047,0.07413332435118906,1.890848489523233,14.943900648333532,1.0
190.5073619813545,-0.5875985595492995,3.006287793426392,0.14879312123261096,1.9129612314067719,14.861400648333532,0.0
190.65680098783784,-0.6390061077548264,3.1457273391461245,0.07392315071010569,1.924008233605008,14.943900648333532,1.0
190.80541499432118,-0.6937774667692234,3.2847673150179664,0.14834862218711087,1.9460549167045171,14.861400648333532,0.0
190.95485400080452,-0.7497659979849922,3.4224314254292487,0.07369978306045775,1.9570685390631093,14.943900648333532,1.0
191.10346800728786,-0.8090944183791848,3.559588835700281,0.14791316574261787,1.9790505072357534,14.861400648333532,0.0
191.2529070137712,-0.86958982084915,3.6953328197401856,0.07349577550394941,1.9900336429077858,14.943900648333532,1.0
191.40152102025453,-0.9333990548510838,3.8304638610105495,0.14753757318555696,2.01195979276572,14.861400648333532,0.0
191.55096002673787,-0.9983248225987051,3.964145451386378,0.07333008587515727,2.022918167944241,14.943900648333532,1.0
191.6995740332212,-1.0665368005934752,4.097108388766564,0.1472502761557073,2.044801621439518,14.861400648333532,0.0
191.84901303970454,-1.135814805730999,4.22858721187962,0.07321249322907585,2.055742423689839,14.943900648333532,1.0
191.9976270461879,-1.2083500451093796,4.359241931300876,0.1470637992111256,2.0775981640992653,14.861400648333532,0.0
192.14706605267122,-1.2819007882212317,4.488379110729278,0.07314590355900112,2.0885290152554483,14.943900648333532,1.0
192.29568005915456,-1.3586784048627236,4.616586810348211,0.14698006301875474,2.1103723112938386,14.861400648333532,0.0
192.4451190656379,-1.4364209630288725,4.7432446864270865,0.07313059877595984,2.1213008753184495,14.943900648333532,1.0
192.59373307212124,-1.5173585592983527,4.868867622903054,0.14699894806350317,2.1431469779390024,14.861400648333532,0.0
192.74317207860457,-1.5992104372147578,4.992909523100475,0.07316535098356558,2.154080735298991,14.943900648333532,1.0
192.89178608508792,-1.6842238266546632,5.115810866765487,0.14711441124298363,2.175943997365248,14.861400648333532,0.0
193.04122509157125,-1.7701006106200587,5.237101018462933,0.07324526784549365,2.1868896974216843,14.943900648333532,1.0
193.1898390980546,-1.859103342653773,5.35714488689969,0.1473134945473319,2.2087825460554242,14.861400648333532,0.0
193.33927810453793,-1.948918176820524,5.475548512210015,0.07336241289350949,2.2197457521514505,14.943900648333532,1.0
193.48789211102127,-2.041820910698692,5.592600204622763,0.14757673854804004,2.2416777225308184,14.861400648333532,0.0
193.6373311175046,-2.1354838086758687,5.707983844994983,0.07350436457839861,2.252662141745603,14.943900648333532,1.0
193.78594512398794,-2.2321934222388116,5.821910432336273,0.14787094278957158,2.2746378349960295,14.861400648333532,0.0
193.93538413047128,-2.329610247972836,5.934142713730423,0.07364925888409342,2.2856439070719023,14.943900648333532,1.0
194.08399813695462,-2.4300285962527552,6.044814173409327,0.14814523044630454,2.3076603633099246,14.861400648333532,0.0
194.23343714343795,-2.531099833839119,6.153767043292546,0.07377226635140727,2.318684817499503,14.943900648333532,1.0
194.3820511499213,-2.6351227584300654,6.261057526646255,0.14835622182926883,2.340732630012281,14.861400648333532,0.0
194.53149015640463,-2.739742674766645,6.366607495991375,0.07385384450002673,2.3517692751593398,14.943900648333532,1.0
194.68010416288797,-2.8472593438009963,6.47039662132965,0.14846449662253683,2.3738331788229465,14.861400648333532,0.0
194.8295431693713,-2.955315377968418,6.572426109238968,0.07387364173408556,2.384872782448994,14.943900648333532,1.0
194.97815717585465,-3.0662077417795435,6.672600458785682,0.14842711298010286,2.406931130379722,14.861400648333532,0.0
195.12759618233798,-3.1775799997035423,6.770999356584078,0.07380931775920481,2.41796112149487,14.943900648333532,1.0
195.27621018882132,-3.291722377416462,6.867454186783335,0.14819793541158124,2.439985410428944,14.861400648333532,0.0
195.42564919530466,-3.406283321417328,6.962121567821681,0.07364036819387434,2.4509901538889034,14.943900648333532,1.0
195.574263201788,-3.5235428154615303,7.054761881482765,0.14777229012172388,2.4729511859711106,14.861400648333532,0.0
195.72370220827133,-3.6411584545572775,7.145606167836546,0.07339876548480141,2.4839198245622627,14.943900648333532,1.0
195.87231621475468,-3.7613977233175646,7.234344744040572,0.14726279227424555,2.5058051381280615,14.861400648333532,0.0
196.021755221238,-3.8819306326602834,7.3212811615444515,0.07314349579850453,2.516735629470908,14.943900648333532,1.0
196.17036922772135,-4.005010424080632,7.406035993870695,0.14676681464970423,2.5385472338147976,14.861400648333532,0.0
196.3198082342047,-4.128321836479332,7.488984281949876,0.07291225582530761,2.5494431688857904,14.943900648333532,1.0
196.46842224068803,-4.254102356771423,7.569676768426483,0.1463439767217822,2.5711919335911184,14.861400648333532,0.0
196.61786124717136,-4.3800532348194965,7.648559588114601,0.07272764327490495,2.5820602803459947,14.943900648333532,1.0
196.7664752536547,-4.508394756800394,7.7251132973281535,0.14602876765949008,2.6037622005696957,14.861400648333532,0.0
196.91591426013804,-4.636846211561526,7.799855164395934,0.07260196570697804,2.6146117661936836,14.943900648333532,1.0
197.06452826662138,-4.767609197096301,7.872195044633314,0.1458386275731485,2.6362854289373603,14.861400648333532,0.0
197.2139672731047,-4.898422495193121,7.942721663466641,0.07254071764456797,2.6471258417117527,14.943900648333532,1.0
197.36258127958806,-5.03146741950115,8.010773590512075,0.1457794768605672,2.6687907138310463,14.861400648333532,0.0
197.5120202860714,-5.164503736458171,8.077011504832651,0.07254444186002248,2.679631683148496,14.943900648333532,1.0
197.66063429255473,-5.2996907255537655,8.140702121394229,0.14584842236910037,2.7013068015360417,14.861400648333532,0.0
197.81007329903807,-5.434810722533252,8.202578686742449,0.07260769445855866,2.7121572232589743,14.943900648333532,1.0
197.9586873055214,-5.571999061189736,8.261835554660015,0.14603517548301778,2.7338600957750026,14.861400648333532,0.0
198.10812631200474,-5.709062450275706,8.319279007683809,0.07273000424477127,2.74472879535087,14.943900648333532,1.0
198.25674031848808,-5.848110132694325,8.374030799186345,0.14632535610819367,2.7664747927722093,14.861400648333532,0.0
198.40617932497142,-5.986975129248367,8.426970724149218,0.07289820751341271,2.7773686284774297,14.943900648333532,1.0
198.55479333145476,-6.127738345675772,8.4771477463779,0.14670392620088182,2.7991708867169782,14.861400648333532,0.0
198.7042323379381,-6.268261241403661,8.525515490787553,0.07310543716847402,2.810095690615965,14.943900648333532,1.0
198.85284634442144,-6.410593953830497,8.571050264663638,0.14714998480907218,2.831964239412403,14.861400648333532,0.0
199.00228535090477,-6.552628685482101,8.614779636116767,0.0733399144736577,2.842924083366919,14.943900648333532,1.0
199.1508993573881,-6.696382229367639,8.655607754847304,0.1476370710186644,2.8648650199964676,14.861400648333532,0.0
199.30033836387145,-6.839780005042429,8.69463596073166,0.07358675183118184,2.875861751080455,14.943900648333532,1.0
199.4489523703548,-6.984802763785829,8.73069724336525,0.14813078940949875,2.89787606117814,14.861400648333532,0.0
199.59839137683812,-7.129411766651136,8.764966168258375,0.07382588314828455,2.9089085278085745,14.943900648333532,1.0
199.74700538332146,-7.27554894703914,8.796206225348115,0.14858542869025002,2.9309904036712764,14.861400648333532,0.0
199.8964443898048,-7.421214170288484,8.825664087774772,0.07403344915377488,2.942053888759351,14.943900648333532,1.0
200.04505839628814,-7.56830780895942,8.852036006955412,0.14895580030986616,2.964190807032332,14.861400648333532,0.0
200.19449740277147,-7.714871161755292,8.876638985235726,0.07418844074646538,2.9752774539100315,14.943900648333532,1.0
200.34311140925482,-7.862785726322329,8.897929787185632,0.15716716403311418,2.998634695844616,14.861400648333532,0.0
200.49255041573815,-8.010106191594085,8.917495150334368,0.0730896145992936,3.0095571352345845,14.943900648333532,1.0
200.6411644222215,-8.15863983781903,8.933919905974848,0.14738579471185578,3.0314607286854436,14.861400648333532,0.0
200.79060342870483,-8.306524020673688,8.948630153574358,0.0735193599931668,3.042447388800113,14.943900648333532,1.0
200.93921743518817,-8.455518417287681,8.960149113438796,0.14794960174772248,3.064434771873456,14.861400648333532,0.0
201.0886564416715,-8.603807379735256,8.969972887624435,0.07365569431181151,3.0754418056532535,14.943900648333532,1.0
201.23727044815485,-8.753092873172143,8.976744749113841,0.14009516970422445,3.096261910111961,14.861400648333532,0.0
201.38670945463818,-8.901620182852705,8.98182029855042,0.07475649460569356,3.1074334463940128,14.943900648333532,1.0
201.53532346112152,-9.051048557826405,8.983602828057998,0.14958740474861726,3.129664229933149,14.861400648333532,0.0
201.68476246760486,-9.199662510394003,8.983729418992198,0.07412129913776912,3.1407408432355512,14.943900648333532,1.0
201.8333764740882,-9.349067902771152,8.980559973085365,0.1484541141605714,-3.1203821032596983,14.861400648333532,0.0
201.98281548057153,-9.497604807564347,8.975773446423343,0.07362734230933243,-3.1093793063749833,14.943900648333532,1.0
202.13142948705487,-9.646824800633652,8.967685781301514,0.14758556333106193,-3.087446024509254,14.861400648333532,0.0
202.2808684935382,-9.795124065127906,8.958018771759146,0.07325463019393302,-3.0764989253527686,14.943900648333532,1.0
202.42948250002155,-9.943998766366862,8.945044181602299,0.14694240648784318,-3.0546612256023074,14.861400648333532,0.0
202.57892150650488,-10.091902040174059,8.930527139198903,0.07298936658429758,-3.043753767176102,14.943900648333532,1.0
202.72753551298823,-10.240273314428064,8.912695099636107,0.14650477562098996,-3.0219811055021246,14.861400648333532,0.0
202.87697451947156,-10.387623774025148,8.893356925483483,0.07281891355740665,-3.01109911940691,14.943900648333532,1.0
203.0255885259549,-10.535334634748258,8.870695983685662,0.14624320702493543,-2.9893653304899623,14.861400648333532,0.0
203.17502753243824,-10.681976436339395,8.84656498807557,0.0727280589722145,-2.978496921613693,14.943900648333532,1.0
203.32364153892158,-10.828870584429696,8.819103634948837,0.14613362718893907,-2.956779417795203,14.861400648333532,0.0
203.4730805454049,-10.974648411963525,8.790208169516594,0.07271286537477525,-2.94591327943504,14.943900648333532,1.0
203.62169455188825,-11.120569729623993,8.757974868243549,0.14618090035731862,-2.9241887501615977,14.861400648333532,0.0
203.7711335583716,-11.265328262470486,8.724343185395977,0.07277786062910464,-2.9133128989752017,14.943900648333532,1.0
203.91974756485493,-11.410120269782016,8.687366283451327,0.14638908666078332,-2.8915574303011065,14.861400648333532,0.0
204.06918657133826,-11.553703672805568,8.649026626447055,0.07292020980422259,-2.880660306595407,14.943900648333532,1.0
204.2178005778216,-11.697209144434883,8.607334945368278,0.1467405321467161,-2.858852608199587,14.861400648333532,0.0
204.36723958430494,-11.839460786318305,8.564316422561246,0.07312415854711596,-2.847925006596376,14.943900648333532,1.0
204.51585359078828,-11.98152174086061,8.517940762423024,0.14718859717082042,-2.8260507194621587,14.861400648333532,0.0
204.66529259727162,-12.122284357981798,8.470275171644952,0.07335820392717822,-2.8150881423498793,14.943900648333532,1.0
204.81390660375496,-12.262735946503462,8.419232366662587,0.1485370362511213,-2.7930134582814397,14.861400648333532,0.0
204.9633456102383,-12.40184643748665,8.366940931212364,0.07346833296975977,-2.782034423594452,14.943900648333532,1.0
205.11195961672163,-12.540539811006427,8.311297739351815,0.1478900976714481,-2.760055883660286,14.861400648333532,0.0
205.26139862320497,-12.677849698590325,8.254446022625528,0.07370049099058669,-2.749042155509319,14.943900648333532,1.0
205.4100126296883,-12.81462842146012,8.194249696916774,0.14830508886975516,-2.7270019420705176,14.861400648333532,0.0
205.55945163617164,-12.949982872001826,8.132887692047461,0.07387529220969151,-2.7159620917990352,14.943900648333532,1.0
205.708065642655,-13.084693093527314,8.068194779952856,0.14858959501135885,-2.693879596762661,14.861400648333532,0.0
205.85750464913832,-13.217940213665402,8.002381955230508,0.07397771337694622,-2.682824440773701,14.943900648333532,1.0
206.00611865562166,-13.350374656391667,7.9331494842468,0.15427446157853397,-2.659897094940456,14.861400648333532,0.0
206.155557662105,-13.481317339744738,7.862863378939092,0.07316403743898703,-2.648963533875264,14.943900648333532,1.0
206.30417166858834,-13.611285476611052,7.789104989191041,0.15852484062259348,-2.6254045221832083,14.861400648333532,0.0
206.45361067507167,-13.739742667477444,7.7143729810703965,0.0717082215387231,-2.6146885167997747,14.943900648333532,1.0
206.60222468155501,-13.867264502615564,7.636461504241032,0.14493547105475887,-2.5931490757647775,14.861400648333532,0.0
206.75166368803835,-13.993236089091583,7.557611759005277,0.07244573710532837,-2.5823228567878043,14.943900648333532,1.0
206.9002776945217,-14.11815632596815,7.475593766604651,0.14605104999078664,-2.5606176250975756,14.861400648333532,0.0
207.04971670100502,-14.241491568456132,7.3926809154688975,0.0728531766188058,-2.5497305187645063,14.943900648333532,1.0
207.19833070748837,-14.363664860985507,7.30662451970857,0.14667008302062892,-2.527933290095567,14.861400648333532,0.0
207.3477697139717,-14.48422237004776,7.21972221863585,0.07303744287371804,-2.5170186471964353,14.943900648333532,1.0
207.49638372045504,-14.603511394439446,7.129710300989316,0.14699478791511517,-2.495173162832202,14.861400648333532,0.0
207.64582272693838,-14.721156293505713,7.038903909987821,0.07314811614239479,-2.4842419810297547,14.943900648333532,1.0
207.79443673342172,-14.837425798549546,6.945024099295701,0.14740235100592047,-2.462335927081702,14.861400648333532,0.0
207.94387573990505,-14.95202411400156,6.850401961195838,0.07328015107752353,-2.451385014109728,14.943900648333532,1.0
208.0924897463884,-15.065454148228671,6.7531104199706995,0.12618549075318117,-2.432632082768832,14.861400648333532,0.0
208.24192875287173,-15.17715586098291,6.655085676712692,0.07572608588796295,-2.421315651728863,14.943900648333532,1.0
208.39054275935507,-15.287243318035607,6.554027433810902,0.15062001589832244,-2.3989314077096298,14.861400648333532,0.0
208.5399817658384,-15.395592059856614,6.45230883635285,0.07484924143475215,-2.387746011433589,14.943900648333532,1.0
208.68859577232175,-15.502239510064083,6.347626755637132,0.1497285949367034,-2.3654942450549252,14.861400648333532,0.0
208.83803477880508,-15.607137187699706,6.242352826529866,0.07421063596564714,-2.3544042813457224,14.943900648333532,1.0
208.98664878528842,-15.710251557435448,6.134188861122125,0.14874403959868926,-2.3322988336804453,14.861400648333532,0.0
209.13608779177176,-15.811603366347342,6.025496939833945,0.07384797326253026,-2.321263065925285,14.943900648333532,1.0
209.2847017982551,-15.911086092259143,5.913983694414921,0.1482005400030236,-2.299238389912442,14.861400648333532,0.0
209.43414080473843,-16.008645424059413,5.801875266088976,0.08246869466361624,-2.2869143501159335,14.943900648333532,1.0
209.58275481122178,-16.104283259202916,5.687047476996828,0.14565926905642237,-2.2652673425600245,14.861400648333532,0.0
209.7321938177051,-16.19814721634013,5.571827337812862,0.07268141425442234,-2.25440590422404,14.943900648333532,1.0
209.88080782418845,-16.289989649770824,5.453941867629916,0.14638167746357195,-2.232651536660427,14.861400648333532,0.0
210.03024683067179,-16.380041323465843,5.335718270206413,0.07296616193913244,-2.221747545913341,14.943900648333532,1.0
210.17886083715513,-16.467977373153033,5.214890840273725,0.14683546981879747,-2.1999257384497066,14.861400648333532,0.0
210.32829984363846,-16.554109465514276,5.093781857995353,0.07313705853632621,-2.1889962090849244,14.943900648333532,1.0
210.4769138501218,-16.638037179350857,4.970136577014269,0.1470871857242563,-2.1671369931120843,14.861400648333532,0.0
210.62635285660514,-16.720151177228594,4.846268040752781,0.07321799385990112,-2.156195368852958,14.943900648333532,1.0
210.77496686308848,-16.79997720939366,4.719935854642083,0.1471721465386718,-2.1343235265130933,14.861400648333532,0.0
210.9244058695718,-16.877983109965548,4.593439995425278,0.07322156554252914,-2.1233813685052634,14.943900648333532,1.0
211.07301987605516,-16.95362266200544,4.464557588457024,0.14710880669515813,-2.1015189393533134,14.861400648333532,0.0
211.2224588825385,-17.027438996408787,4.3355720400483655,0.07315396941123396,-2.0905868828441863,14.943900648333532,1.0
211.37107288902183,-17.098815986529313,4.204280981936777,0.1469046506207405,-2.0687547941444033,14.861400648333532,0.0
211.52051189550517,-17.168370013961162,4.072947969365533,0.07301868365155025,-2.0578429546047947,14.943900648333532,1.0
211.6691259019885,-17.23541666936232,3.93939362590099,0.14659517111036485,-2.0360568588949732,14.861400648333532,0.0
211.81856490847184,-17.30064306945162,3.8058584632867216,0.07286311087988644,-2.025168267995798,14.943900648333532,1.0
211.96717891495518,-17.36329650786331,3.6701876730851493,0.1463154293670433,-2.003423745827232,14.861400648333532,0.0
212.11661792143852,-17.42413354775338,3.534596458397609,0.07275148488049489,-1.9925518362065036,14.943900648333532,1.0
212.26523192792186,-17.48233256910949,3.396956018947869,0.14615806906321716,-1.9708306999831509,14.861400648333532,0.0
212.4146709344052,-17.538719584197104,3.2594546464000356,0.07271087755112869,-1.9599648586813787,14.943900648333532,1.0
212.56328494088854,-17.59240343477803,3.1199911714485955,0.1461474687859222,-1.9382452978077047,14.861400648333532,0.0
212.71272394737187,-17.644280152633065,2.980725493452838,0.07274062633964655,-1.9273750108765324,14.943900648333532,1.0
212.8613379538552,-17.69338874685616,2.839585978673462,0.14626480763807215,-1.9056380118059242,14.861400648333532,0.0
213.01077696033855,-17.740695848730947,2.698702477030305,0.0728246372807356,-1.8947551703631818,14.943900648333532,1.0
213.1593909668219,-17.78517084353944,2.5560350613548577,0.14646962539730343,-1.8729877325047752,14.861400648333532,0.0
213.30882997330522,-17.827851290313976,2.4136816195764625,0.07293619823683488,-1.862088219503591,14.943900648333532,1.0
213.45744397978856,-17.867638283145293,2.2696364465918495,0.14668418976861977,-1.8402888943743145,14.861400648333532,0.0
213.6068829862719,-17.905833059926596,2.126014435919198,0.06403359409802535,-1.8307197776907485,14.943900648333532,1.0
213.75549699275524,-17.941022698056127,1.9807777118200949,0.14946644945148374,-1.8085069698029246,14.861400648333532,0.0
213.90493599923857,-17.974415081411415,1.835963791022119,0.074168493829608,-1.7974233037726626,14.943900648333532,1.0
214.05355000572192,-18.004763584345366,1.6896388614017899,0.14885269073570334,-1.7753017090266048,14.861400648333532,0.0
214.20298901220525,-18.03333313446224,1.543796810781441,0.07401824898508223,-1.764240495436638,14.943900648333532,1.0
214.3516030186886,-18.05881145210567,1.3965457598894802,0.1488023054583933,-1.742126388648509,14.861400648333532,0.0
214.50104202517193,-18.082525906192956,1.249836020640953,0.07410520045952404,-1.7310521811165893,14.943900648333532,1.0
214.64965603165527,-18.10309674052669,1.1018196113021896,0.14913579303854368,-1.7088885134030618,14.861400648333532,0.0
214.7990950381386,-18.12191769144492,0.954402194659642,0.07433138549110248,-1.6977805050047416,14.943900648333532,1.0
214.94770904462194,-18.137541873182386,0.8057822040669868,0.14965293994585765,-1.6755399820173777,14.861400648333532,0.0
215.09714805110528,-18.15143108873756,0.6578186524257438,0.07460398343995088,-1.6643912368524123,14.943900648333532,1.0
215.24576205758862,-18.16203720059457,0.5087564940823098,0.151818418337869,-1.6418288934452585,14.861400648333532,0.0
215.39520106407195,-18.170932361983407,0.3604089325017589,0.07456316562484872,-1.6306862480540287,14.943900648333532,1.0
215.5438150705553,-18.176427545397843,0.21107099486376943,0.15550046425322708,-1.607576701051338,14.861400648333532,0.0
215.69325407703863,-18.180247272355857,0.06250608444076594,0.07411189993596214,-1.5965014923563154,14.943900648333532,1.0
215.84186808352197,-18.18076650399229,-0.08693201999459571,0.149586302316396,-1.5742708726540484,14.861400648333532,0.0
215.9913070900053,-18.179691400738445,-0.23554213767176602,0.07166005663667142,-1.5635620649857247,14.943900648333532,1.0
216.13992109648865,-18.175248534364957,-0.38491508568148325,0.15140173782536337,-1.541061646138958,14.861400648333532,0.0
216.28936010297198,-18.16915668622735,-0.5334041839658258,0.07540122439868853,-1.5297937620771909,14.943900648333532,1.0
216.43797410945533,-18.159655245995694,-0.682540830341727,0.15221361413232254,-1.507172687039678,14.861400648333532,0.0
216.58741311593866,-18.148538063271396,-0.8307384388625914,0.07529531814720045,-1.4959206295029137,14.943900648333532,1.0
216.736027122422,-18.134013999033208,-0.9794699695369288,0.15118730296778626,-1.4734520786794612,14.861400648333532,0.0
216.88546612890534,-18.117896771894497,-1.1272074323295056,0.07574816454519438,-1.462132348226891,14.943900648333532,1.0
217.03408013538868,-18.098370842667812,-1.2753653033541692,0.15053912264459232,-1.439760126078192,14.861400648333532,0.0
217.183519141872,-18.077308310814004,-1.422479179908817,0.07473970145834688,-1.4285910993473956,14.943900648333532,1.0
217.33213314835535,-18.052840145726513,-1.569901449447641,0.14984305676560472,-1.4063223223377492,14.861400648333532,0.0
217.4815721548387,-18.02685037466464,-1.7162252503932844,0.07568930135748586,-1.3950113883414688,14.943900648333532,1.0
217.63018616132203,-17.997468163365586,-1.8627472703012284,0.14884985426304476,-1.372890215134977,14.861400648333532,0.0
217.77962516780536,-17.96664582963534,-2.0081298919121013,0.0736678647867888,-1.3618813626114907,14.943900648333532,1.0
217.9282391742887,-17.932520799843115,-2.1536204379981134,0.1444813469154619,-1.3404094107842752,14.861400648333532,0.0
218.07767818077204,-17.89700182591719,-2.2979274905432967,0.07327757255291024,-1.3294588831444578,14.943900648333532,1.0
218.22629218725538,-17.858101584866823,-2.4422146622008967,0.14806304833106915,-1.307454640319842,14.861400648333532,0.0
218.37573119373872,-17.817845879857877,-2.585272696359281,0.0733370425867248,-1.2964952255372557,14.943900648333532,1.0
218.52434520022206,-17.774250475405978,-2.7282113453293957,0.14622348794747553,-1.2747643671514137,14.861400648333532,0.0
218.6737842067054,-17.72935241151079,-2.8698809849191553,0.07277463128087464,-1.2638889985556088,14.943900648333532,1.0
218.82239821318873,-17.68112948727235,-3.0113255544035304,0.14578715402856568,-1.2422229855016205,14.861400648333532,0.0
218.97183721967207,-17.631655662363556,-3.1514628569746974,0.07230756924366213,-1.2314174141926226,14.943900648333532,1.0
219.1204512261554,-17.57888429263317,-3.291274155500622,0.14490852148396466,-1.2098819782413142,14.861400648333532,0.0
219.26989023263874,-17.52491327067009,-3.4297416668933307,0.07190532348430455,-1.1991365181389568,14.943900648333532,1.0
219.4185042391221,-17.467558730917208,-3.567736135726184,0.14969683437777476,-1.1768894718242033,14.861400648333532,0.0
219.56794324560542,-17.409066186403603,-3.7043551137612747,0.07108890387218643,-1.1662660166575545,14.943900648333532,1.0
219.71655725208876,-17.347390786637472,-3.8404733040314003,0.1406334188012,-1.1453659208440594,14.861400648333532,0.0
219.8659962585721,-17.284611519003406,-3.975176260488781,0.07157482366867907,-1.1346698503057921,14.943900648333532,1.0
220.01461026505544,-17.218625815593605,-4.1092579654460195,0.14269030616057288,-1.1134640722209357,14.861400648333532,0.0
220.16404927153877,-17.151553560190003,-4.241875594282094,0.07300709859158665,-1.102553963941178,14.943900648333532,1.0
220.31266327802211,-17.081277351705666,-4.373759145871336,0.14366576000691972,-1.0812032197520764,14.861400648333532,0.0
220.46210228450545,-17.009983516571943,-4.504155894277708,0.07192240360385388,-1.070455207213623,14.943900648333532,1.0
220.6107162909888,-16.935539625798626,-4.6337326043195075,0.14217590955027737,-1.049325875669944,14.861400648333532,0.0
220.76015529747212,-16.860127763023335,-4.761791863554401,0.07183093966785378,-1.0385915314112155,14.943900648333532,1.0
220.90876930395547,-16.781550229292527,-4.888904364322462,0.14446988230246469,-1.0171212833860703,14.861400648333532,0.0
221.0582083104388,-16.70328711655295,-5.015241247722921,0.006321244266625218,-1.0161766429231274,14.943900648333532,1.0
221.20682231692214,-16.621733809579425,-5.140465345964467,0.15234102779669964,-0.9935366324304706,14.861400648333532,0.0
221.35626132340548,-16.53924206147083,-5.264082636086104,0.07489374778293477,-0.9823445851699754,14.943900648333532,1.0
221.50487532988882,-16.453642147199925,-5.386576192388221,0.1445097482300986,-0.9608684125096023,14.861400648333532,0.0
221.65431433637215,-16.367442946775387,-5.5076374197452855,0.059062158413643914,-0.952042222235506,14.943900648333532,1.0
221.8029283428555,-16.27820516513448,-5.62750666094809,0.1425947036216236,-0.9308506520269929,14.861400648333532,0.0
221.95236734933883,-16.191834009539207,-5.748445266877569,-0.13229780376899442,-0.9506211043821587,14.778900648333533,0.0
222.10098135582217,-16.10262502623906,-5.866272885608857,0.1874894350848179,-0.9227575482609068,14.696400648333533,0.0
222.2487703623055,-16.01220907075157,-5.98213217179222,0.09901124933675039,-0.9081247740907546,14.613900648333534,0.0
222.39573436878882,-15.917912397951623,-6.093777801867006,0.2632155501571766,-0.8694415622709404,14.531400648333534,0.0
222.54187337527216,-15.822975486477139,-6.20379208875705,0.07260206964973193,-0.8588315679436946,14.613900648333534,1.0
222.6871873817555,-15.725210280842296,-6.312413328775349,0.14369788940589057,-0.8379502519109254,14.531400648333534,0.0
222.83332638823885,-15.622067952012934,-6.41477455426574,0.385612269503628,-0.7815972579578812,14.448900648333534,0.0
222.9786403947222,-15.518870859685823,-6.515905326683295,0.043433638123024365,-0.7752857419860771,14.531400648333534,1.0
223.12312940120552,-15.413640617931648,-6.616118882156579,0.09897987586563212,-0.760984238060408,14.448900648333534,0.0
223.26844340768886,-15.308227932924565,-6.7149381051556425,0.05408327105686875,-0.7531251812594102,14.531400648333534,1.0
223.4129324141722,-15.20056902163454,-6.812537896651758,0.1155442436867989,-0.7364303082842363,14.448900648333534,0.0
223.55824642065554,-15.09267313389106,-6.908639667720702,0.0604402704808021,-0.7276474904277345,14.531400648333534,1.0
223.70273542713886,-14.982422328451591,-7.003301805770649,0.12580655538753419,-0.709469826230699,14.448900648333534,0.0
223.8480494336222,-14.871920809620953,-7.0963957762019465,0.06444584200970367,-0.7001049427270769,14.531400648333534,1.0
223.99253844010553,-14.759067438394597,-7.187939629535118,0.1286389682293316,-0.6815180260125795,14.448900648333534,0.0
224.13785244658888,-14.645963321767638,-7.277853654006147,0.06780912243271177,-0.6716644107557631,14.531400648333534,1.0
224.2823414530722,-14.530431915305961,-7.365993625649128,0.1380899804070198,-0.6517119266814495,14.448900648333534,0.0
224.42765545955555,-14.414636556741428,-7.452414155209253,0.07273502666677416,-0.6411425085448283,14.531400648333534,1.0
224.57214446603888,-14.297248226935475,-7.538065427853665,0.074741694971741,-0.630343155295481,14.613900648333534,1.0
224.71745847252222,-14.177285936292638,-7.621525945702884,0.15479217258221348,-0.6078496845252997,14.531400648333534,0.0
224.86359747900556,-14.05761195253474,-7.703953478067704,0.03217663402508641,-0.6031474231968957,14.613900648333534,1.0
225.0089114854889,-13.935089126454224,-7.783607519428956,0.18367608372832397,-0.5764567155751644,14.531400648333534,0.0
225.15505049197225,-13.812276558988593,-7.8612814130659965,0.08561515193934764,-0.5639450023308283,14.613900648333534,1.0
225.3003644984556,-13.686944638679698,-7.936438042631333,0.16361127603092768,-0.5401699923049235,14.531400648333534,0.0
225.44650350493893,-13.561493552980007,-8.009774156361251,0.07640930542707673,-0.5290036123237287,14.613900648333534,1.0
225.59181751142228,-13.433777818553379,-8.080804434382694,0.14756985320704855,-0.5075596457180549,14.531400648333534,0.0
225.73795651790562,-13.306047556904488,-8.150094698773477,0.07194111772618399,-0.49704624224824967,14.613900648333534,1.0
225.88327052438896,-13.177613269645988,-8.219817313987893,-0.002087616038808622,-0.4973496020988478,14.696400648333533,1.0
226.0294095308723,-13.046848191105708,-8.286891254053973,0.16017555973106554,-0.4739417049368378,14.613900648333534,0.0
226.17637353735563,-12.914657095370552,-8.349197942493298,0.22784802450506164,-0.44045624638626074,14.531400648333534,0.0
226.32251254383897,-12.782432884830113,-8.409471640133283,0.08726320633159769,-0.4277036881104108,14.613900648333534,1.0
226.46782655032231,-12.648657363450145,-8.468299516989871,0.09225339988585671,-0.41429797696128773,14.583304952921395,0.0
226.61396555680565,-12.512511738337167,-8.520564678403442,0.3267766313263992,-0.3665431647172766,14.500804952921396,0.0
226.75979860633487,-12.376898966909755,-8.571911641838911,0.03150506150723532,-0.36194868552207105,14.583304952921395,1.0
226.9048066558641,-12.239784788168265,-8.621580347509955,0.0993635717826484,-0.34754016778361313,14.500804952921396,0.0
227.0506397053933,-12.103036480811397,-8.66982177020144,0.05756637127261033,-0.3391450883105975,14.583304952921395,1.0
227.19564775492253,-11.964525343381116,-8.71545008534412,0.14427346436214608,-0.31822427464462016,14.500804952921396,0.0
227.34148080445175,-11.826289397291147,-8.759246861902195,0.0781916161604443,-0.3068213528123248,14.583304952921395,1.0
227.48648885398097,-11.686227890081025,-8.799867700556991,0.16926069396386698,-0.2822771897186634,14.500804952921396,0.0
227.6323219035102,-11.546424323970781,-8.83836831524203,0.0928986926595,-0.26872949007085134,14.532567971656322,0.3850062876960759
227.7773299530394,-11.406288212880819,-8.876857580676216,0.004709011729639526,-0.2680466454647261,14.615067971656321,1.0
227.92265563275598,-11.264829387532066,-8.91359205920204,0.09616581749784792,-0.2540712826713523,14.532567971656322,0.0
228.06880631247253,-11.123237000654392,-8.946320474430463,0.18416203298473996,-0.22715587637264856,14.450067971656322,0.0
228.2141319921891,-10.982039861935418,-8.977042037804148,0.08887461384447948,-0.21424011270615254,14.532567971656322,1.0
228.35863267190567,-10.839313968559988,-9.004407573524585,0.17165484962217875,-0.18943587025910338,14.450067971656322,0.0
228.50395835162223,-10.697085497207205,-9.02993223562223,0.08163535941358281,-0.1775721561634186,14.532567971656322,1.0
228.6484590313388,-10.553738187590342,-9.053829976324826,0.0856688559770128,-0.16519294824419994,14.615067971656321,1.0
228.79378471105537,-10.409054719015455,-9.07448705992229,0.16085981965712234,-0.14181588561344488,14.532567971656322,0.0
228.93993539077192,-10.264969476342447,-9.093434250451278,0.07571790284231752,-0.13074966264632754,14.615067971656321,1.0
229.08526107048849,-10.119695322000148,-9.109416780343109,0.14570031379925147,-0.10957566550853472,14.532567971656322,0.0
229.23141175020504,-9.975048803905048,-9.12345023993244,0.08798705213841573,-0.09671629803224854,14.615067971656321,1.0
229.3767374299216,-9.829309534730028,-9.134408643189495,0.1490836989644951,-0.07505060814557374,14.532567971656322,0.0
229.52288810963816,-9.684276838941301,-9.143632001435584,0.0789671760707223,-0.06350950168754016,14.615067971656321,1.0
229.66821378935472,-9.538256055462488,-9.149792518771589,0.14687829456933682,-0.04216431369364173,14.532567971656322,0.0
229.81436446907128,-9.393004211731279,-9.154424481397214,0.07037896578300006,-0.03187838000670752,14.615067971656321,1.0
229.95969014878784,-9.24685958196216,-9.15575428260816,0.15674736569532494,-0.009098962543253862,14.532567971656322,0.0
230.1058408285044,-9.101534012392905,-9.155575356778732,0.07068163309884666,0.001231206177619269,14.615067971656321,1.0
230.25116650822096,-8.955428556277605,-9.151939854756545,0.1627130616590803,0.02487759246198808,14.532567971656322,0.0
230.39731718793752,-8.810191759190207,-9.146857930231805,0.06909821168051712,0.0349763430662946,14.615067971656321,1.0
230.54264286765408,-8.664194390341292,-9.140165436615263,0.07453199789371523,0.045807756320832206,14.697567971656321,1.0
230.68879354737064,-8.517549427144912,-9.130311239678019,0.1456648908117309,0.06709677912380577,14.615067971656321,0.0
230.8357692270872,-8.371838510529027,-9.11898207551768,0.07142730376882599,0.07759485564555035,14.697567971656321,1.0
230.98191990680377,-8.225348868366304,-9.107039078942998,0.025680024905843663,0.08134800874067766,14.78006797165632,1.0
231.12889558652034,-8.078258267651353,-9.092568553520838,0.11372465439557013,0.09806276712099779,14.697567971656321,0.0
231.2766962662369,-7.9324353389893965,-9.074196729860796,0.18446552054415505,0.12532689644169367,14.615067971656321,0.0
231.4236719459535,-7.787672796369946,-9.054101271767856,0.08578495036300315,0.13793519783074773,14.697567971656321,1.0
231.56982262567004,-7.6426125630556765,-9.03045007435725,0.16207002026332912,0.16162184145391045,14.615067971656321,0.0
231.71679830538662,-7.498639013053902,-9.005317663380584,0.07619956976467947,0.17282132501418387,14.697567971656321,1.0
231.86294898510317,-7.3544230496725405,-8.976969712235368,0.14553552348376736,0.19409144069424236,14.615067971656321,0.0
232.00992466481975,-7.211310168646081,-8.947326425205754,0.06907612940832526,0.20424395176622023,14.697567971656321,1.0
232.1560753445363,-7.068020838346472,-8.914615291773309,0.1381941754929068,0.22444112444737865,14.615067971656321,0.0
232.30305102425288,-6.925864025238415,-8.880682097573908,0.0671996296829431,0.23431783569673054,14.697567971656321,1.0
232.44920170396944,-6.783586885442457,-8.84381658632522,0.1314871333718471,0.25353476961300836,14.615067971656321,0.0
232.596177383686,-6.642528689115659,-8.805572548480818,0.07635898059770488,0.2647576826888199,14.697567971656321,1.0
232.74232806340257,-6.501001397682164,-8.765925654432932,0.0573186504582279,0.273134842413726,14.78006797165632,1.0
232.88930374311914,-6.3593948787941725,-8.723586137039566,0.11837929174617959,0.29053371928248606,14.697567971656321,0.0
233.0371044228357,-6.218973427681883,-8.680184910148329,0.06245481432910936,0.2997645832919002,14.78006797165632,1.0
233.1840801025523,-6.078594768476913,-8.633936959226228,0.1257909118252731,0.318252788059586,14.697567971656321,0.0
233.33188078226885,-5.939429089873503,-8.58666366521155,0.06230342986920757,0.3274612773429281,14.78006797165632,1.0
233.47885646198543,-5.800434635461219,-8.536408490678875,0.13251713980233581,0.3469380740394713,14.697567971656321,0.0
233.626657141702,-5.6626688471101465,-8.485198745628217,0.060556904418221265,0.35588842567401535,14.78006797165632,1.0
233.77363282141857,-5.52507293968202,-8.431232022699096,0.12169298982720192,0.3737743355706092,14.697567971656321,0.0
233.92143350113514,-5.388731948466777,-8.376341362814276,0.060689848072346536,0.38274433636759697,14.78006797165632,1.0
234.06840918085172,-5.252637686401898,-8.318692488083764,0.12203258735711031,0.40068015884197916,14.697567971656321,0.0
234.21620986056828,-5.117827027679074,-8.260143903789487,0.06118506955328278,0.4097233537104596,14.78006797165632,1.0
234.36318554028486,-4.98334778934672,-8.198822004094291,0.1231840632878712,0.4278284151424426,14.697567971656321,0.0
234.51098622000143,-4.850181583151297,-8.136623837275133,0.06178115393301906,0.4369597116874164,14.78006797165632,1.0
234.657961899718,-4.717447225090665,-8.071611291448116,0.12580406786074982,0.45544985007235866,14.697567971656321,0.0
234.80576257943457,-4.586071342748036,-8.00571570762916,0.06401444208151351,0.4649112281236829,14.78006797165632,1.0
234.95273825915115,-4.455281414946317,-7.936875053141427,0.13328568448700037,0.4845009821976471,14.697567971656321,0.0
235.10053893886771,-4.325947294793455,-7.867057177261171,0.07102326080799413,0.4949982684207554,14.78006797165632,1.0
235.2475146185843,-4.196739588468845,-7.795290823368755,0.0816961607006806,0.5070056171699715,14.86256797165632,1.0
235.39531529830086,-4.068695481337979,-7.719830242266634,0.1727553997397149,0.5325389826762079,14.78006797165632,0.0
235.54394097801742,-3.942404421816384,-7.643047371718635,0.09237980598674679,0.5462689941330724,14.697567971656321,0.0
235.69174165773398,-3.8190889045003944,-7.563077792394771,0.19653479068986318,0.5753169697849866,14.615067971656321,0.0
235.83871733745056,-3.6976791536450495,-7.481716293030166,0.10264432407230632,0.590403189084561,14.532567971656322,0.0
235.98486801716712,-3.579472585007561,-7.397177779227096,0.20824832504632093,0.6208388233399167,14.450067971656322,0.0
236.13019369688368,-3.4631858567874216,-7.31139990749782,0.10119040128732859,0.6355443871877895,14.367567971656323,0.0
236.27469437660025,-3.3499889602294983,-7.222917346777239,0.19321051100506875,0.6634634373564064,14.285067971656323,0.0
236.4183700563168,-3.2396616616369394,-7.132174832591481,0.17287621574344736,0.6883015451601735,14.202567971656324,0.0
236.56122073603336,-3.1318738992304445,-7.039691904575805,0.1457754909538067,0.7091256731289405,14.120067971656324,0.0
236.70324641574993,-3.0256656595426743,-6.946646529758759,0.07257474919382552,0.7194331512134526,14.202567971656324,1.0
236.8444470954665,-2.9207620003719668,-6.850904605861504,0.14401786776666425,0.7397685720334357,14.120067971656324,0.0
236.98647277518307,-2.8174104655786265,-6.754696018883623,0.06936353061059189,0.7496199746159457,14.202567971656324,1.0
237.12767345489965,-2.71446565498685,-6.656850938929773,0.07354995984143793,0.7600052789386826,14.285067971656323,1.0
237.26969913461622,-2.6129575373377367,-6.556340149723749,0.1440311157971232,0.7804613960601041,14.202567971656324,0.0
237.41254981433278,-2.5130499261312242,-6.455395794151185,0.07069238464934052,0.7905598512580472,14.285067971656323,1.0
237.55457549404935,-2.4145814382762,-6.351905342441721,0.1387034417888179,0.8102593018571308,14.202567971656324,0.0
237.6974261737659,-2.3181392859665806,-6.247645067375711,0.0985153123870451,0.8243322811941097,14.120067971656324,0.0
237.83945185348247,-2.224011088375274,-6.14239529601904,0.11821447953717071,0.8411217730027162,14.037567971656324,0.0
237.98065253319905,-2.131483786156855,-6.036830009110566,0.07081571174722764,0.8511209996360369,14.120067971656324,1.0
238.1210282129156,-2.0396026355831647,-5.929613004294751,0.07944374471004079,0.862272969298938,14.202567971656324,1.0
238.26222889263218,-1.9496679872044067,-5.819690064378003,0.16151759123657325,0.8850793629677243,14.120067971656324,0.0
238.40425457234875,-1.861508485696161,-5.709392583689471,0.0803379291165987,0.8964894119575303,14.202567971656324,1.0
238.54545525206532,-1.775389152770517,-5.596455635814146,0.161657828614477,0.9193156072393981,14.120067971656324,0.0
238.6874809317819,-1.6910528734265353,-5.483208013592603,0.08009710931365067,0.9306914536330012,14.202567971656324,1.0
238.82868161149847,-1.6076168117243612,-5.368274479293066,0.08621708038119034,0.9428653639860028,14.285067971656323,1.0
238.97070729121504,-1.526482707745042,-5.250700783821004,0.16828242562988027,0.9667657898704386,14.202567971656324,0.0
239.1135579709316,-1.4471978950781481,-5.132865253613314,0.08235301781048215,0.9785299744413762,14.285067971656323,1.0
239.25558365064816,-1.3702246527231043,-5.012526412598304,0.16342345891933563,1.0017403022760267,14.202567971656324,0.0
239.39843433036472,-1.2950721723415788,-4.892013349441416,0.08022987869302663,1.013201194980903,14.285067971656323,1.0
239.5404600100813,-1.2222458251683428,-4.769120551227332,0.15936642216401425,1.0358353194127439,14.202567971656324,0.0
239.68331068979785,-1.15120975522618,-4.646136119423449,0.078217028645435,1.0470086751201542,14.285067971656323,1.0
239.82533636951442,-1.081227496838959,-4.5216017859787785,0.0831887303237832,1.0588236110891474,14.367567971656323,1.0
239.96818704923098,-1.013752167979913,-4.394756285714165,0.16166410452452354,1.081917438306245,14.285067971656323,0.0
240.11186272894753,-0.9480970238403075,-4.267887381945386,0.07883358988983687,1.0932439079181642,14.367567971656323,1.0
240.2547134086641,-0.8848906410263483,-4.138861593385147,0.1542754472388458,1.11528226041981,14.285067971656323,0.0
240.39838908838064,-0.8234360268499494,-4.009905604412498,0.07515398249592165,1.1260800599383183,14.367567971656323,1.0
240.5412397680972,-0.7630955852124369,-3.8795149143882233,0.07907971991034647,1.1373766516793067,14.450067971656322,1.0
240.68491544781375,-0.7052899286047246,-3.7470802040487508,0.15216333072202723,1.1592388216487302,14.367567971656323,0.0
240.82941612753032,-0.649132627032957,-3.6148340002386075,0.06913509171232127,1.1692288893934275,14.450067971656322,1.0
240.97309180724687,-0.5948724803312386,-3.4809075916462136,0.11574810613777509,1.1858590772186772,14.367567971656323,0.0
241.11759248696345,-0.5424964498644409,-3.3471187566316374,0.08162427633319136,1.197653840630196,14.450067971656322,1.0
241.26126816668,-0.49059969827635863,-3.2122589271302115,0.04030235896496783,1.2034443094486686,14.532567971656322,1.0
241.40576884639657,-0.44096327133953306,-3.075672770049685,0.12998699099713182,1.222227518002065,14.450067971656322,0.0
241.55109452611313,-0.39119716424137224,-2.940012234067981,-0.020858951890289485,1.2191961766404336,14.532567971656322,1.0
241.6955952058297,-0.3431148337058763,-2.802871274922449,0.0995586841279979,1.2335824741686159,14.450067971656322,0.0
241.84092088554627,-0.2965700815612747,-2.6660720333808876,0.06371250578463283,1.2428415373782131,14.532567971656322,1.0
241.98542156526284,-0.25555563448777135,-2.5266540707062886,0.2895685487160234,1.2846843894922173,14.450067971656322,0.0
242.1307472449794,-0.2183133972513317,-2.3870350812952004,0.1750502052458509,1.3101236795540945,14.367567971656323,0.0
242.27524792469598,-0.18712169710752483,-2.246786092763535,0.289494051738826,1.3519557668042568,14.285067971656323,0.0
242.41892360441253,-0.15863279880028278,-2.1068050248696095,0.12572079599445804,1.370018787623268,14.202567971656324,0.0
242.5617742841291,-0.13275859572026957,-1.9671561103950386,0.12302840267712517,1.3875934785701383,14.120067971656324,0.0
242.70379996384565,-0.11128429822436776,-1.8275979271900507,0.2149390615665492,1.4181203448867676,14.037567971656324,0.0
242.84500064356223,-0.09177301173205994,-1.6885848301261328,0.09370460020449832,1.4313514981282116,14.120067971656324,1.0
242.98537632327879,-0.07541449941059543,-1.5483349423292152,0.16620514826504668,1.4546826587883097,14.037567971656324,0.0
243.12657700299536,-0.06058803782635489,-1.4087444430365406,0.07292051996961753,1.464979085773305,14.120067971656324,1.0
243.26695268271192,-0.04710103833508366,-1.2681893549139758,0.07234065294562159,1.4751339541016866,14.202567971656324,1.0
243.4081533624285,-0.03608490375758503,-1.1265915495710883,0.12761979354708797,1.4931539556958229,14.120067971656324,0.0
243.55017904214506,-0.026258527750449505,-0.9857332012668935,0.05628921090889471,1.5011484691358676,14.202567971656324,1.0
243.69137972186164,-0.01840878473077303,-0.8439246146669388,0.10162694908462291,1.515498263424137,14.120067971656324,0.0
243.8334054015782,-0.011511240581361517,-0.7028925054253679,0.045269187304821296,1.5219276505213206,14.202567971656324,1.0
243.97460608129478,-0.005480544083169057,-0.5609949212362828,0.04528229777909408,1.5283215417468565,14.285067971656323,1.0
244.11663176101135,-0.0010450735006088657,-0.41821311813730466,0.08040866265858047,1.5397416367160413,14.367567971656323,1.0
244.2594824407279,0.0026861169346854346,-0.27458589523039184,0.035577263285132416,1.5448238729587775,14.450067971656322,1.0
244.40315812044446,0.0051196313711524815,-0.13010570819411935,0.0635515110381461,1.5539546795041979,14.532567971656322,1.0
244.54765880016103,0.0069744215133191075,0.015208134706719362,0.028223473745402298,1.558032990644371,14.615067971656321,1.0
244.6929844798776,0.007768447416657466,0.1613566574651731,0.05044107084356597,1.5653633735503436,14.697567971656321,1.0
244.83913515959415,0.00808663950168991,0.3083319927495085,0.022360630670921557,1.5686313949217898,14.78006797165632,1.0
244.98611083931073,0.007542239987901975,0.45613166985960063,0.03979077266693204,1.5744796707809594,14.86256797165632,1.0
245.1339115190273,0.0066099853089468166,0.604754425763345,0.017518172740146682,1.5770688686193453,14.94506797165632,1.0
245.28253719874385,0.004986357193452764,0.7541962856938389,0.03089401962485624,1.5816605132852664,15.02756797165632,1.0
245.4319878784604,0.0030520028058621832,0.9044595153522563,0.013437261379033616,1.583668721131892,15.110067971656319,1.0
245.58226355817698,0.000576577859355745,1.0555399167355648,0.02336344850035875,1.5871796792358064,15.192567971656318,1.0
245.73336423789354,-0.002141369289557463,1.2074412824984684,0.009977324514764824,1.58868725975174,15.275067971656318,1.0
245.8852899176101,-0.005268336047735184,1.360159952715195,0.01699216887017212,1.5912688065571996,15.357567971656318,1.0
246.03804059732667,-0.008577903533569672,1.513699967576016,0.007065526904099463,1.5923480705943565,15.440067971656317,1.0
246.19161627704324,-0.01218194589553033,1.668058578529827,0.011671880103165173,1.5941405875147703,15.522567971656317,1.0
246.3460169567598,-0.015916705388055737,1.823239322228915,0.004651872020843088,1.594858839716743,15.605067971656316,1.0
246.50124263647635,-0.01984747267147911,1.9792404879571395,0.007274534364615578,1.5959880342581119,15.687567971656316,1.0
246.65729331619292,-0.023864155876095215,2.136064737174432,0.002661539869731302,1.5964033693638762,15.770067971656315,1.0
246.81416899590948,-0.027992679380156524,2.2937113663066224,0.0036681252369108576,1.596978809003702,15.852567971656315,1.0
246.97186967562604,-0.03216892380093088,2.452182026405381,0.0010452904024433024,1.5971436520106685,15.935067971656315,1.0
247.1303953553426,-0.03638666953478236,2.6114768780078585,0.000782789402858273,1.5972677442328316,16.017567971656316,1.0
247.28974603505918,-0.04060820473003266,2.7715969173947457,-0.0007073002808660508,1.5971550354523119,16.100067971656316,1.0
247.44992171477574,-0.044830466060862245,2.9325422229443316,-0.000815271737850119,1.597024448747548,16.182567971656315,1.0
247.6109223944923,-0.049013409966332466,3.094313832307691,-0.00234028220535337,1.5966476617217575,16.265067971656315,1.0
247.77274807420886,-0.053178927614936394,3.2569111633896592,-0.0014727397218203318,1.5964093346152284,16.347567971656314,1.0
247.93539875392543,-0.05727619211770915,3.4203354892484086,-0.003362624544962812,1.5958624014473586,16.430067971656314,1.0
248.09887443364198,-0.061299884527016436,3.584586891844307,-0.0035101010094951745,1.5952885852989576,16.512567971656313,1.0
248.26317511335856,-0.06529295445511124,3.7496642842831456,-0.0018739823824768724,1.5949806887197397,16.595067971656313,1.0
248.42830079307512,-0.06919938912439327,3.915568979414308,-0.0038907004033678157,1.5943382341710601,16.677567971656313,1.0
248.59425147279168,-0.07302224909033263,4.082300839256998,-0.003722387173704974,1.5937205014894156,16.760067971656312,1.0
248.76102715250823,-0.07681095399748572,4.249858690629533,-0.0018989746031091484,1.5934037987092176,16.84256797165631,1.0
248.9286278322248,-0.08051053013605425,4.418243733683782,-0.0038190496343166796,1.5927637233946348,16.92506797165631,1.0
249.09705351194137,-0.08412770621043625,4.587455756370604,-0.003527143428679107,1.5921696618652017,17.00756797165631,1.0
249.26630419165792,-0.08771176664702748,4.757493667854596,-0.0017633482926010132,1.591871213968102,17.09006797165631,1.0
249.4363798713745,-0.09121176712742875,4.928358504272802,-0.0034909235140724833,1.5912774927786075,17.17256797165631,1.0
249.60728055109107,-0.09463601410120684,5.100050040484633,-0.0031575611090864557,1.590737863438818,17.25506797165631,1.0
249.77900623080762,-0.0979913452323142,5.272568094101199,-0.0028815084109886997,1.590243034448332,17.33756797165631,1.0
249.95155691052418,-0.10132004126625771,5.445911816513907,-0.0014268437858604593,1.5899968315832325,17.42006797165631,1.0
250.12493259024075,-0.10458002414885431,5.620081989980313,-0.0028000576153811474,1.5895113696909202,17.50256797165631,1.0
250.2991332699573,-0.10777924437531622,5.795078428658897,-0.002499695731664013,1.5890759209953798,17.585067971656308,1.0
250.47415894967386,-0.1109559395129884,5.9709004129634184,-0.0012219979972446346,1.5888620399652997,17.667567971656307,1.0
250.65000962939044,-0.11407392174124933,6.147548577375432,-0.002369858885991506,1.5884452986693658,17.750067971656307,1.0
250.826685309107,-0.11714198485243824,6.325022739688113,-0.002056393226227344,1.5880819839983575,17.832567971656307,1.0
251.00418598882356,-0.1201662825906585,6.503322772412633,-0.0018334428705955065,1.5877565466426053,17.915067971656306,1.0
251.18251166854012,-0.12315278504822155,6.682448557396196,-0.0016212428006425455,1.5874674374181952,17.997567971656306,1.0
251.3616623482567,-0.12612777528489907,6.86239964720265,-0.0007837023793240503,1.5873270366042438,18.080067971656305,1.0
251.54163802797325,-0.1290676272861198,7.04317642407452,-0.0014991523882601822,1.587057225634168,18.162567971656305,1.0
251.7224387076898,-0.1319789585622243,7.224778769000747,-0.0012772027137148603,1.5868263065153925,18.245067971656304,1.0
251.90406438740638,-0.13486743541855445,7.4072065827531635,-0.0010888846938751403,1.5866285370927344,18.327567971656304,1.0
252.08651506712295,-0.13773805770573438,7.5904597800056335,-0.0009246580754242714,1.5864598325983679,18.410067971656304,1.0
252.2697907468395,-0.14060704791959724,7.774538103464028,-0.00043139318070576315,1.586380768719949,18.492567971656303,1.0
252.45389142655605,-0.1434619106568491,7.959441745335638,-0.0007926982610107589,1.5862348324312867,18.575067971656303,1.0
252.63881710627263,-0.1463079721951667,8.145170620174435,-0.0006270731735249912,1.5861188704984406,18.657567971656302,1.0
252.8245677859892,-0.14914985638675585,8.331724655123935,-0.00048533131476739903,1.5860287198768348,18.740067971656302,1.0
253.01114346570574,-0.1519916641337773,8.519103786531247,-0.0003616289694707503,1.5859612487060506,18.8225679716563,1.0
253.19854414542232,-0.15483708682672112,8.707307957777424,-0.00025221836715257995,1.5859139828126092,18.9050679716563,1.0
253.38676982513888,-0.1576894772711997,8.896337117882542,-0.00015468855644595457,1.5858848664539278,18.9875679716563,1.0
253.57582050485544,-0.16055265430769938,9.08619120913444,-4.6277134221727514e-05,1.5858761177302478,19.0700679716563,1.0
253.765696184572,-0.16342716938895263,9.276870223206275,-3.044612497301149e-05,1.5858703367515739,19.1525679716563,1.0
253.95639686428856,-0.16631606660425474,9.468374114194868,5.330095272292895e-05,1.5858805012794877,19.2350679716563,1.0
254.14792254400513,-0.16922198450866785,9.660702842232457,0.00012424611450556803,1.5859042976010205,19.3175679716563,1.0
254.34027322372168,-0.17214719885787927,9.853856372759257,0.0001839098337380601,1.5859396727825466,19.4000679716563,1.0
254.53344890343826,-0.17509364540213398,10.047834676142006,0.00023322573170293304,1.5859847263217957,19.482567971656298,1.0
254.72744958315482,-0.17806292815253835,10.242637727547699,0.0002727104883021038,1.586037632341892,19.565067971656298,1.0
254.92227526287138,-0.1810563179015629,10.438265506994698,0.00030260823894996203,1.5860965881977334,19.647567971656297,1.0
255.11792594258793,-0.18407475852322772,10.634717999308487,0.0003233589045173352,1.5861598535871946,19.730067971656297,1.0
255.3144016223045,-0.18711893205215974,10.831995193185893,0.0003369048528104639,1.5862260471971503,19.812567971656296,1.0
255.51170230202106,-0.1901893308312051,11.030097080139267,0.00034529893365831777,1.5862941749114665,19.895067971656296,1.0
255.70982798173762,-0.19328630902486138,11.229023653743074,0.00034999574703704824,1.5863635180567461,19.977567971656295,1.0
255.9087786614542,-0.19641011953742976,11.428774909093562,0.000352029921007188,1.586433554648811,20.060067971656295,1.0
256.10855434117076,-0.19956094066927055,11.629350842417931,0.0003521426539823261,1.5865039041868676,20.142567971656295,1.0
256.3091550208873,-0.2027388948033277,11.830751450800332,0.0003508512455430576,1.586574285185203,20.225067971656294,1.0
256.5105807006039,-0.20594406270266996,12.032976731970983,0.0003485467477184827,1.5866444914507751,20.307567971656294,1.0
256.71283138032044,-0.2091764930610656,12.236026684165811,0.0003454906812158012,1.5867143671758868,20.390067971656293,1.0
